<?xml version="1.0"?>
<antennas>
  <antenna>
   <mno_name>MNO1</mno_name>
    <maxconnections>56</maxconnections>
    <power>10</power>
    <attenuationfactor>3.8</attenuationfactor>
    <type>omnidirectional</type>
    <Smin>-85</Smin>
	  <Qmin>0.3</Qmin>
    <Smid>-76</Smid>
    <SSteep>0.5</SSteep>
    <x>500</x>
    <y>10000</y>
  </antenna>
  <antenna>
    <mno_name>MNO1</mno_name>
    <maxconnections>56</maxconnections>
    <power>10</power>
    <attenuationfactor>3.9</attenuationfactor>
    <type>omnidirectional</type>
    <Smin>-85</Smin>
	  <Qmin>0.3</Qmin>
    <Smid>-78</Smid>
    <SSteep>0.75</SSteep>
    <x>8000</x>
    <y>9750</y>
  </antenna>
  <antenna>
    <mno_name>MNO1</mno_name>
    <maxconnections>56</maxconnections>
    <power>8</power>
    <attenuationfactor>3.9</attenuationfactor>
    <type>omnidirectional</type>
    <Smin>-85</Smin>
	  <Qmin>0.3</Qmin>
    <Smid>-80</Smid>
    <SSteep>0.9</SSteep>
    <x>5750</x>
    <y>7000</y>
  </antenna>
  <antenna>
    <mno_name>MNO1</mno_name>
    <maxconnections>56</maxconnections>
    <power>7</power>
    <attenuationfactor>3.95</attenuationfactor>
    <type>omnidirectional</type>
    <Smin>-85</Smin>
	  <Qmin>0.3</Qmin>
    <Smid>-80</Smid>
    <SSteep>0.9</SSteep>
    <x>9750</x>
    <y>6250</y>
  </antenna>
  <antenna>
    <mno_name>MNO1</mno_name>
    <maxconnections>56</maxconnections>
    <power>9</power>
    <attenuationfactor>4</attenuationfactor>
    <type>omnidirectional</type>
    <Smin>-85</Smin>
	  <Qmin>0.3</Qmin>
    <Smid>-89</Smid>
    <SSteep>1.1</SSteep>
    <x>7250</x>
    <y>5500</y>
  </antenna>
  <antenna>
    <mno_name>MNO1</mno_name>
    <maxconnections>56</maxconnections>
    <power>8</power>
    <attenuationfactor>3.85</attenuationfactor>
    <type>omnidirectional</type>
    <Smin>-85</Smin>
	  <Qmin>0.3</Qmin>
    <Smid>-80</Smid>
    <SSteep>0.9</SSteep>
    <x>4000</x>
    <y>4500</y>
  </antenna>
  <antenna>
    <mno_name>MNO1</mno_name>
    <maxconnections>56</maxconnections>
    <power>10</power>
    <attenuationfactor>3.9</attenuationfactor>
    <type>omnidirectional</type>
    <Smin>-85</Smin>
	  <Qmin>0.3</Qmin>
    <Smid>-83</Smid>
    <SSteep>1.1</SSteep>
    <x>6500</x>
    <y>4000</y>
  </antenna> 
  <antenna>
    <mno_name>MNO1</mno_name>
    <maxconnections>56</maxconnections>
    <power>10</power>
    <attenuationfactor>4.0</attenuationfactor>
    <type>directional</type>
    <Smin>-85</Smin>
	  <Qmin>0.3</Qmin>
	<tilt>15</tilt>
	<azim_dB_back>-30</azim_dB_back>
	<elev_dB_back>-30</elev_dB_back>
	<beam_h>120</beam_h>
	<beam_v>75</beam_v>
	<direction>0</direction>
	<Smid>-83</Smid>
    <SSteep>1</SSteep>
    <x>8000</x>
    <y>4000</y>
	<z>5</z>
  </antenna>
  <antenna>
    <mno_name>MNO1</mno_name>
    <maxconnections>56</maxconnections>
    <power>10</power>
    <attenuationfactor>4.0</attenuationfactor>
    <type>directional</type>
    <Smin>-85</Smin>
	  <Qmin>0.3</Qmin>
	<tilt>15</tilt>
	<azim_dB_back>-30</azim_dB_back>
	<elev_dB_back>-30</elev_dB_back>
	<beam_h>120</beam_h>
	<beam_v>75</beam_v>
	<direction>120</direction>
    <Smid>-83</Smid>
    <SSteep>1</SSteep>
    <x>8000</x>
    <y>4000</y>
	<z>5</z>
  </antenna>
  <antenna>
    <mno_name>MNO1</mno_name>
    <maxconnections>56</maxconnections>
    <power>10</power>
    <attenuationfactor>4.0</attenuationfactor>
    <type>directional</type>
    <Smin>-85</Smin>
	  <Qmin>0.3</Qmin>
	<tilt>15</tilt>
	<azim_dB_back>-30</azim_dB_back>
	<elev_dB_back>-30</elev_dB_back>
	<beam_h>120</beam_h>
	<beam_v>75</beam_v>
	<direction>240</direction>
    <Smid>-83</Smid>
    <SSteep>1</SSteep>
    <x>8000</x>
    <y>4000</y>
	<z>5</z>
  </antenna> 
  
  
  
  
  
  <antenna>
    <mno_name>MNO1</mno_name>
    <maxconnections>56</maxconnections>
    <power>10</power>
    <attenuationfactor>3.9</attenuationfactor>
    <type>omnidirectional</type>
    <Smin>-85</Smin>
	  <Qmin>0.3</Qmin>
    <Smid>-91</Smid>
    <SSteep>3</SSteep>
    <x>8500</x>
    <y>3000</y>
  </antenna>
  <antenna>
    <mno_name>MNO1</mno_name>
    <maxconnections>56</maxconnections>
    <power>10</power>
    <attenuationfactor>3.9</attenuationfactor>
    <type>omnidirectional</type>
    <Smin>-85</Smin>
	  <Qmin>0.3</Qmin>
    <Smid>-78</Smid>
    <SSteep>0.85</SSteep>
    <x>250</x>
    <y>2500</y>
    <rmax>3000</rmax>
  </antenna>
   <antenna>
    <mno_name>MNO1</mno_name>
    <maxconnections>56</maxconnections>
    <power>10</power>
    <attenuationfactor>3.9</attenuationfactor>
    <type>omnidirectional</type>
    <Smin>-85</Smin>
	  <Qmin>0.3</Qmin>
    <Smid>-78</Smid>
    <SSteep>0.85</SSteep>
    <x>0</x>
    <y>3500</y>
    <rmax>3000</rmax>
  </antenna>
  <antenna>
    <mno_name>MNO1</mno_name>
    <maxconnections>56</maxconnections>
    <power>10</power>
    <attenuationfactor>3.85</attenuationfactor>
    <type>omnidirectional</type>
    <Smin>-85</Smin>
	  <Qmin>0.3</Qmin>
    <Smid>-89</Smid>
    <SSteep>2</SSteep>
    <x>8750</x>
    <y>1500</y>
  </antenna>
  <antenna>
    <mno_name>MNO1</mno_name>
    <maxconnections>56</maxconnections>
    <power>5</power>
    <attenuationfactor>4</attenuationfactor>
    <type>omnidirectional</type>
    <Smin>-85</Smin>
	  <Qmin>0.3</Qmin>
    <Smid>-94</Smid>
    <SSteep>1.5</SSteep>
    <x>6750</x>
    <y>1875</y>
  </antenna>
  <antenna>
    <mno_name>MNO1</mno_name>
    <maxconnections>56</maxconnections>
    <power>10</power>
    <attenuationfactor>4.0</attenuationfactor>
    <type>omnidirectional</type>
    <Smin>-85</Smin>
	  <Qmin>0.3</Qmin>
    <Smid>-85</Smid>
    <SSteep>1</SSteep>
    <x>9750</x>
    <y>1750</y>
  </antenna>
  <antenna>
    <mno_name>MNO1</mno_name>
    <maxconnections>56</maxconnections>
    <power>10</power>
    <attenuationfactor>3.9</attenuationfactor>
    <type>omnidirectional</type>
    <Smin>-85</Smin>
	  <Qmin>0.3</Qmin>
    <Smid>-85</Smid>
    <SSteep>1</SSteep>
    <x>5500</x>
    <y>9500</y>
  </antenna>
  <antenna>
    <mno_name>MNO1</mno_name>
    <maxconnections>56</maxconnections>
    <power>10</power>
    <attenuationfactor>3.9</attenuationfactor>
    <type>omnidirectional</type>
    <Smin>-85</Smin>
	  <Qmin>0.3</Qmin>
    <Smid>-85</Smid>
    <SSteep>1</SSteep>
    <x>3250</x>
    <y>9250</y>
  </antenna>
    <antenna>
    <mno_name>MNO1</mno_name>
    <maxconnections>56</maxconnections>
    <power>10</power>
    <attenuationfactor>3.9</attenuationfactor>
    <type>omnidirectional</type>
    <Smin>-85</Smin>
	  <Qmin>0.3</Qmin>
    <Smid>-85</Smid>
    <SSteep>1</SSteep>
    <x>750</x>
    <y>7500</y>
  </antenna>
     <antenna>
    <mno_name>MNO1</mno_name>
    <maxconnections>56</maxconnections>
    <power>10</power>
    <attenuationfactor>3.9</attenuationfactor>
    <type>omnidirectional</type>
    <Smin>-85</Smin>
	  <Qmin>0.3</Qmin>
    <Smid>-85</Smid>
    <SSteep>1</SSteep>
    <x>4250</x>
    <y>8250</y>
  </antenna>
    
  
  
  
  

  <antenna>
    <mno_name>MNO1</mno_name>
    <maxconnections>56</maxconnections>
    <power>10</power>
    <attenuationfactor>4</attenuationfactor>
    <type>omnidirectional</type>
    <Smin>-85</Smin>
	  <Qmin>0.3</Qmin>
    <Smid>-85</Smid>
    <SSteep>1</SSteep>
    <x>650</x>
    <y>6250</y>
  </antenna>
  <antenna>
    <mno_name>MNO1</mno_name>
    <maxconnections>56</maxconnections>
    <power>10</power>
    <attenuationfactor>3.9</attenuationfactor>
    <type>omnidirectional</type>
    <Smin>-85</Smin>
	  <Qmin>0.3</Qmin>
    <Smid>-85</Smid>
    <SSteep>1</SSteep>
    <x>2250</x>
    <y>7750</y>
  </antenna>
  <antenna>
    <mno_name>MNO1</mno_name>
    <maxconnections>56</maxconnections>
    <power>10</power>
    <attenuationfactor>4</attenuationfactor>
    <type>omnidirectional</type>
    <Smin>-85</Smin>
	  <Qmin>0.3</Qmin>
    <Smid>-85</Smid>
    <SSteep>1</SSteep>
    <x>750</x>
    <y>5000</y>
  </antenna>
  <antenna>
    <mno_name>MNO1</mno_name>
    <maxconnections>56</maxconnections>
    <power>10</power>
    <attenuationfactor>3.9</attenuationfactor>
    <type>omnidirectional</type>
    <Smin>-85</Smin>
	  <Qmin>0.3</Qmin>
    <Smid>-85</Smid>
    <SSteep>1</SSteep>
    <x>2500</x>
    <y>5500</y>
  </antenna>
  <antenna>
    <mno_name>MNO1</mno_name>
    <maxconnections>56</maxconnections>
    <power>10</power>
    <attenuationfactor>3.9</attenuationfactor>
    <type>omnidirectional</type>
    <Smin>-85</Smin>
	  <Qmin>0.3</Qmin>
    <Smid>-78</Smid>
    <SSteep>0.85</SSteep>
    <x>1750</x>
    <y>3500</y>
    <rmax>3000</rmax>
  </antenna>
   <antenna>
    <mno_name>MNO1</mno_name>
    <maxconnections>56</maxconnections>
    <power>10</power>
    <attenuationfactor>4</attenuationfactor>
    <type>omnidirectional</type>
    <Smin>-85</Smin>
	  <Qmin>0.3</Qmin>
    <Smid>-78</Smid>
    <SSteep>0.85</SSteep>
    <x>3250</x>
    <y>3750</y>
    <rmax>3000</rmax>
  </antenna>
   <antenna>
    <mno_name>MNO1</mno_name>
    <maxconnections>56</maxconnections>
    <power>10</power>
    <attenuationfactor>3.9</attenuationfactor>
    <type>omnidirectional</type>
    <Smin>-85</Smin>
	  <Qmin>0.3</Qmin>
    <Smid>-78</Smid>
    <SSteep>0.85</SSteep>
    <x>3250</x>
    <y>2400</y>
    <rmax>3000</rmax>
  </antenna>
   <antenna>
    <mno_name>MNO1</mno_name>
    <maxconnections>56</maxconnections>
    <power>10</power>
    <attenuationfactor>4</attenuationfactor>
    <type>omnidirectional</type>
    <Smin>-85</Smin>
	  <Qmin>0.3</Qmin>
    <Smid>-78</Smid>
    <SSteep>0.85</SSteep>
    <x>3750</x>
    <y>6500</y>
    <rmax>3000</rmax>
  </antenna>
     <antenna>
    <mno_name>MNO1</mno_name>
    <maxconnections>56</maxconnections>
    <power>9</power>
    <attenuationfactor>4</attenuationfactor>
    <type>omnidirectional</type>
    <Smin>-85</Smin>
	  <Qmin>0.3</Qmin>
    <Smid>-78</Smid>
    <SSteep>0.85</SSteep>
    <x>5000</x>
    <y>6000</y>
    <rmax>3000</rmax>
  </antenna>
   <antenna>
    <mno_name>MNO1</mno_name>
    <maxconnections>56</maxconnections>
    <power>10</power>
    <attenuationfactor>4</attenuationfactor>
    <type>omnidirectional</type>
    <Smin>-85</Smin>
	  <Qmin>0.3</Qmin>
    <Smid>-78</Smid>
    <SSteep>0.85</SSteep>
    <x>6000</x>
    <y>5250</y>
    <rmax>3000</rmax>
  </antenna>
    
  
  
  
  

   <antenna>
    <mno_name>MNO1</mno_name>
    <maxconnections>56</maxconnections>
    <power>10</power>
    <attenuationfactor>4</attenuationfactor>
    <type>omnidirectional</type>
    <Smin>-85</Smin>
	  <Qmin>0.3</Qmin>
    <Smid>-78</Smid>
    <SSteep>0.85</SSteep>
    <x>6750</x>
    <y>6500</y>
    <rmax>3000</rmax>
  </antenna>
   <antenna>
    <mno_name>MNO1</mno_name>
    <maxconnections>56</maxconnections>
    <power>10</power>
    <attenuationfactor>3.95</attenuationfactor>
    <type>omnidirectional</type>
    <Smin>-85</Smin>
	  <Qmin>0.3</Qmin>
    <Smid>-78</Smid>
    <SSteep>0.85</SSteep>
    <x>6600</x>
    <y>8300</y>
    <rmax>3000</rmax>
  </antenna>
  <antenna>
    <mno_name>MNO1</mno_name>
    <maxconnections>56</maxconnections>
    <power>10</power>
    <attenuationfactor>3.85</attenuationfactor>
    <type>omnidirectional</type>
    <Smin>-85</Smin>
	  <Qmin>0.3</Qmin>
    <Smid>-78</Smid>
    <SSteep>0.85</SSteep>
    <x>1000</x>
    <y>0</y>
    <rmax>3000</rmax>
  </antenna>
  <antenna>
    <mno_name>MNO1</mno_name>
    <maxconnections>56</maxconnections>
    <power>10</power>
    <attenuationfactor>4</attenuationfactor>
    <type>omnidirectional</type>
    <Smin>-85</Smin>
	  <Qmin>0.3</Qmin>
    <Smid>-78</Smid>
    <SSteep>0.85</SSteep>
    <x>9250</x>
    <y>8300</y>
    <rmax>3000</rmax>
  </antenna>
   <antenna>
    <mno_name>MNO1</mno_name>
    <maxconnections>56</maxconnections>
    <power>10</power>
    <attenuationfactor>4</attenuationfactor>
    <type>omnidirectional</type>
    <Smin>-85</Smin>
	  <Qmin>0.3</Qmin>
    <Smid>-78</Smid>
    <SSteep>0.85</SSteep>
    <x>9950</x>
    <y>9750</y>
    <rmax>3000</rmax>
  </antenna>
    <antenna>
    <mno_name>MNO1</mno_name>
    <maxconnections>56</maxconnections>
    <power>10</power>
    <attenuationfactor>4</attenuationfactor>
    <type>omnidirectional</type>
    <Smin>-85</Smin>
	  <Qmin>0.3</Qmin>
    <Smid>-78</Smid>
    <SSteep>0.85</SSteep>
    <x>7700</x>
    <y>7700</y>
    <rmax>3000</rmax>
  </antenna>
  <antenna>
    <mno_name>MNO1</mno_name>
    <maxconnections>56</maxconnections>
    <power>10</power>
    <attenuationfactor>4</attenuationfactor>
    <type>omnidirectional</type>
    <Smin>-85</Smin>
	  <Qmin>0.3</Qmin>
    <Smid>-78</Smid>
    <SSteep>0.85</SSteep>
    <x>1750</x>
    <y>1750</y>
    <rmax>3000</rmax>
  </antenna>
 <antenna>
    <mno_name>MNO1</mno_name>
    <maxconnections>56</maxconnections>
    <power>9.5</power>
    <attenuationfactor>3.9</attenuationfactor>
    <type>omnidirectional</type>
    <Smin>-85</Smin>
	<Qmin>0.3</Qmin>
    <Smid>-79</Smid>
    <SSteep>0.9</SSteep>
    <x>4490</x>
    <y>3225</y>
  </antenna>
    <antenna>
    <mno_name>MNO1</mno_name>
    <maxconnections>56</maxconnections>
    <power>9</power>
    <attenuationfactor>3.9</attenuationfactor>
    <type>omnidirectional</type>
    <Smin>-85</Smin>
	  <Qmin>0.3</Qmin>
    <Smid>-79</Smid>
    <SSteep>0.9</SSteep>
    <x>5750</x>
    <y>1250</y>
  </antenna>
    <antenna>
    <mno_name>MNO1</mno_name>
    <maxconnections>56</maxconnections>
    <power>9</power>
    <attenuationfactor>3.9</attenuationfactor>
    <type>omnidirectional</type>
    <Smin>-85</Smin>
	  <Qmin>0.3</Qmin>
    <Smid>-79</Smid>
    <SSteep>0.9</SSteep>
    <x>5100</x>
    <y>2950</y>
  </antenna>
    
  
  
  
  

  <antenna>
    <mno_name>MNO1</mno_name>
    <maxconnections>56</maxconnections>
    <power>7</power>
    <attenuationfactor>3.9</attenuationfactor>
    <type>omnidirectional</type>
    <Smin>-85</Smin>
	  <Qmin>0.3</Qmin>
    <Smid>-80</Smid>
    <SSteep>0.9</SSteep>
    <x>9500</x>
    <y>7500</y>
  </antenna>
  <antenna>
    <mno_name>MNO1</mno_name>
    <maxconnections>56</maxconnections>
    <power>8</power>
    <attenuationfactor>3.9</attenuationfactor>
    <type>omnidirectional</type>
    <Smin>-85</Smin>
	  <Qmin>0.3</Qmin>
    <Smid>-80</Smid>
    <SSteep>0.9</SSteep>
    <x>8515</x>
    <y>5700</y>
  </antenna>
  <antenna>
    <mno_name>MNO1</mno_name>
    <maxconnections>56</maxconnections>
    <power>10</power>
    <attenuationfactor>3.85</attenuationfactor>
    <type>omnidirectional</type>
    <Smin>-85</Smin>
	  <Qmin>0.3</Qmin>
    <Smid>-80</Smid>
    <SSteep>0.9</SSteep>
    <x>9650</x>
    <y>5000</y>
  </antenna>
  <antenna>
    <mno_name>MNO1</mno_name>
    <maxconnections>56</maxconnections>
    <power>10</power>
    <attenuationfactor>3.9</attenuationfactor>
    <type>omnidirectional</type>
    <Smin>-85</Smin>
	  <Qmin>0.3</Qmin>
    <Smid>-80</Smid>
    <SSteep>0.9</SSteep>
    <x>6750</x>
    <y>3250</y>
  </antenna>
  <antenna>
    <mno_name>MNO1</mno_name>
    <maxconnections>56</maxconnections>
    <power>10</power>
    <attenuationfactor>3.9</attenuationfactor>
    <type>omnidirectional</type>
    <Smin>-85</Smin>
	  <Qmin>0.3</Qmin>
    <Smid>-80</Smid>
    <SSteep>0.9</SSteep>
    <x>5475</x>
    <y>3500</y>
  </antenna>
   <antenna>
    <mno_name>MNO1</mno_name>
    <maxconnections>56</maxconnections>
    <power>10</power>
    <attenuationfactor>4</attenuationfactor>
    <type>omnidirectional</type>
    <Smin>-85</Smin>
	  <Qmin>0.3</Qmin>
    <Smid>-80</Smid>
    <SSteep>0.9</SSteep>
   <x>6250</x>
    <y>2500</y>
  </antenna>
  <antenna>
    <mno_name>MNO1</mno_name>
    <maxconnections>56</maxconnections>
    <power>9</power>
    <attenuationfactor>3.9</attenuationfactor>
    <type>omnidirectional</type>
    <Smin>-85</Smin>
	  <Qmin>0.3</Qmin>
    <Smid>-80</Smid>
    <SSteep>0.9</SSteep>
    <x>8750</x>
    <y>4750</y>
  </antenna>
  <antenna>
    <mno_name>MNO1</mno_name>
    <maxconnections>56</maxconnections>
    <power>8.7</power>
    <attenuationfactor>3.9</attenuationfactor>
    <type>omnidirectional</type>
    <Smin>-85</Smin>
	  <Qmin>0.3</Qmin>
    <Smid>-80</Smid>
    <SSteep>0.9</SSteep>
    <x>4430</x>
    <y>2575</y>
  </antenna>
  <antenna>
    <mno_name>MNO1</mno_name>
    <maxconnections>56</maxconnections>
    <power>10</power>
    <attenuationfactor>4</attenuationfactor>
    <type>omnidirectional</type>
    <Smin>-85</Smin>
	  <Qmin>0.3</Qmin>
    <Smid>-80</Smid>
    <SSteep>0.9</SSteep>
    <x>4750</x>
    <y>750</y>
  </antenna>
  <antenna>
    <mno_name>MNO1</mno_name>
    <maxconnections>56</maxconnections>
    <power>10</power>
    <attenuationfactor>3.9</attenuationfactor>
    <type>omnidirectional</type>
    <Smin>-85</Smin>
	  <Qmin>0.3</Qmin>
    <Smid>-80</Smid>
    <SSteep>0.9</SSteep>
    <x>9250</x>
    <y>1000</y>
  </antenna>
  
    
  
  
  
  

  <antenna>
    <mno_name>MNO1</mno_name>
    <maxconnections>56</maxconnections>
    <power>10</power>
    <attenuationfactor>4</attenuationfactor>
    <type>omnidirectional</type>
    <Smin>-85</Smin>
	  <Qmin>0.3</Qmin>
    <Smid>-80</Smid>
    <SSteep>0.9</SSteep>
    <x>9250</x>
    <y>3000</y>
  </antenna>
  <antenna>
    <mno_name>MNO1</mno_name>
    <maxconnections>56</maxconnections>
    <power>10</power>
    <attenuationfactor>4</attenuationfactor>
    <type>omnidirectional</type>
    <Smin>-85</Smin>
	  <Qmin>0.3</Qmin>
    <Smid>-80</Smid>
    <SSteep>0.9</SSteep>
    <x>7500</x>
    <y>2500</y>
  </antenna>
  <antenna>
    <mno_name>MNO1</mno_name>
    <maxconnections>56</maxconnections>
    <power>10</power>
    <attenuationfactor>3.9</attenuationfactor>
    <type>omnidirectional</type>
    <Smin>-85</Smin>
	  <Qmin>0.3</Qmin>
    <Smid>-80</Smid>
    <SSteep>0.9</SSteep>
    <x>7800</x>
    <y>3200</y>
  </antenna>
  <antenna>
    <mno_name>MNO1</mno_name>
    <maxconnections>56</maxconnections>
    <power>10</power>
    <attenuationfactor>3.9</attenuationfactor>
    <type>omnidirectional</type>
    <Smin>-85</Smin>
	  <Qmin>0.3</Qmin>
    <Smid>-80</Smid>
    <SSteep>0.9</SSteep>
    <x>8950</x>
    <y>3550</y>
  </antenna>
  <antenna>
    <mno_name>MNO1</mno_name>
    <maxconnections>56</maxconnections>
    <power>10</power>
    <attenuationfactor>3.95</attenuationfactor>
    <type>omnidirectional</type>
    <Smin>-85</Smin>
	  <Qmin>0.3</Qmin>
    <Smid>-80</Smid>
    <SSteep>0.9</SSteep>
    <x>9500</x>
    <y>4250</y>
  </antenna>
  <antenna>
    <mno_name>MNO1</mno_name>
    <maxconnections>56</maxconnections>
    <power>8</power>
    <attenuationfactor>4</attenuationfactor>
    <type>omnidirectional</type>
    <Smin>-85</Smin>
	  <Qmin>0.3</Qmin>
    <Smid>-80</Smid>
    <SSteep>0.9</SSteep>
    <x>9250</x>
    <y>2250</y>
  </antenna>
  <antenna>
    <mno_name>MNO1</mno_name>
    <maxconnections>56</maxconnections>
    <power>10</power>
    <attenuationfactor>3.9</attenuationfactor>
    <type>omnidirectional</type>
    <Smin>-85</Smin>
	  <Qmin>0.3</Qmin>
    <Smid>-80</Smid>
    <SSteep>0.9</SSteep>
    <x>9880</x>
    <y>3371</y>
  </antenna>
  <antenna>
    <mno_name>MNO1</mno_name>
    <maxconnections>56</maxconnections>
    <power>10</power>
    <attenuationfactor>3.9</attenuationfactor>
    <type>omnidirectional</type>
    <Smin>-85</Smin>
	  <Qmin>0.3</Qmin>
    <Smid>-80</Smid>
    <SSteep>0.9</SSteep>
    <x>8000</x>
    <y>7000</y>
  </antenna>
  <antenna>
    <mno_name>MNO1</mno_name>
    <maxconnections>56</maxconnections>
    <power>10</power>
    <attenuationfactor>4</attenuationfactor>
    <type>omnidirectional</type>
    <Smin>-85</Smin>
	  <Qmin>0.3</Qmin>
    <Smid>-80</Smid>
    <SSteep>0.9</SSteep>
    <x>8000</x>
    <y>6250</y>
  </antenna>
  <antenna>
    <mno_name>MNO1</mno_name>
    <maxconnections>56</maxconnections>
    <power>8</power>
    <attenuationfactor>4</attenuationfactor>
    <type>omnidirectional</type>
    <Smin>-85</Smin>
	  <Qmin>0.3</Qmin>
    <Smid>-80</Smid>
    <SSteep>0.9</SSteep>
    <x>5750</x>
    <y>4500</y>
  </antenna>
     
  
  
  
  

 
  <antenna>
    <mno_name>MNO1</mno_name>
    <maxconnections>56</maxconnections>
    <power>10</power>
    <attenuationfactor>3.9</attenuationfactor>
    <type>omnidirectional</type>
    <Smin>-85</Smin>
	  <Qmin>0.3</Qmin>
    <Smid>-80</Smid>
    <SSteep>0.9</SSteep>
    <x>8500</x>
    <y>2250</y>
  </antenna>
  <antenna>
    <mno_name>MNO1</mno_name>
    <maxconnections>56</maxconnections>
    <power>10</power>
    <attenuationfactor>3.9</attenuationfactor>
    <type>omnidirectional</type>
    <Smin>-85</Smin>
	  <Qmin>0.3</Qmin>
    <Smid>-80</Smid>
    <SSteep>0.9</SSteep>
    <x>8030</x>
    <y>2650</y>
  </antenna>
  <antenna>
    <mno_name>MNO1</mno_name>
    <maxconnections>56</maxconnections>
    <power>10</power>
    <attenuationfactor>3.9</attenuationfactor>
    <type>omnidirectional</type>
    <Smin>-85</Smin>
	  <Qmin>0.3</Qmin>
    <Smid>-80</Smid>
    <SSteep>0.9</SSteep>
    <x>4750</x>
    <y>2000</y>
  </antenna>
  <antenna>
    <mno_name>MNO1</mno_name>
    <maxconnections>56</maxconnections>
    <power>10</power>
    <attenuationfactor>4</attenuationfactor>
    <type>omnidirectional</type>
    <Smin>-85</Smin>
	  <Qmin>0.3</Qmin>
    <Smid>-80</Smid>
    <SSteep>0.9</SSteep>
    <x>7750</x>
    <y>4750</y>
  </antenna>
  <antenna>
    <mno_name>MNO1</mno_name>
    <maxconnections>56</maxconnections>
    <power>10</power>
    <attenuationfactor>4</attenuationfactor>
    <type>omnidirectional</type>
    <Smin>-85</Smin>
	  <Qmin>0.3</Qmin>
    <Smid>-80</Smid>
    <SSteep>0.9</SSteep>
    <x>7000</x>
    <y>4500</y>
  </antenna>
  <antenna>
    <mno_name>MNO1</mno_name>
    <maxconnections>56</maxconnections>
    <power>10</power>
    <attenuationfactor>3.9</attenuationfactor>
    <type>omnidirectional</type>
    <Smin>-85</Smin>
	  <Qmin>0.3</Qmin>
    <Smid>-80</Smid>
    <SSteep>0.9</SSteep>
    <x>5100</x>
    <y>4000</y>
  </antenna>
 <antenna>
    <mno_name>MNO1</mno_name>
    <maxconnections>56</maxconnections>
    <power>10</power>
    <attenuationfactor>3.9</attenuationfactor>
    <type>omnidirectional</type>
    <Smin>-85</Smin>
	  <Qmin>0.3</Qmin>
    <Smid>-80</Smid>
    <SSteep>0.9</SSteep>
    <x>9250</x>
    <y>5500</y>
  </antenna>
  <antenna>
    <mno_name>MNO1</mno_name>
    <maxconnections>56</maxconnections>
    <power>10</power>
    <attenuationfactor>3.95</attenuationfactor>
    <type>omnidirectional</type>
    <Smin>-85</Smin>
	  <Qmin>0.3</Qmin>
    <Smid>-80</Smid>
    <SSteep>0.9</SSteep>
    <x>8250</x>
    <y>5250</y>
  </antenna>
  <antenna>
    <mno_name>MNO1</mno_name>
    <maxconnections>56</maxconnections>
    <power>8</power>
    <attenuationfactor>4</attenuationfactor>
    <type>omnidirectional</type>
    <Smin>-85</Smin>
	  <Qmin>0.3</Qmin>
    <Smid>-80</Smid>
    <SSteep>0.9</SSteep>
    <x>4750</x>
    <y>5250</y>
  </antenna>  
  <antenna>
    <mno_name>MNO1</mno_name>
    <maxconnections>56</maxconnections>
    <power>10</power>
    <attenuationfactor>4</attenuationfactor>
    <type>omnidirectional</type>
    <Smin>-85</Smin>
	  <Qmin>0.3</Qmin>
    <Smid>-80</Smid>
    <SSteep>0.9</SSteep>
    <x>8700</x>
    <y>6500</y>
  </antenna>
  
  
 
  
  
  
  
</antennas>
