618,0,147,48_1,1.1217588084443e-10
618,0,148,48_1,8.87471923650263e-13
618,0,149,48_1,2.16063624456836e-09
618,0,150,48_1,1.43338313534695e-15
618,0,126,48_1,1.26872479319756e-08
618,0,127,48_1,2.0370773738307e-09
618,0,128,48_1,3.08194768900878e-05
618,0,129,48_1,5.95600629645594e-09
618,0,130,48_1,3.59812836859671e-06
618,0,106,48_1,8.99918250326193e-13
618,0,107,48_1,0.00255795322728002
618,0,108,48_1,9.18356297502045e-07
618,0,109,48_1,0.0141202048227077
618,0,110,48_1,1.35392840234952e-11
618,0,111,48_1,2.3962454647394e-10
618,0,86,48_1,2.26942997987031e-07
618,0,87,48_1,6.05163366438195e-09
618,0,88,48_1,0.98188716795095
618,0,89,48_1,1.6403443664402e-08
618,0,90,48_1,1.34744820587693e-05
618,0,91,48_1,1.7868869420813e-17
618,0,66,48_1,6.69951622667698e-16
618,0,67,48_1,0.000307841054326179
618,0,68,48_1,1.28153917173681e-10
618,0,69,48_1,0.00107773055016786
618,0,70,48_1,6.47165850681225e-13
618,0,48,48_1,1.92159815710249e-08
618,0,49,48_1,6.83426345421061e-16
618,10,128,48_0,1.09737871452118e-07
618,10,129,48_0,7.82140251342206e-12
618,10,107,48_0,0.000159831621889553
618,10,108,48_0,9.47068285594225e-07
618,10,109,48_0,0.00926632344552474
618,10,87,48_0,8.36823565724462e-11
618,10,88,48_0,0.990572787119069
618,10,89,48_0,9.15857694878733e-10
618,20,128,48_0,1.17322732505754e-09
618,20,129,48_0,4.38179687214786e-14
618,20,107,48_0,1.15943408087718e-05
618,20,108,48_0,9.47778893243246e-07
618,20,109,48_0,0.00607007174589206
618,20,87,48_0,1.52757935933122e-12
618,20,88,48_0,0.993917384906891
618,20,89,48_0,5.27183522637238e-11
618,30,128,48_0,5.01018262741927e-10
618,30,129,48_0,3.37004858700509e-14
618,30,107,48_0,2.4853452225319e-06
618,30,108,48_0,9.47536648992781e-07
618,30,109,48_0,0.00398963611627239
618,30,87,48_0,4.04422121840423e-13
618,30,88,48_0,0.996006930495816
618,30,89,48_0,4.58533559439582e-12
618,40,128,48_0,3.27551111347051e-10
618,40,129,48_0,3.36812507103791e-14
618,40,107,48_0,1.92854429674297e-06
618,40,108,48_0,9.4713237635531e-07
618,40,109,48_0,0.00263532785185703
618,40,87,48_0,4.00554190645458e-13
618,40,88,48_0,0.997361796141552
618,40,89,48_0,1.93427186759537e-12
618,50,128,48_0,2.16678269001542e-10
618,50,129,48_0,3.36712161008276e-14
618,50,107,48_0,1.89634856616865e-06
618,50,108,48_0,9.46559653237661e-07
618,50,109,48_0,0.00175339134963035
618,50,87,48_0,4.16960366412366e-13
618,50,88,48_0,0.998243765523166
618,50,89,48_0,1.85658969471536e-12
618,60,128,48_0,1.44514510192233e-10
618,60,129,48_0,3.36564242319953e-14
618,60,107,48_0,1.89627291346786e-06
618,60,108,48_0,9.45752953286057e-07
618,60,109,48_0,0.00117857881062719
618,60,87,48_0,4.40567771285053e-13
618,60,88,48_0,0.998818579016564
618,60,89,48_0,1.95435396274456e-12
618,70,128,48_0,9.76189902493446e-11
618,70,129,48_0,3.3634216535535e-14
618,70,107,48_0,1.90699504844005e-06
618,70,108,48_0,9.44616977650814e-07
618,70,109,48_0,0.000803188040952871
618,70,87,48_0,4.88356776560144e-13
618,70,88,48_0,0.999193960246771
618,70,89,48_0,2.11015846490426e-12
618,80,128,48_0,6.94624399362827e-11
618,80,129,48_0,3.35977933185443e-14
618,80,107,48_0,2.06901317014038e-06
618,80,108,48_0,9.43016263390816e-07
618,80,109,48_0,0.000556882374658562
618,80,87,48_0,1.62749744899363e-12
618,80,88,48_0,0.99944010552234
618,80,89,48_0,2.44586852918262e-12
618,90,128,48_0,8.1754671418538e-11
618,90,129,48_0,3.3477169217811e-14
618,90,107,48_0,4.69621728209458e-06
618,90,108,48_0,9.40680497372432e-07
618,90,109,48_0,0.000393511964180197
618,90,87,48_0,8.22710789373691e-11
618,90,88,48_0,0.999600850968956
618,90,89,48_0,5.02664038256445e-12
618,100,128,48_0,4.71800560654961e-10
618,100,129,48_0,1.05368585762369e-13
618,100,107,48_0,4.74414687434682e-05
618,100,108,48_0,9.31501281059189e-07
618,100,109,48_0,0.000282469513097759
618,100,87,48_0,6.0246187605477e-09
618,100,88,48_0,0.999669150973227
618,100,89,48_0,4.71267275792635e-11
618,110,147,48_1,1.08972442515274e-15
618,110,148,48_1,1.58474331893251e-13
618,110,149,48_1,4.56139570606525e-15
618,110,150,48_1,7.37430163533384e-20
618,110,126,48_1,2.13235038573913e-11
618,110,127,48_1,1.09453919981577e-07
618,110,128,48_1,5.72671568895855e-09
618,110,129,48_1,6.55395390666166e-11
618,110,130,48_1,1.43641807262203e-10
618,110,106,48_1,1.3167943186311e-13
618,110,107,48_1,0.000742985086337463
618,110,108,48_1,3.78001200754165e-07
618,110,109,48_1,0.000202984319061922
618,110,110,48_1,5.82708629890412e-15
618,110,111,48_1,1.20917542716574e-15
618,110,86,48_1,3.0804468658798e-12
618,110,87,48_1,4.442082011677e-07
618,110,88,48_1,0.99899730826315
618,110,89,48_1,7.76724195651723e-10
618,110,90,48_1,1.2722739840046e-08
618,110,91,48_1,4.67620344982856e-22
618,110,66,48_1,6.85516966806351e-16
618,110,67,48_1,5.43303325023307e-05
618,110,68,48_1,2.08536965836057e-11
618,110,69,48_1,1.44084006839461e-06
618,110,70,48_1,3.67852357890882e-15
618,110,48,48_1,1.46328775656665e-11
618,110,49,48_1,5.72189656258581e-20
618,120,147,48_1,1.07019885354218e-15
618,120,148,48_1,3.89864678902113e-13
618,120,149,48_1,3.14717399166299e-15
618,120,150,48_1,2.68357295168942e-19
618,120,126,48_1,7.05136679202031e-11
618,120,127,48_1,1.20059006089118e-07
618,120,128,48_1,3.74797550990589e-09
618,120,129,48_1,9.65821139149756e-11
618,120,130,48_1,1.11967719112119e-10
618,120,106,48_1,4.98044561788067e-13
618,120,107,48_1,0.0010307759364942
618,120,108,48_1,3.36695386346383e-07
618,120,109,48_1,0.000159176484698513
618,120,110,48_1,1.84667124979275e-14
618,120,111,48_1,2.39063916960092e-15
618,120,86,48_1,8.94051234598234e-12
618,120,87,48_1,4.74187664209639e-07
618,120,88,48_1,0.998727266542974
618,120,89,48_1,1.00358931618053e-09
618,120,90,48_1,1.63935124865181e-08
618,120,91,48_1,1.16878032706264e-20
618,120,66,48_1,2.67034886205701e-15
618,120,67,48_1,8.03154996459357e-05
618,120,68,48_1,4.90773631025905e-11
618,120,69,48_1,1.51307994533577e-06
618,120,70,48_1,1.25610175894507e-14
618,120,48,48_1,3.10993866286836e-11
618,120,49,48_1,1.09022747299892e-18
618,130,147,48_1,8.63651495586612e-16
618,130,148,48_1,3.89863378936195e-13
618,130,149,48_1,2.37359112459675e-15
618,130,150,48_1,2.68350000407057e-19
618,130,126,48_1,7.05149422725487e-11
618,130,127,48_1,1.20058401274739e-07
618,130,128,48_1,3.0463647975376e-09
618,130,129,48_1,9.65773050604788e-11
618,130,130,48_1,9.34442085259346e-11
618,130,106,48_1,4.97924793254249e-13
618,130,107,48_1,0.00103078686875407
618,130,108,48_1,3.36662762686818e-07
618,130,109,48_1,0.000137144536496413
618,130,110,48_1,1.84341943488414e-14
618,130,111,48_1,2.11101918432755e-15
618,130,86,48_1,8.94070531696631e-12
618,130,87,48_1,4.74149427419255e-07
618,130,88,48_1,0.998749287870913
618,130,89,48_1,1.00198194215283e-09
618,130,90,48_1,1.47094680422012e-08
618,130,91,48_1,1.16497875603921e-20
618,130,66,48_1,2.67006164865646e-15
618,130,67,48_1,8.03175973794413e-05
618,130,68,48_1,4.92581381778698e-11
618,130,69,48_1,1.51314728954615e-06
618,130,70,48_1,1.25508433221216e-14
618,130,48,48_1,3.11003222626702e-11
618,130,49,48_1,1.10305364932066e-18
618,140,147,48_1,5.00442520779075e-16
618,140,148,48_1,1.5847234079123e-13
618,140,149,48_1,2.13340409432214e-15
618,140,150,48_1,7.37261640933192e-20
618,140,126,48_1,2.1325053793917e-11
618,140,127,48_1,1.09451815788772e-07
618,140,128,48_1,2.94515560794863e-09
618,140,129,48_1,6.55103498468703e-11
618,140,130,48_1,8.48819033992318e-11
618,140,106,48_1,1.31588549554594e-13
618,140,107,48_1,0.000743012961256813
618,140,108,48_1,3.77559306635389e-07
618,140,109,48_1,0.000129908437401019
618,140,110,48_1,5.76974493738134e-15
618,140,111,48_1,8.17096050170447e-16
618,140,86,48_1,3.08066589190516e-12
618,140,87,48_1,4.44101848377134e-07
618,140,88,48_1,0.999070358610498
618,140,89,48_1,7.69731882878221e-10
618,140,90,48_1,9.19461694982241e-09
618,140,91,48_1,4.60305830942165e-22
618,140,66,48_1,6.85384413983969e-16
618,140,67,48_1,5.43346950546003e-05
618,140,68,48_1,2.13500527572516e-11
618,140,69,48_1,1.44106222897754e-06
618,140,70,48_1,3.66272706725716e-15
618,140,48,48_1,1.46342886394853e-11
618,140,49,48_1,7.66371767657782e-20
618,150,128,48_0,1.86241848819021e-10
618,150,129,48_0,1.05003341639616e-13
618,150,107,48_0,4.74475691685603e-05
618,150,108,48_0,9.25845611618426e-07
618,150,109,48_0,0.00013518395187312
618,150,87,48_0,6.02310878551047e-09
618,150,88,48_0,0.999816436378535
618,150,89,48_0,4.53567391655067e-11
618,160,128,48_0,2.51486828163317e-11
618,160,129,48_0,3.30457892656598e-14
618,160,107,48_0,4.69759914208066e-06
618,160,108,48_0,9.31826467435971e-07
618,160,109,48_0,0.000138594386929967
618,160,87,48_0,8.20272375591257e-11
618,160,88,48_0,0.999855776076292
618,160,89,48_0,3.96098915009962e-12
618,170,128,48_0,1.55264517215399e-11
618,170,129,48_0,3.31116223291687e-14
618,170,107,48_0,2.07014690725114e-06
618,170,108,48_0,9.31908218989798e-07
618,170,109,48_0,0.000140762295087747
618,170,87,48_0,1.4610582022357e-12
618,170,88,48_0,0.999856235631075
618,170,89,48_0,1.69182081894435e-12
618,180,128,48_0,1.50858788020586e-11
618,180,129,48_0,3.31138779731679e-14
618,180,107,48_0,1.90865860653583e-06
618,180,108,48_0,9.31907829940546e-07
618,180,109,48_0,0.000142092361826395
618,180,87,48_0,3.68526057790076e-13
618,180,88,48_0,0.999855067054683
618,180,89,48_0,1.56742927721361e-12
618,190,128,48_0,1.51416665396368e-11
618,190,129,48_0,3.31138740729599e-14
618,190,107,48_0,1.89873177798513e-06
618,190,108,48_0,9.31905513393731e-07
618,190,109,48_0,0.000142833707711031
618,190,87,48_0,3.53776572110986e-13
618,190,88,48_0,0.99985433563791
618,190,89,48_0,1.56089244731248e-12
618,200,128,48_0,1.517598490503e-11
618,200,129,48_0,3.31138189834303e-14
618,200,107,48_0,1.89812129040493e-06
618,200,108,48_0,9.31902166588906e-07
618,200,109,48_0,0.000143125232447656
618,200,87,48_0,3.53672725876002e-13
618,200,88,48_0,0.999854044726973
618,200,89,48_0,1.56095703846113e-12
618,210,128,48_0,1.51628412780846e-11
618,210,129,48_0,3.31137386661435e-14
618,210,107,48_0,1.89808790209537e-06
618,210,108,48_0,9.3189741383092e-07
618,210,109,48_0,0.000143021558455308
618,210,87,48_0,3.53807892814086e-13
618,210,88,48_0,0.999854148439119
618,210,89,48_0,1.56156199139363e-12
618,220,128,48_0,1.50979868108639e-11
618,220,129,48_0,3.31136223169946e-14
618,220,107,48_0,1.89814943437971e-06
618,220,108,48_0,9.3189069316459e-07
618,220,109,48_0,0.000142503260394568
618,220,87,48_0,3.5400291541198e-13
618,220,88,48_0,0.999854666682432
618,220,89,48_0,1.56244580440054e-12
618,230,128,48_0,1.49724753922751e-11
618,230,129,48_0,3.31134521660453e-14
618,230,107,48_0,1.89916950612801e-06
618,230,108,48_0,9.3188120939057e-07
618,230,109,48_0,0.000141473225178475
618,230,87,48_0,3.54282753148993e-13
618,230,88,48_0,0.999855695707184
618,230,89,48_0,1.5637014142849e-12
618,240,128,48_0,1.48169698006316e-11
618,240,129,48_0,3.31131986322222e-14
618,240,107,48_0,1.9157314928981e-06
618,240,108,48_0,9.31867840247334e-07
618,240,109,48_0,0.000139738456463144
618,240,87,48_0,3.55013374279798e-13
618,240,88,48_0,0.999857413927434
618,240,89,48_0,1.56560008781502e-12
618,250,128,48_0,1.54844531868426e-11
618,250,129,48_0,3.31127583654816e-14
618,250,107,48_0,2.18514058203599e-06
618,250,108,48_0,9.31848977539228e-07
618,250,109,48_0,0.000136973921471142
618,250,87,48_0,3.80825021718396e-13
618,250,88,48_0,0.999859909071502
618,250,89,48_0,1.57062419082412e-12
618,260,128,48_0,3.14573406942764e-11
618,260,129,48_0,3.31081104576559e-14
618,260,107,48_0,6.56846899417258e-06
618,260,108,48_0,9.31820522015711e-07
618,260,109,48_0,0.000132661786644297
618,260,87,48_0,2.2446948795964e-12
618,260,88,48_0,0.999859837888485
618,260,89,48_0,1.62051013698704e-12
618,270,128,48_0,2.99339514193991e-10
618,270,129,48_0,3.28389790966614e-14
618,270,107,48_0,7.78874053326018e-05
618,270,108,48_0,9.31644433636884e-07
618,270,109,48_0,0.000125996617844649
618,270,87,48_0,1.39640854248465e-10
618,270,88,48_0,0.999795183890905
618,270,89,48_0,2.4721344037652e-12
618,280,128,48_0,4.65863566824597e-09
618,280,129,48_0,3.53087815608648e-14
618,280,107,48_0,0.00123828436947403
618,280,108,48_0,9.2143239262483e-07
618,280,109,48_0,0.000115770708158722
618,280,87,48_0,1.02720292374398e-08
618,280,88,48_0,0.998645008541233
618,280,89,48_0,1.80416565086669e-11
618,290,147,48_1,1.33332718614048e-14
618,290,148,48_1,4.12664718479168e-14
618,290,149,48_1,4.74073975923778e-14
618,290,150,48_1,1.9285564418375e-20
618,290,126,48_1,6.10197011785816e-10
618,290,127,48_1,2.8508677887021e-08
618,290,128,48_1,7.21041735956078e-08
618,290,129,48_1,1.75778932061104e-11
618,290,130,48_1,5.95420280471096e-11
618,290,106,48_1,1.7444682106688e-13
618,290,107,48_1,0.0201185630541642
618,290,108,48_1,1.45140782936602e-07
618,290,109,48_1,0.000100738242730279
618,290,110,48_1,1.73557140072284e-15
618,290,111,48_1,4.28682939003645e-16
618,290,86,48_1,7.69061356734656e-11
618,290,87,48_1,7.57436001756611e-07
618,290,88,48_1,0.979725608859606
618,290,89,48_1,2.44273871215119e-10
618,290,90,48_1,5.27811427271311e-09
618,290,91,48_1,1.40292935747556e-22
618,290,66,48_1,1.16904209175491e-15
618,290,67,48_1,5.26781429035164e-05
618,290,68,48_1,3.70882635085631e-11
618,290,69,48_1,1.40217282937116e-06
618,290,70,48_1,1.14411869120941e-15
618,290,48,48_1,1.41503425663067e-11
618,290,49,48_1,1.03319355777003e-19
618,300,147,48_1,2.32095033733769e-14
618,300,148,48_1,1.01500955279526e-13
618,300,149,48_1,4.32710346378046e-14
618,300,150,48_1,6.98882072015131e-20
618,300,126,48_1,2.30915931781268e-09
618,300,127,48_1,3.1262774642805e-08
618,300,128,48_1,6.89780649319543e-08
618,300,129,48_1,2.52197470424284e-11
618,300,130,48_1,5.40489309422186e-11
618,300,106,48_1,6.09758179849733e-13
618,300,107,48_1,0.030046063743743
618,300,108,48_1,9.08646203842618e-08
618,300,109,48_1,9.1886380416744e-05
618,300,110,48_1,5.51588769059914e-15
618,300,111,48_1,9.38559363424535e-16
618,300,86,48_1,2.33951751247621e-10
618,300,87,48_1,8.08816000747398e-07
618,300,88,48_1,0.969782006315958
618,300,89,48_1,3.06231296875669e-10
618,300,90,48_1,7.3070582333249e-09
618,300,91,48_1,3.64618702660828e-21
618,300,66,48_1,4.56723333925959e-15
618,300,67,48_1,7.75701730361143e-05
618,300,68,48_1,8.95336113382204e-11
618,300,69,48_1,1.46310939999957e-06
618,300,70,48_1,3.95466254209425e-15
618,300,48,48_1,2.99897581039617e-11
618,300,49,48_1,2.05513163869762e-18
618,310,147,48_1,2.70391799012536e-14
618,310,148,48_1,1.01487537356865e-13
618,310,149,48_1,3.78346583792589e-14
618,310,150,48_1,6.98536280178969e-20
618,310,126,48_1,3.18944057655743e-09
618,310,127,48_1,3.12569902005411e-08
618,310,128,48_1,6.75295568640284e-08
618,310,129,48_1,2.51475480258808e-11
618,310,130,48_1,4.93833130818682e-11
618,310,106,48_1,5.81291977341752e-13
618,310,107,48_1,0.0351605033541646
618,310,108,48_1,8.78564318398763e-08
618,310,109,48_1,8.61990217400576e-05
618,310,110,48_1,5.67304685173147e-15
618,310,111,48_1,8.68827070952242e-16
618,310,86,48_1,2.83032535774375e-10
618,310,87,48_1,8.11818229378711e-07
618,310,88,48_1,0.96467342777749
618,310,89,48_1,3.08686822522898e-10
618,310,90,48_1,6.88351471855857e-09
618,310,91,48_1,4.06373385106263e-21
618,310,66,48_1,4.76630100827612e-15
618,310,67,48_1,7.74022788741265e-05
618,310,68,48_1,9.66578400332039e-11
618,310,69,48_1,1.45823995483776e-06
618,310,70,48_1,4.21412837878717e-15
618,310,48,48_1,2.99424754838869e-11
618,310,49,48_1,2.53994189678837e-18
618,320,147,48_1,2.8758133842639e-14
618,320,148,48_1,4.12484609824237e-14
618,320,149,48_1,3.53099728761285e-14
618,320,150,48_1,1.91894932743793e-20
618,320,126,48_1,3.5952965496594e-09
618,320,127,48_1,2.84921545403353e-08
618,320,128,48_1,6.74060806928122e-08
618,320,129,48_1,1.70525292168977e-11
618,320,130,48_1,4.4703631290842e-11
618,320,106,48_1,4.36902919101704e-13
618,320,107,48_1,0.0375945015769759
618,320,108,48_1,9.82938796308269e-08
618,320,109,48_1,8.18020753807684e-05
618,320,110,48_1,2.20704413308431e-15
618,320,111,48_1,3.3085601362483e-16
618,320,86,48_1,2.91075635718587e-10
618,320,87,48_1,8.04244285330172e-07
618,320,88,48_1,0.962269005787241
618,320,89,48_1,2.50171172992704e-10
618,320,90,48_1,4.388768409273e-09
618,320,91,48_1,6.53517364151802e-22
618,320,66,48_1,4.26283716247206e-15
618,320,67,48_1,5.22970872269699e-05
618,320,68,48_1,6.41375207999595e-11
618,320,69,48_1,1.38637094457018e-06
618,320,70,48_1,1.76709729604578e-15
618,320,48,48_1,1.40750284963458e-11
618,320,49,48_1,7.52038733079201e-19
618,330,128,48_0,6.90984010234092e-08
618,330,129,48_0,2.70586545244153e-14
618,330,107,48_0,0.0383629323567948
618,330,108,48_0,2.40998528851175e-07
618,330,109,48_0,7.72761079339332e-05
618,330,87,48_0,6.90302770860201e-07
618,330,88,48_0,0.961558791070298
618,330,89,48_0,6.52461765275737e-11
618,340,128,48_0,1.46205605012957e-07
618,340,129,48_0,2.89715097826609e-15
618,340,107,48_0,0.0617271793891027
618,340,108,48_0,2.39587708869091e-07
618,340,109,48_0,6.03882379641507e-05
618,340,87,48_0,6.91703930757767e-07
618,340,88,48_0,0.938211354789514
618,340,89,48_0,8.61725358860038e-11
618,350,147,48_1,2.71331110695553e-13
618,350,148,48_1,9.01683762320077e-15
618,350,149,48_1,8.83806401539953e-13
618,350,150,48_1,3.70513187127108e-23
618,350,126,48_1,1.61062098719794e-08
618,350,127,48_1,6.26006209238132e-09
618,350,128,48_1,1.39516322917841e-06
618,350,129,48_1,1.95852498757022e-13
618,350,130,48_1,2.12716210608165e-11
618,350,106,48_1,3.57766439104418e-13
618,350,107,48_1,0.442540934148089
618,350,108,48_1,1.66671054195708e-08
618,350,109,48_1,4.05067729905094e-05
618,350,110,48_1,2.78588453516623e-16
618,350,111,48_1,1.87632656510464e-14
618,350,86,48_1,1.81083375164105e-09
618,350,87,48_1,9.06944309643757e-07
618,350,88,48_1,0.557362142350847
618,350,89,48_1,1.32271756912301e-10
618,350,90,48_1,1.75948939308054e-07
618,350,91,48_1,2.20127202916704e-23
618,350,66,48_1,4.41169534953911e-15
618,350,67,48_1,5.33133667872865e-05
618,350,68,48_1,1.95273409979311e-09
618,350,69,48_1,5.82336981168139e-07
618,350,70,48_1,3.32810827492348e-16
618,350,48,48_1,1.5597554283544e-11
618,350,49,48_1,3.0229984684065e-17
618,360,147,48_1,4.85211776496601e-13
618,360,148,48_1,2.19194751707676e-14
618,360,149,48_1,8.54689241905233e-13
618,360,150,48_1,1.60426088641795e-23
618,360,126,48_1,5.0655469362017e-08
618,360,127,48_1,6.87075840306846e-09
618,360,128,48_1,1.40858218693096e-06
618,360,129,48_1,3.13307717213608e-14
618,360,130,48_1,2.13383916118429e-11
618,360,106,48_1,4.90738650722742e-13
618,360,107,48_1,0.644331204678274
618,360,108,48_1,1.16737932655009e-09
618,360,109,48_1,3.44305024411867e-05
618,360,110,48_1,1.72005285686246e-16
618,360,111,48_1,7.57942224122979e-14
618,360,86,48_1,4.97960730170793e-09
618,360,87,48_1,9.20059124870643e-07
618,360,88,48_1,0.355527513024794
618,360,89,48_1,3.4952355742725e-11
618,360,90,48_1,4.20629806045895e-07
618,360,91,48_1,6.2620302541605e-23
618,360,66,48_1,5.3866979117425e-15
618,360,67,48_1,0.000103612949583575
618,360,68,48_1,4.31859226822358e-09
618,360,69,48_1,4.21476204394454e-07
618,360,70,48_1,2.33202172115371e-16
618,360,48,48_1,4.75227052029463e-11
618,360,49,48_1,1.61454444444194e-16
618,370,147,48_1,5.75453901295842e-13
618,370,148,48_1,2.24040893447842e-14
618,370,149,48_1,7.74730610852653e-13
618,370,150,48_1,2.45970371239398e-24
618,370,126,48_1,6.90581452586038e-08
618,370,127,48_1,6.93022139079643e-09
618,370,128,48_1,1.41069512509213e-06
618,370,129,48_1,3.84588219623656e-15
618,370,130,48_1,2.59365709738921e-11
618,370,106,48_1,4.91259417088058e-13
618,370,107,48_1,0.751245002496715
618,370,108,48_1,8.45360968862061e-11
618,370,109,48_1,3.71492998312749e-05
618,370,110,48_1,4.60335057296947e-17
618,370,111,48_1,1.54523269560326e-13
618,370,86,48_1,6.01186692789149e-09
618,370,87,48_1,9.19079502313954e-07
618,370,88,48_1,0.248549266049545
618,370,89,48_1,7.77889637954831e-12
618,370,90,48_1,7.63449110245229e-07
618,370,91,48_1,2.60961250792264e-23
618,370,66,48_1,5.44271966291286e-15
618,370,67,48_1,0.000165075700411594
618,370,68,48_1,6.77260811463065e-09
618,370,69,48_1,3.24251844022428e-07
618,370,70,48_1,7.1437533157761e-17
618,370,48,48_1,8.47953019389751e-11
618,370,49,48_1,3.0706076273632e-16
618,380,147,48_1,6.25209377067042e-13
618,380,148,48_1,2.21481706395891e-14
618,380,149,48_1,7.39986077469736e-13
618,380,150,48_1,3.63678568791698e-25
618,380,126,48_1,7.88040029009731e-08
618,380,127,48_1,6.93735685502111e-09
618,380,128,48_1,1.42142247828735e-06
618,380,129,48_1,4.51624477359631e-16
618,380,130,48_1,3.64859316718742e-11
618,380,106,48_1,4.9056700784905e-13
618,380,107,48_1,0.807863717331428
618,380,108,48_1,8.36849170139348e-12
618,380,109,48_1,4.83136235235988e-05
618,380,110,48_1,1.11116643100039e-17
618,380,111,48_1,2.65651824475566e-13
618,380,86,48_1,6.31391256031108e-09
618,380,87,48_1,9.16918407874081e-07
618,380,88,48_1,0.191837832966013
618,380,89,48_1,1.81420948038199e-12
618,380,90,48_1,1.25120888064242e-06
618,380,91,48_1,8.8180931501916e-24
618,380,66,48_1,5.4337030586011e-15
618,380,67,48_1,0.00024616861951453
618,380,68,48_1,9.37667816902004e-09
618,380,69,48_1,2.76295814759258e-07
618,380,70,48_1,1.8484117369062e-17
618,380,48,48_1,1.33170209883244e-10
618,380,49,48_1,4.59903042235347e-16
618,390,147,48_1,6.5351605180322e-13
618,390,148,48_1,2.21023293084277e-14
618,390,149,48_1,7.28035847478654e-13
618,390,150,48_1,1.169809627673e-25
618,390,126,48_1,8.39561976644462e-08
618,390,127,48_1,6.94192509111501e-09
618,390,128,48_1,1.43297379396617e-06
618,390,129,48_1,8.01837461355374e-17
618,390,130,48_1,5.60366290188723e-11
618,390,106,48_1,4.99895731675481e-13
618,390,107,48_1,0.837795593014042
618,390,108,48_1,2.9970830236252e-12
618,390,109,48_1,7.08747145630771e-05
618,390,110,48_1,3.92191039132989e-18
618,390,111,48_1,4.24465358549295e-13
618,390,86,48_1,6.40166546030313e-09
618,390,87,48_1,9.14453493687821e-07
618,390,88,48_1,0.161773930999347
618,390,89,48_1,6.01578864373576e-13
618,390,90,48_1,1.95178088580616e-06
618,390,91,48_1,6.57747579847848e-24
618,390,66,48_1,5.41859399965543e-15
618,390,67,48_1,0.000354935509067329
618,390,68,48_1,1.21703831386332e-08
618,390,69,48_1,2.56825163478031e-07
618,390,70,48_1,6.21947628695759e-18
618,390,48,48_1,1.97504003074464e-10
618,390,49,48_1,6.23518274348373e-16
618,400,147,48_1,6.73468477143515e-13
618,400,148,48_1,2.24031600540691e-14
618,400,149,48_1,7.37661318261066e-13
618,400,150,48_1,1.44797454591086e-25
618,400,126,48_1,8.66630546095131e-08
618,400,127,48_1,6.95100676715552e-09
618,400,128,48_1,1.45036671526285e-06
618,400,129,48_1,9.18536178310499e-17
618,400,130,48_1,9.05902292073998e-11
618,400,106,48_1,5.21523618034499e-13
618,400,107,48_1,0.85352105260426
618,400,108,48_1,2.71690875893831e-12
618,400,109,48_1,0.000111595739505561
618,400,110,48_1,4.82558666852988e-18
618,400,111,48_1,6.53090450924332e-13
618,400,86,48_1,6.48003456587799e-09
618,400,87,48_1,9.11734238531776e-07
618,400,88,48_1,0.14586031362803
618,400,89,48_1,4.13944898877662e-13
618,400,90,48_1,2.96355199379054e-06
618,400,91,48_1,2.48576250785824e-23
618,400,66,48_1,5.40148113186061e-15
618,400,67,48_1,0.00050134129868042
618,400,68,48_1,1.51828073389961e-08
618,400,69,48_1,2.55419590136739e-07
618,400,70,48_1,7.31469031690489e-18
618,400,48,48_1,2.83747577824274e-10
618,400,49,48_1,7.99834294506766e-16
618,410,147,48_1,7.30329674073177e-13
618,410,148,48_1,2.55233705940424e-14
618,410,149,48_1,9.74907501441102e-13
618,410,150,48_1,6.66670477931347e-25
618,410,126,48_1,8.80541729530823e-08
618,410,127,48_1,6.97016464059825e-09
618,410,128,48_1,1.52454138523763e-06
618,410,129,48_1,6.42658761123663e-16
618,410,130,48_1,1.52740436278542e-10
618,410,106,48_1,5.58972465847813e-13
618,410,107,48_1,0.861597216730132
618,410,108,48_1,2.99610223022019e-12
618,410,109,48_1,0.000183071302638814
618,410,110,48_1,2.91130274653542e-17
618,410,111,48_1,9.8383639945197e-13
618,410,86,48_1,6.68651987780525e-09
618,410,87,48_1,9.08752851314182e-07
618,410,88,48_1,0.137513658311015
618,410,89,48_1,6.49745952186368e-13
618,410,90,48_1,4.42947793659001e-06
618,410,91,48_1,2.2800652092713e-22
618,410,66,48_1,5.38262366934255e-15
618,410,67,48_1,0.000698798616656247
618,410,68,48_1,1.84418934427594e-08
618,410,69,48_1,2.71554133912109e-07
618,410,70,48_1,4.21119942065e-17
618,410,48,48_1,4.00834030428228e-10
618,410,49,48_1,9.90945889380692e-16
618,420,147,48_1,1.94085313244353e-12
618,420,148,48_1,5.76472287362476e-14
618,420,149,48_1,1.33069805761908e-11
618,420,150,48_1,6.25273038041466e-24
618,420,126,48_1,8.8945585717929e-08
618,420,127,48_1,7.01052563344436e-09
618,420,128,48_1,2.34792786519182e-06
618,420,129,48_1,6.86373461692654e-15
618,420,130,48_1,3.38713094422204e-10
618,420,106,48_1,6.35473948795836e-13
618,420,107,48_1,0.865392084038504
618,420,108,48_1,4.98435472834684e-12
618,420,109,48_1,0.000307807473729144
618,420,110,48_1,3.43694892121417e-16
618,420,111,48_1,1.49289935746791e-12
618,420,86,48_1,7.24720781686088e-09
618,420,87,48_1,9.05497541543205e-07
618,420,88,48_1,0.133323979643487
618,420,89,48_1,2.11113209818387e-12
618,420,90,48_1,6.55789658950679e-06
618,420,91,48_1,3.17118773236048e-21
618,420,66,48_1,5.361953329839e-15
618,420,67,48_1,0.000965810426689244
618,420,68,48_1,2.19766080100284e-08
618,420,69,48_1,3.8093688315122e-07
618,420,70,48_1,4.46182563055844e-16
618,420,48,48_1,6.15527405440391e-10
618,420,49,48_1,1.20629706310292e-15
618,430,147,48_1,1.61846310163777e-10
618,430,148,48_1,3.93411808075453e-13
618,430,149,48_1,9.76504718137211e-10
618,430,150,48_1,6.98164165243225e-23
618,430,126,48_1,1.52595828312362e-07
618,430,127,48_1,7.09581920490852e-09
618,430,128,48_1,1.58871170763428e-05
618,430,129,48_1,7.78209416902288e-14
618,430,130,48_1,3.83938815638967e-09
618,430,106,48_1,1.90452327827489e-12
618,430,107,48_1,0.86648007081855
618,430,108,48_1,2.92532435511541e-11
618,430,109,48_1,0.000525863004650901
618,430,110,48_1,4.83465654097709e-15
618,430,111,48_1,6.34091726295539e-12
618,430,86,48_1,9.01325311413345e-09
618,430,87,48_1,9.01941008096724e-07
618,430,88,48_1,0.131636926789145
618,430,89,48_1,9.91983080695426e-12
618,430,90,48_1,9.65386156143025e-06
618,430,91,48_1,1.77378572336019e-19
618,430,66,48_1,5.55914523578963e-15
618,430,67,48_1,0.00132838688133223
618,430,68,48_1,2.58151551482056e-08
618,430,69,48_1,2.10589282253792e-06
618,430,70,48_1,5.48236286877113e-15
618,430,48,48_1,4.14815079176514e-09
618,430,49,48_1,2.15299197623555e-15
618,440,147,48_1,4.42836710724377e-08
618,440,148,48_1,3.95228682826459e-12
618,440,149,48_1,8.3299791846069e-08
618,440,150,48_1,1.44692230165575e-19
618,440,126,48_1,1.70039621978644e-05
618,440,127,48_1,7.27245946770679e-09
618,440,128,48_1,0.000259586886013176
618,440,129,48_1,8.99428147236563e-13
618,440,130,48_1,1.39817836825429e-07
618,440,106,48_1,7.88698429534556e-11
618,440,107,48_1,0.86509648066332
618,440,108,48_1,3.73347637219947e-10
618,440,109,48_1,0.000908873767744629
618,440,110,48_1,7.21124913497375e-14
618,440,111,48_1,6.02611832826753e-10
618,440,86,48_1,1.19459991341817e-06
618,440,87,48_1,8.97738124836052e-07
618,440,88,48_1,0.131841337220783
618,440,89,48_1,5.18457275344435e-11
618,440,90,48_1,1.41637385916701e-05
618,440,91,48_1,3.61493922558409e-17
618,440,66,48_1,1.02102271658936e-12
618,440,67,48_1,0.00182400666595634
618,440,68,48_1,2.99700969762436e-08
618,440,69,48_1,3.59509500154571e-05
618,440,70,48_1,7.04296744143345e-14
618,440,48,48_1,1.98050473624605e-07
618,440,49,48_1,3.19529042900128e-13
