495,0,10,380,380,01_0,01_0,0.503487721259353
495,0,10,381,380,01_0,01_0,7.53970468472601e-09
495,0,10,360,380,01_0,01_0,1.35476533952896e-11
495,0,10,361,380,01_0,01_0,1.67015728436716e-14
495,0,10,380,381,01_0,01_0,7.43524765066714e-09
495,0,10,381,381,01_0,01_0,0.496512263681678
495,0,10,382,381,01_0,01_0,1.35147333281376e-11
495,0,10,360,381,01_0,01_0,1.64701848999366e-14
495,0,10,361,381,01_0,01_0,1.3359960673717e-11
495,0,10,381,382,01_0,01_0,1.1998639442012e-16
495,0,10,382,382,01_0,01_0,1.45639301281189e-11
495,0,10,361,382,01_0,01_0,2.65787798123815e-22
495,0,10,382,383,01_0,01_0,2.35281597016033e-28
495,0,10,380,360,01_0,01_0,1.21728276457898e-16
495,0,10,381,360,01_0,01_0,1.50066850477814e-19
495,0,10,360,360,01_0,01_0,1.46061499771196e-11
495,0,10,361,360,01_0,01_0,2.18726404655929e-19
495,0,10,380,361,01_0,01_0,1.47861858795386e-19
495,0,10,381,361,01_0,01_0,1.19939674669752e-16
495,0,10,382,361,01_0,01_0,2.68762210071519e-22
495,0,10,360,361,01_0,01_0,2.15512570944766e-19
495,0,10,361,361,01_0,01_0,1.43915358132964e-11
495,0,10,381,362,01_0,01_0,1.69218675183348e-22
495,0,10,382,362,01_0,01_0,2.49497982327365e-22
495,0,10,361,362,01_0,01_0,2.46640695834188e-22
495,0,10,382,363,01_0,01_0,3.57581094473356e-34
495,0,10,360,340,01_0,01_0,2.33954247693995e-28
495,0,10,361,340,01_0,01_0,2.88419241025623e-31
495,0,10,360,341,01_0,01_0,2.80921972017082e-31
495,0,10,361,341,01_0,01_0,2.27872760465834e-28
495,0,10,361,342,01_0,01_0,3.45883326760816e-34
495,10,20,380,380,01_0,01_0,0.503487721493038
495,10,20,381,380,01_0,01_0,7.53731443952069e-09
495,10,20,360,380,01_0,01_0,5.01139904014518e-13
495,10,20,361,380,01_0,01_0,6.1022712456158e-16
495,10,20,380,381,01_0,01_0,7.43760552945322e-09
495,10,20,381,381,01_0,01_0,0.496512263528937
495,10,20,382,381,01_0,01_0,5.05004499110302e-13
495,10,20,360,381,01_0,01_0,6.09440182433893e-16
495,10,20,361,381,01_0,01_0,4.88289086832866e-13
495,10,20,381,382,01_0,01_0,1.19986394383852e-16
495,10,20,382,382,01_0,01_0,5.44209793925778e-13
495,10,20,361,382,01_0,01_0,9.71419635188072e-24
495,10,20,382,383,01_0,01_0,8.79175801456988e-30
495,10,20,380,360,01_0,01_0,1.2172832338802e-16
495,10,20,381,360,01_0,01_0,1.500193338927e-19
495,10,20,360,360,01_0,01_0,5.40294854213622e-13
495,10,20,361,360,01_0,01_0,7.99163274167373e-21
495,10,20,380,361,01_0,01_0,1.47908690464473e-19
495,10,20,381,361,01_0,01_0,1.19939627160056e-16
495,10,20,382,361,01_0,01_0,1.0042822766854e-23
495,10,20,360,361,01_0,01_0,7.97452908788956e-21
495,10,20,361,361,01_0,01_0,5.25991600619334e-13
495,10,20,381,362,01_0,01_0,1.69218675132044e-22
495,10,20,382,362,01_0,01_0,9.32298111517277e-24
495,10,20,361,362,01_0,01_0,9.0143948089727e-24
495,10,20,382,363,01_0,01_0,1.33617184389502e-35
495,10,20,360,340,01_0,01_0,8.65418500538513e-30
495,10,20,361,340,01_0,01_0,1.05380122176563e-32
495,10,20,360,341,01_0,01_0,1.0394843939402e-32
495,10,20,361,341,01_0,01_0,8.32844469603272e-30
495,10,20,361,342,01_0,01_0,1.26415781507658e-35
495,20,30,380,380,01_0,01_0,0.5034877216911
495,20,30,381,380,01_0,01_0,7.5349249512884e-09
495,20,30,360,380,01_0,01_0,1.85456703486667e-14
495,20,30,361,380,01_0,01_0,2.23057410549767e-17
495,20,30,380,381,01_0,01_0,7.43996415558889e-09
495,20,30,381,381,01_0,01_0,0.496512263333897
495,20,30,382,381,01_0,01_0,1.88784928922992e-14
495,20,30,360,381,01_0,01_0,2.25606879162967e-17
495,20,30,361,381,01_0,01_0,1.78541783323495e-14
495,20,30,381,382,01_0,01_0,1.19986394337362e-16
495,20,30,382,382,01_0,01_0,2.0344097418345e-14
495,20,30,361,382,01_0,01_0,3.55197358900287e-25
495,20,30,382,383,01_0,01_0,3.286607178418e-31
495,20,30,380,360,01_0,01_0,1.21728370324397e-16
495,20,30,381,360,01_0,01_0,1.49971832355722e-19
495,20,30,360,360,01_0,01_0,1.99946841923948e-14
495,20,30,361,360,01_0,01_0,2.92119691228007e-22
495,20,30,380,361,01_0,01_0,1.4795553697724e-19
495,20,30,381,361,01_0,01_0,1.19939579655189e-16
495,20,30,382,361,01_0,01_0,3.7542889922432e-25
495,20,30,360,361,01_0,01_0,2.95206643785144e-22
495,20,30,361,361,01_0,01_0,1.92327544811532e-14
495,20,30,381,362,01_0,01_0,1.69218675066324e-22
495,20,30,382,362,01_0,01_0,3.48519336023122e-25
495,20,30,361,362,01_0,01_0,3.29609276181528e-25
495,20,30,382,363,01_0,01_0,4.99498731251221e-37
495,20,30,360,340,01_0,01_0,3.20265426296169e-31
495,20,30,361,340,01_0,01_0,3.85198137005474e-34
495,20,30,360,341,01_0,01_0,3.84803382391566e-34
495,20,30,361,341,01_0,01_0,3.04527425652989e-31
495,20,30,361,342,01_0,01_0,4.62236219308949e-37
495,30,40,380,380,01_0,01_0,0.503487721878699
495,30,40,381,380,01_0,01_0,7.53253622054641e-09
495,30,40,360,380,01_0,01_0,6.94372798830764e-16
495,30,40,361,380,01_0,01_0,8.25150847206944e-19
495,30,40,380,381,01_0,01_0,7.4423235296828e-09
495,30,40,381,381,01_0,01_0,0.496512263146438
495,30,40,382,381,01_0,01_0,7.13741187688839e-16
495,30,40,360,381,01_0,01_0,8.4496788686724e-19
495,30,40,361,381,01_0,01_0,6.60684722198464e-16
495,30,40,381,382,01_0,01_0,1.19986394292704e-16
495,30,40,382,382,01_0,01_0,7.69151453812704e-16
495,30,40,361,382,01_0,01_0,1.31438962927083e-26
495,30,40,382,383,01_0,01_0,1.24257106984249e-32
495,30,40,380,360,01_0,01_0,1.21728417273117e-16
495,30,40,381,360,01_0,01_0,1.49924345877182e-19
495,30,40,360,360,01_0,01_0,7.4862595489763e-16
495,30,40,361,360,01_0,01_0,1.08063167677387e-23
495,30,40,380,361,01_0,01_0,1.48002398345784e-19
495,30,40,381,361,01_0,01_0,1.19939532167196e-16
495,30,40,382,361,01_0,01_0,1.41938746891079e-26
495,30,40,360,361,01_0,01_0,1.1056402014267e-23
495,30,40,361,361,01_0,01_0,7.1169794480179e-16
495,30,40,381,362,01_0,01_0,1.69218675003187e-22
495,30,40,382,362,01_0,01_0,1.31765075870142e-26
495,30,40,361,362,01_0,01_0,1.21970224008814e-26
495,30,40,382,363,01_0,01_0,1.8884601632695e-38
495,30,40,360,340,01_0,01_0,1.19911422113962e-32
495,30,40,361,340,01_0,01_0,1.42495517845365e-35
495,30,40,360,341,01_0,01_0,1.4412071281057e-35
495,30,40,361,341,01_0,01_0,1.12688724135212e-32
495,30,40,361,342,01_0,01_0,1.71048077205387e-38
495,40,50,380,380,01_0,01_0,0.503487722056766
495,40,50,381,380,01_0,01_0,7.53014824708254e-09
495,40,50,360,380,01_0,01_0,3.40482375772401e-17
495,40,50,361,380,01_0,01_0,4.0322136975405e-20
495,40,50,380,381,01_0,01_0,7.44468365198588e-09
495,40,50,381,381,01_0,01_0,0.496512262968403
495,40,50,382,381,01_0,01_0,3.49908219935016e-17
495,40,50,360,381,01_0,01_0,4.1445734742704e-20
495,40,50,361,381,01_0,01_0,3.22955107404696e-17
495,40,50,381,382,01_0,01_0,1.19986394250323e-16
495,40,50,382,382,01_0,01_0,3.77072839157497e-17
495,40,50,361,382,01_0,01_0,6.42498350018664e-28
495,40,50,382,383,01_0,01_0,6.09164552496404e-34
495,40,50,380,360,01_0,01_0,1.21728464234408e-16
495,40,50,381,360,01_0,01_0,1.49876874452863e-19
495,40,50,360,360,01_0,01_0,3.67085292457259e-17
495,40,50,361,360,01_0,01_0,5.2806581285083e-25
495,40,50,380,361,01_0,01_0,1.48049274575091e-19
495,40,50,381,361,01_0,01_0,1.19939484696517e-16
495,40,50,382,361,01_0,01_0,6.95847675346444e-28
495,40,50,360,361,01_0,01_0,5.42317088036208e-25
495,40,50,361,361,01_0,01_0,3.478911916567e-17
495,40,50,381,362,01_0,01_0,1.69218674943263e-22
495,40,50,382,362,01_0,01_0,6.45972012583766e-28
495,40,50,361,362,01_0,01_0,5.96213374876309e-28
495,40,50,382,363,01_0,01_0,9.25808606191976e-40
495,40,50,360,340,01_0,01_0,5.87980364391453e-34
495,40,50,361,340,01_0,01_0,6.96324581795359e-37
495,40,50,360,341,01_0,01_0,7.06912556080643e-37
495,40,50,361,341,01_0,01_0,5.50843221605431e-34
495,40,50,361,342,01_0,01_0,8.36114813196701e-40
495,50,60,380,380,01_0,01_0,0.503487722225333
495,50,60,381,380,01_0,01_0,7.52776103065776e-09
495,50,60,360,380,01_0,01_0,9.62264157590894e-18
495,50,60,361,380,01_0,01_0,1.1644024908926e-20
495,50,60,380,381,01_0,01_0,7.44704452273592e-09
495,50,60,381,381,01_0,01_0,0.496512262799862
495,50,60,382,381,01_0,01_0,9.62840215547165e-18
495,50,60,360,381,01_0,01_0,1.17170212675249e-20
495,50,60,361,381,01_0,01_0,9.32909347396163e-18
495,50,60,381,382,01_0,01_0,1.19986394210236e-16
495,50,60,382,382,01_0,01_0,1.03758892489224e-17
495,50,60,361,382,01_0,01_0,1.8559629579449e-28
495,50,60,382,383,01_0,01_0,1.67623421120409e-34
495,50,60,380,360,01_0,01_0,1.21728511208285e-16
495,50,60,381,360,01_0,01_0,1.49829418078013e-19
495,50,60,360,360,01_0,01_0,1.03744916341154e-17
495,50,60,361,360,01_0,01_0,1.52492261331489e-25
495,50,60,380,361,01_0,01_0,1.48096165669883e-19
495,50,60,381,361,01_0,01_0,1.19939437243164e-16
495,50,60,382,361,01_0,01_0,1.91475885017151e-28
495,50,60,360,361,01_0,01_0,1.53317063427868e-25
495,50,60,361,361,01_0,01_0,1.00494096187221e-17
495,50,60,381,362,01_0,01_0,1.69218674886573e-22
495,50,60,382,362,01_0,01_0,1.77751706419433e-28
495,50,60,361,362,01_0,01_0,1.72226113696416e-28
495,50,60,382,363,01_0,01_0,2.5475416328256e-40
495,50,60,360,340,01_0,01_0,1.66173906024003e-34
495,50,60,361,340,01_0,01_0,2.01081281651524e-37
495,50,60,360,341,01_0,01_0,1.99849343360773e-37
495,50,60,361,341,01_0,01_0,1.59120066640994e-34
495,50,60,361,342,01_0,01_0,2.41525524320875e-40
495,60,70,380,380,01_0,01_0,0.503487722384405
495,60,70,381,380,01_0,01_0,7.52537457103211e-09
495,60,70,360,380,01_0,01_0,8.71912859704591e-18
495,60,70,361,380,01_0,01_0,1.05930068128472e-20
495,60,70,380,381,01_0,01_0,7.4494061421703e-09
495,60,70,381,381,01_0,01_0,0.496512262640816
495,60,70,382,381,01_0,01_0,8.68070124165853e-18
495,60,70,360,381,01_0,01_0,1.06202244178988e-20
495,60,70,361,381,01_0,01_0,8.48971815459745e-18
495,60,70,381,382,01_0,01_0,1.19986394172443e-16
495,60,70,382,382,01_0,01_0,9.35461494363619e-18
495,60,70,361,382,01_0,01_0,1.68897465358105e-28
495,60,70,382,383,01_0,01_0,1.51124643151938e-34
495,60,70,380,360,01_0,01_0,1.21728558194753e-16
495,60,70,381,360,01_0,01_0,1.49781976747861e-19
495,60,70,360,360,01_0,01_0,9.40038770646789e-18
495,60,70,361,360,01_0,01_0,1.38727991294335e-25
495,60,70,380,361,01_0,01_0,1.48143071634875e-19
495,60,70,381,361,01_0,01_0,1.19939389807132e-16
495,60,70,382,361,01_0,01_0,1.72629297066264e-28
495,60,70,360,361,01_0,01_0,1.38965436698013e-25
495,60,70,361,361,01_0,01_0,9.14522100199567e-18
495,60,70,381,362,01_0,01_0,1.6921867483312e-22
495,60,70,382,362,01_0,01_0,1.60256025217235e-28
495,60,70,361,362,01_0,01_0,1.567302512545e-28
495,60,70,382,363,01_0,01_0,2.29679311877855e-40
495,60,70,360,340,01_0,01_0,1.50571207933683e-34
495,60,70,361,340,01_0,01_0,1.8293133467495e-37
495,60,70,360,341,01_0,01_0,1.81141874042558e-37
495,60,70,361,341,01_0,01_0,1.44803291917739e-34
495,60,70,361,342,01_0,01_0,2.19794433864004e-40
495,70,80,380,380,01_0,01_0,0.503487722533979
495,70,80,381,380,01_0,01_0,7.52298886796566e-09
495,70,80,360,380,01_0,01_0,8.68570413897744e-18
495,70,80,361,380,01_0,01_0,1.05513869334098e-20
495,70,80,380,381,01_0,01_0,7.45176851052643e-09
495,70,80,381,381,01_0,01_0,0.496512262491264
495,70,80,382,381,01_0,01_0,8.64528912048874e-18
495,70,80,360,381,01_0,01_0,1.05828671688468e-20
495,70,80,361,381,01_0,01_0,8.4590437809229e-18
495,70,80,381,382,01_0,01_0,1.19986394136945e-16
495,70,80,382,382,01_0,01_0,9.3164536536406e-18
495,70,80,361,382,01_0,01_0,1.68287218484994e-28
495,70,80,382,383,01_0,01_0,1.50508144091566e-34
495,70,80,380,360,01_0,01_0,1.21728605193815e-16
495,70,80,381,360,01_0,01_0,1.49734550457638e-19
495,70,80,360,360,01_0,01_0,9.36435527948488e-18
495,70,80,361,360,01_0,01_0,1.38182982908096e-25
495,70,80,380,361,01_0,01_0,1.48189992474782e-19
495,70,80,381,361,01_0,01_0,1.19939342388417e-16
495,70,80,382,361,01_0,01_0,1.71925003829331e-28
495,70,80,360,361,01_0,01_0,1.38476563091209e-25
495,70,80,361,361,01_0,01_0,9.11217461781837e-18
495,70,80,381,362,01_0,01_0,1.69218674782902e-22
495,70,80,382,362,01_0,01_0,1.59602275523628e-28
495,70,80,361,362,01_0,01_0,1.56163965990413e-28
495,70,80,382,363,01_0,01_0,2.28742356282748e-40
495,70,80,360,340,01_0,01_0,1.4999411365398e-34
495,70,80,361,340,01_0,01_0,1.82212737801511e-37
495,70,80,360,341,01_0,01_0,1.80504553788867e-37
495,70,80,361,341,01_0,01_0,1.44279985640447e-34
495,70,80,361,342,01_0,01_0,2.19000203626306e-40
495,80,90,380,380,01_0,01_0,0.503487722674056
495,80,90,381,380,01_0,01_0,7.52060392121858e-09
495,80,90,360,380,01_0,01_0,8.68446450284245e-18
495,80,90,361,380,01_0,01_0,1.05466479480366e-20
495,80,90,380,381,01_0,01_0,7.45413162804182e-09
495,80,90,381,381,01_0,01_0,0.496512262351209
495,80,90,382,381,01_0,01_0,8.64396589657445e-18
495,80,90,360,381,01_0,01_0,1.0584712341813e-20
495,80,90,361,381,01_0,01_0,8.45792587694036e-18
495,80,90,381,382,01_0,01_0,1.19986394103741e-16
495,80,90,382,382,01_0,01_0,9.31502770319888e-18
495,80,90,361,382,01_0,01_0,1.68264978507402e-28
495,80,90,382,383,01_0,01_0,1.50485107735386e-34
495,80,90,380,360,01_0,01_0,1.21728652205477e-16
495,80,90,381,360,01_0,01_0,1.49687139202576e-19
495,80,90,360,360,01_0,01_0,9.36302239868579e-18
495,80,90,361,360,01_0,01_0,1.38120973552521e-25
495,80,90,380,361,01_0,01_0,1.48236928194322e-19
495,80,90,381,361,01_0,01_0,1.19939294987015e-16
495,80,90,382,361,01_0,01_0,1.71898621578444e-28
495,80,90,360,361,01_0,01_0,1.38500652437219e-25
495,80,90,361,361,01_0,01_0,9.11096680121341e-18
495,80,90,381,362,01_0,01_0,1.6921867473592e-22
495,80,90,382,362,01_0,01_0,1.59577847243824e-28
495,80,90,361,362,01_0,01_0,1.56143328159688e-28
495,80,90,382,363,01_0,01_0,2.28707345616552e-40
495,80,90,360,340,01_0,01_0,1.49972821194777e-34
495,80,90,361,340,01_0,01_0,1.82131039443762e-37
495,80,90,360,341,01_0,01_0,1.80535882319205e-37
495,80,90,361,341,01_0,01_0,1.44260803834214e-34
495,80,90,361,342,01_0,01_0,2.18971175228227e-40
495,90,100,380,380,01_0,01_0,0.503487722804636
495,90,100,381,380,01_0,01_0,7.51821973055109e-09
495,90,100,360,380,01_0,01_0,8.68441539327028e-18
495,90,100,361,380,01_0,01_0,1.05432574815692e-20
495,90,100,380,381,01_0,01_0,7.45649549495404e-09
495,90,100,381,381,01_0,01_0,0.496512262220649
495,90,100,382,381,01_0,01_0,8.64391645028981e-18
495,90,100,360,381,01_0,01_0,1.05880091068448e-20
495,90,100,361,381,01_0,01_0,8.45788820640457e-18
495,90,100,381,382,01_0,01_0,1.19986394072832e-16
495,90,100,382,382,01_0,01_0,9.31497441827316e-18
495,90,100,361,382,01_0,01_0,1.68264229077296e-28
495,90,100,382,383,01_0,01_0,1.50484246913691e-34
495,90,100,380,360,01_0,01_0,1.21728699229744e-16
495,90,100,381,360,01_0,01_0,1.49639742977909e-19
495,90,100,360,360,01_0,01_0,9.36297306647701e-18
495,90,100,361,360,01_0,01_0,1.38076624641287e-25
495,90,100,380,361,01_0,01_0,1.48283878798213e-19
495,90,100,381,361,01_0,01_0,1.1993924760292e-16
495,90,100,382,361,01_0,01_0,1.71897570396716e-28
495,90,100,360,361,01_0,01_0,1.38543735813865e-25
495,90,100,361,361,01_0,01_0,9.11092262508227e-18
495,90,100,381,362,01_0,01_0,1.69218674692174e-22
495,90,100,382,362,01_0,01_0,1.5957693440756e-28
495,90,100,361,362,01_0,01_0,1.56142632717678e-28
495,90,100,382,363,01_0,01_0,2.28706037339289e-40
495,90,100,360,340,01_0,01_0,1.49972088068359e-34
495,90,100,361,340,01_0,01_0,1.82072628720476e-37
495,90,100,360,341,01_0,01_0,1.80591969594984e-37
495,90,100,361,341,01_0,01_0,1.44260046850673e-34
495,90,100,361,342,01_0,01_0,2.18970113535279e-40
495,100,110,380,380,01_0,01_0,0.50348772292572
495,100,110,381,380,01_0,01_0,7.5158362957235e-09
495,100,110,360,380,01_0,01_0,8.68441032248821e-18
495,100,110,361,380,01_0,01_0,1.05399173052167e-20
495,100,110,380,381,01_0,01_0,7.45886011150074e-09
495,100,110,381,381,01_0,01_0,0.496512262099584
495,100,110,382,381,01_0,01_0,8.64391460057769e-18
495,100,110,360,381,01_0,01_0,1.05913606075323e-20
495,100,110,361,381,01_0,01_0,8.45789001749637e-18
495,100,110,381,382,01_0,01_0,1.19986394044217e-16
495,100,110,382,382,01_0,01_0,9.31497242501112e-18
495,100,110,361,382,01_0,01_0,1.68264265108698e-28
495,100,110,382,383,01_0,01_0,1.50484214713421e-34
495,100,110,380,360,01_0,01_0,1.21728746266619e-16
495,100,110,381,360,01_0,01_0,1.49592361778872e-19
495,100,110,360,360,01_0,01_0,9.36297121515757e-18
495,100,110,361,360,01_0,01_0,1.38032934322405e-25
495,100,110,380,361,01_0,01_0,1.48330844291176e-19
495,100,110,381,361,01_0,01_0,1.19939200236128e-16
495,100,110,382,361,01_0,01_0,1.71897465767935e-28
495,100,110,360,361,01_0,01_0,1.38587535387682e-25
495,100,110,361,361,01_0,01_0,9.11092098011462e-18
495,100,110,381,362,01_0,01_0,1.69218674651664e-22
495,100,110,382,362,01_0,01_0,1.59576900260391e-28
495,100,110,361,362,01_0,01_0,1.5614266615327e-28
495,100,110,382,363,01_0,01_0,2.28705988401302e-40
495,100,110,360,340,01_0,01_0,1.49972115488209e-34
495,100,110,361,340,01_0,01_0,1.82015086417663e-37
495,100,110,360,341,01_0,01_0,1.80648990412484e-37
495,100,110,361,341,01_0,01_0,1.44259963313301e-34
495,100,110,361,342,01_0,01_0,2.18970074027899e-40
495,110,120,380,380,01_0,01_0,0.503487723037307
495,110,120,381,380,01_0,01_0,7.5134536164962e-09
495,110,120,360,380,01_0,01_0,8.68440688158821e-18
495,110,120,361,380,01_0,01_0,1.05365799859253e-20
495,110,120,380,381,01_0,01_0,7.46122547791965e-09
495,110,120,381,381,01_0,01_0,0.496512261988014
495,110,120,382,381,01_0,01_0,8.64391452953461e-18
495,110,120,360,381,01_0,01_0,1.05947151576997e-20
495,110,120,361,381,01_0,01_0,8.45789327273315e-18
495,110,120,381,382,01_0,01_0,1.19986394017896e-16
495,110,120,382,382,01_0,01_0,9.31497234850248e-18
495,110,120,361,382,01_0,01_0,1.68264329870433e-28
495,110,120,382,383,01_0,01_0,1.50484213478474e-34
495,110,120,380,360,01_0,01_0,1.21728793316109e-16
495,110,120,381,360,01_0,01_0,1.495449956007e-19
495,110,120,360,360,01_0,01_0,9.36297112221514e-18
495,110,120,361,360,01_0,01_0,1.37989281403315e-25
495,110,120,380,361,01_0,01_0,1.48377824677931e-19
495,110,120,381,361,01_0,01_0,1.19939152886633e-16
495,110,120,382,361,01_0,01_0,1.71897396532227e-28
495,110,120,360,361,01_0,01_0,1.38631374846535e-25
495,110,120,361,361,01_0,01_0,9.11092089193153e-18
495,110,120,381,362,01_0,01_0,1.6921867461439e-22
495,110,120,382,362,01_0,01_0,1.5957689894956e-28
495,110,120,361,362,01_0,01_0,1.56142726249488e-28
495,110,120,382,363,01_0,01_0,2.28705986524428e-40
495,110,120,360,340,01_0,01_0,1.49972171091046e-34
495,110,120,361,340,01_0,01_0,1.81957593409613e-37
495,110,120,360,341,01_0,01_0,1.80706063197409e-37
495,110,120,361,341,01_0,01_0,1.4425990444384e-34
495,110,120,361,342,01_0,01_0,2.18970071935963e-40
495,120,130,380,380,01_0,01_0,0.503487723139397
495,120,130,381,380,01_0,01_0,7.51107169262963e-09
495,120,130,360,380,01_0,01_0,8.68440350185242e-18
495,120,130,361,380,01_0,01_0,1.05332437903341e-20
495,120,130,380,381,01_0,01_0,7.46359159444856e-09
495,120,130,381,381,01_0,01_0,0.49651226188594
495,120,130,382,381,01_0,01_0,8.64391452511299e-18
495,120,130,360,381,01_0,01_0,1.05980708451792e-20
495,120,130,361,381,01_0,01_0,8.4578965819182e-18
495,120,130,381,382,01_0,01_0,1.1998639399387e-16
495,120,130,382,382,01_0,01_0,9.31497234378737e-18
495,120,130,361,382,01_0,01_0,1.68264395705433e-28
495,120,130,382,383,01_0,01_0,1.50484213403358e-34
495,120,130,380,360,01_0,01_0,1.21728840378217e-16
495,120,130,381,360,01_0,01_0,1.49497644438633e-19
495,120,130,360,360,01_0,01_0,9.36297109636039e-18
495,120,130,361,360,01_0,01_0,1.37945643183583e-25
495,120,130,380,361,01_0,01_0,1.48424819963203e-19
495,120,130,381,361,01_0,01_0,1.19939105554432e-16
495,120,130,382,361,01_0,01_0,1.71897328642887e-28
495,120,130,360,361,01_0,01_0,1.38675229169766e-25
495,120,130,361,361,01_0,01_0,9.11092086299862e-18
495,120,130,381,362,01_0,01_0,1.69218674580352e-22
495,120,130,382,362,01_0,01_0,1.59576898868639e-28
495,120,130,361,362,01_0,01_0,1.56142787341656e-28
495,120,130,382,363,01_0,01_0,2.28705986410266e-40
495,120,130,360,340,01_0,01_0,1.49972227786528e-34
495,120,130,361,340,01_0,01_0,1.81900119762752e-37
495,120,130,360,341,01_0,01_0,1.80763155335288e-37
495,120,130,361,341,01_0,01_0,1.44259846530704e-34
495,120,130,361,342,01_0,01_0,2.18970071268025e-40
495,130,140,380,380,01_0,01_0,0.50348772323199
495,130,140,381,380,01_0,01_0,7.50869052388434e-09
495,130,140,360,380,01_0,01_0,8.68440012525319e-18
495,130,140,361,380,01_0,01_0,1.0529908654789e-20
495,130,140,380,381,01_0,01_0,7.46595846132535e-09
495,130,140,381,381,01_0,01_0,0.496512261793361
495,130,140,382,381,01_0,01_0,8.64391452333988e-18
495,130,140,360,381,01_0,01_0,1.06014275995418e-20
495,130,140,361,381,01_0,01_0,8.45789989424281e-18
495,130,140,381,382,01_0,01_0,1.19986393972138e-16
495,130,140,382,382,01_0,01_0,9.31497234192635e-18
495,130,140,361,382,01_0,01_0,1.68264461602893e-28
495,130,140,382,383,01_0,01_0,1.50484213374349e-34
495,130,140,380,360,01_0,01_0,1.21728887452948e-16
495,130,140,381,360,01_0,01_0,1.4945030828791e-19
495,130,140,360,360,01_0,01_0,9.36297107503202e-18
495,130,140,361,360,01_0,01_0,1.37902018829585e-25
495,130,140,380,361,01_0,01_0,1.48471830151716e-19
495,130,140,381,361,01_0,01_0,1.19939058239519e-16
495,130,140,382,361,01_0,01_0,1.71897260827707e-28
495,130,140,360,361,01_0,01_0,1.38719097435807e-25
495,130,140,361,361,01_0,01_0,9.1109208385839e-18
495,130,140,381,362,01_0,01_0,1.6921867454955e-22
495,130,140,382,362,01_0,01_0,1.59576898836612e-28
495,130,140,361,362,01_0,01_0,1.56142848491783e-28
495,130,140,382,363,01_0,01_0,2.28705986366179e-40
495,130,140,360,340,01_0,01_0,1.49972284572582e-34
495,130,140,361,340,01_0,01_0,1.81842664377843e-37
495,130,140,360,341,01_0,01_0,1.80820265624846e-37
495,130,140,361,341,01_0,01_0,1.44259788707273e-34
495,130,140,361,342,01_0,01_0,2.18970070708667e-40
495,140,150,380,380,01_0,01_0,0.503487723315086
495,140,150,381,380,01_0,01_0,7.50631011002093e-09
495,140,150,360,380,01_0,01_0,8.68439674964374e-18
495,140,150,361,380,01_0,01_0,1.05265745766413e-20
495,140,150,380,381,01_0,01_0,7.46832607878798e-09
495,140,150,381,381,01_0,01_0,0.496512261710278
495,140,150,382,381,01_0,01_0,8.64391452182485e-18
495,140,150,360,381,01_0,01_0,1.06047854185062e-20
495,140,150,361,381,01_0,01_0,8.45790320785036e-18
495,140,150,381,382,01_0,01_0,1.19986393952701e-16
495,140,150,382,382,01_0,01_0,9.31497234034344e-18
495,140,150,361,382,01_0,01_0,1.68264527525876e-28
495,140,150,382,383,01_0,01_0,1.50484213349833e-34
495,140,150,380,360,01_0,01_0,1.21728934540308e-16
495,140,150,381,360,01_0,01_0,1.49402987143772e-19
495,140,150,360,360,01_0,01_0,9.36297105591586e-18
495,140,150,361,360,01_0,01_0,1.37858408306639e-25
495,140,150,380,361,01_0,01_0,1.48518855248196e-19
495,140,150,381,361,01_0,01_0,1.1993901094189e-16
495,140,150,382,361,01_0,01_0,1.71897193039143e-28
495,140,150,360,361,01_0,01_0,1.38762979614804e-25
495,140,150,361,361,01_0,01_0,9.11092081668702e-18
495,140,150,381,362,01_0,01_0,1.69218674521983e-22
495,140,150,382,362,01_0,01_0,1.5957689880935e-28
495,140,150,361,362,01_0,01_0,1.56142909665594e-28
495,140,150,382,363,01_0,01_0,2.28705986328919e-40
495,140,150,360,340,01_0,01_0,1.49972341412145e-34
495,140,150,361,340,01_0,01_0,1.81785227209159e-37
495,140,150,360,341,01_0,01_0,1.80877394027164e-37
495,140,150,361,341,01_0,01_0,1.44259730941869e-34
495,140,150,361,342,01_0,01_0,2.18970070209815e-40
495,150,160,380,380,01_0,01_0,0.503487723388686
495,150,160,381,380,01_0,01_0,7.50393045080009e-09
495,150,160,360,380,01_0,01_0,8.68439337494432e-18
495,150,160,361,380,01_0,01_0,1.05232415554714e-20
495,150,160,380,381,01_0,01_0,7.47069444707448e-09
495,150,160,381,381,01_0,01_0,0.496512261636689
495,150,160,382,381,01_0,01_0,8.64391452047857e-18
495,150,160,360,381,01_0,01_0,1.06081443023134e-20
495,150,160,361,381,01_0,01_0,8.45790652267329e-18
495,150,160,381,382,01_0,01_0,1.19986393935558e-16
495,150,160,382,382,01_0,01_0,9.31497233894236e-18
495,150,160,361,382,01_0,01_0,1.68264593473038e-28
495,150,160,382,383,01_0,01_0,1.50484213328254e-34
495,150,160,380,360,01_0,01_0,1.217289816403e-16
495,150,160,381,360,01_0,01_0,1.49355681001461e-19
495,150,160,360,360,01_0,01_0,9.36297103892631e-18
495,150,160,361,360,01_0,01_0,1.37814811609255e-25
495,150,160,380,361,01_0,01_0,1.4856589525737e-19
495,150,160,381,361,01_0,01_0,1.1993896366154e-16
495,150,160,382,361,01_0,01_0,1.71897125275411e-28
495,150,160,360,361,01_0,01_0,1.38806875709903e-25
495,150,160,361,361,01_0,01_0,9.11092079723488e-18
495,150,160,381,362,01_0,01_0,1.69218674497653e-22
495,150,160,382,362,01_0,01_0,1.59576898785203e-28
495,150,160,361,362,01_0,01_0,1.56142970861843e-28
495,150,160,382,363,01_0,01_0,2.28705986296123e-40
495,150,160,360,340,01_0,01_0,1.49972398303853e-34
495,150,160,361,340,01_0,01_0,1.81727808249466e-37
495,150,160,360,341,01_0,01_0,1.80934540546333e-37
495,150,160,361,341,01_0,01_0,1.44259673233329e-34
495,150,160,361,342,01_0,01_0,2.1897006976971e-40
495,160,170,380,380,01_0,01_0,0.503487723452789
495,160,170,381,380,01_0,01_0,7.50155154598259e-09
495,160,170,360,380,01_0,01_0,8.68439000115166e-18
495,160,170,361,380,01_0,01_0,1.05199095909409e-20
495,160,170,380,381,01_0,01_0,7.47306356642294e-09
495,160,170,381,381,01_0,01_0,0.496512261572596
495,160,170,382,381,01_0,01_0,8.64391451929771e-18
495,160,170,360,381,01_0,01_0,1.06115042512972e-20
495,160,170,361,381,01_0,01_0,8.45790983870947e-18
495,160,170,381,382,01_0,01_0,1.1998639392071e-16
495,160,170,382,382,01_0,01_0,9.31497233771952e-18
495,160,170,361,382,01_0,01_0,1.68264659444336e-28
495,160,170,382,383,01_0,01_0,1.50484213309554e-34
495,160,170,380,360,01_0,01_0,1.2172902875293e-16
495,160,170,381,360,01_0,01_0,1.49308389856222e-19
495,160,170,360,360,01_0,01_0,9.36297102406019e-18
495,160,170,361,360,01_0,01_0,1.37771228733007e-25
495,160,170,380,361,01_0,01_0,1.48612950183969e-19
495,160,170,381,361,01_0,01_0,1.19938916398463e-16
495,160,170,382,361,01_0,01_0,1.71897057536439e-28
495,160,170,360,361,01_0,01_0,1.38850785725468e-25
495,160,170,361,361,01_0,01_0,9.1109207802248e-18
495,160,170,381,362,01_0,01_0,1.69218674476558e-22
495,160,170,382,362,01_0,01_0,1.5957689876411e-28
495,160,170,361,362,01_0,01_0,1.56143032080489e-28
495,160,170,382,363,01_0,01_0,2.28705986267703e-40
495,160,170,360,340,01_0,01_0,1.4997245524766e-34
495,160,170,361,340,01_0,01_0,1.81670407492938e-37
495,160,170,360,341,01_0,01_0,1.80991705188036e-37
495,160,170,361,341,01_0,01_0,1.44259615581604e-34
495,160,170,361,342,01_0,01_0,2.18970069388288e-40
495,170,180,380,380,01_0,01_0,0.503487723507394
495,170,180,381,380,01_0,01_0,7.49917339532926e-09
495,170,180,360,380,01_0,01_0,8.68438662826533e-18
495,170,180,361,380,01_0,01_0,1.05165786827149e-20
495,170,180,380,381,01_0,01_0,7.47543343707155e-09
495,170,180,381,381,01_0,01_0,0.496512261517999
495,170,180,382,381,01_0,01_0,8.64391451828214e-18
495,170,180,360,381,01_0,01_0,1.06148652657955e-20
495,170,180,361,381,01_0,01_0,8.45791315595914e-18
495,170,180,381,382,01_0,01_0,1.19986393908156e-16
495,170,180,382,382,01_0,01_0,9.31497233667479e-18
495,170,180,361,382,01_0,01_0,1.68264725439775e-28
495,170,180,382,383,01_0,01_0,1.50484213293731e-34
495,170,180,380,360,01_0,01_0,1.21729075878203e-16
495,170,180,381,360,01_0,01_0,1.492611137033e-19
495,170,180,360,360,01_0,01_0,9.3629710113174e-18
495,170,180,361,360,01_0,01_0,1.37727659673514e-25
495,170,180,380,361,01_0,01_0,1.48660020032722e-19
495,170,180,381,361,01_0,01_0,1.19938869152657e-16
495,170,180,382,361,01_0,01_0,1.71896989822218e-28
495,170,180,360,361,01_0,01_0,1.38894709665913e-25
495,170,180,361,361,01_0,01_0,9.11092076565667e-18
495,170,180,381,362,01_0,01_0,1.692186744587e-22
495,170,180,382,362,01_0,01_0,1.59576898746067e-28
495,170,180,361,362,01_0,01_0,1.56143093321538e-28
495,170,180,382,363,01_0,01_0,2.28705986243656e-40
495,170,180,360,340,01_0,01_0,1.49972512243571e-34
495,170,180,361,340,01_0,01_0,1.81613024933803e-37
495,170,180,360,341,01_0,01_0,1.81048887958019e-37
495,170,180,361,341,01_0,01_0,1.44259557986688e-34
495,170,180,361,342,01_0,01_0,2.18970069065547e-40
495,180,190,380,380,01_0,01_0,0.503487723552503
495,180,190,381,380,01_0,01_0,7.49679599860101e-09
495,180,190,360,380,01_0,01_0,8.68438325628496e-18
495,180,190,361,380,01_0,01_0,1.05132488304584e-20
495,180,190,380,381,01_0,01_0,7.47780405925855e-09
495,180,190,381,381,01_0,01_0,0.496512261472897
495,180,190,382,381,01_0,01_0,8.64391451743185e-18
495,180,190,360,381,01_0,01_0,1.0618227346146e-20
495,180,190,361,381,01_0,01_0,8.45791647442262e-18
495,180,190,381,382,01_0,01_0,1.19986393897896e-16
495,180,190,382,382,01_0,01_0,9.31497233580816e-18
495,180,190,361,382,01_0,01_0,1.68264791459362e-28
495,180,190,382,383,01_0,01_0,1.50484213280785e-34
495,180,190,380,360,01_0,01_0,1.21729123016122e-16
495,180,190,381,360,01_0,01_0,1.49213852537942e-19
495,180,190,360,360,01_0,01_0,9.36297100069794e-18
495,180,190,361,360,01_0,01_0,1.37684104426395e-25
495,180,190,380,361,01_0,01_0,1.48707104808361e-19
495,180,190,381,361,01_0,01_0,1.19938821924114e-16
495,180,190,382,361,01_0,01_0,1.71896922132739e-28
495,180,190,360,361,01_0,01_0,1.38938647535653e-25
495,180,190,361,361,01_0,01_0,9.11092075353049e-18
495,180,190,381,362,01_0,01_0,1.69218674444077e-22
495,180,190,382,362,01_0,01_0,1.59576898731076e-28
495,180,190,361,362,01_0,01_0,1.56143154584994e-28
495,180,190,382,363,01_0,01_0,2.2870598622398e-40
495,180,190,360,340,01_0,01_0,1.4997256929159e-34
495,180,190,361,340,01_0,01_0,1.81555660566291e-37
495,180,190,360,341,01_0,01_0,1.8110608886203e-37
495,180,190,361,341,01_0,01_0,1.44259500448574e-34
495,180,190,361,342,01_0,01_0,2.18970068801487e-40
495,190,200,380,380,01_0,01_0,0.503487723588116
495,190,200,381,380,01_0,01_0,7.49441935555884e-09
495,190,200,360,380,01_0,01_0,8.68437988521022e-18
495,190,200,361,380,01_0,01_0,1.05099200338367e-20
495,190,200,380,381,01_0,01_0,7.48017543322229e-09
495,190,200,381,381,01_0,01_0,0.49651226143729
495,190,200,382,381,01_0,01_0,8.64391451674685e-18
495,190,200,360,381,01_0,01_0,1.06215904926868e-20
495,190,200,361,381,01_0,01_0,8.45791979410025e-18
495,190,200,381,382,01_0,01_0,1.19986393889931e-16
495,190,200,382,382,01_0,01_0,9.31497233511964e-18
495,190,200,361,382,01_0,01_0,1.68264857503104e-28
495,190,200,382,383,01_0,01_0,1.50484213270716e-34
495,190,200,380,360,01_0,01_0,1.21729170166693e-16
495,190,200,381,360,01_0,01_0,1.49166606355397e-19
495,190,200,360,360,01_0,01_0,9.36297099220178e-18
495,190,200,361,360,01_0,01_0,1.37640562987271e-25
495,190,200,380,361,01_0,01_0,1.48754204515621e-19
495,190,200,381,361,01_0,01_0,1.19938774712832e-16
495,190,200,382,361,01_0,01_0,1.71896854467998e-28
495,190,200,360,361,01_0,01_0,1.38982599339107e-25
495,190,200,361,361,01_0,01_0,9.11092074384627e-18
495,190,200,381,362,01_0,01_0,1.6921867443269e-22
495,190,200,382,362,01_0,01_0,1.59576898719136e-28
495,190,200,361,362,01_0,01_0,1.56143215870866e-28
495,190,200,382,363,01_0,01_0,2.28705986208677e-40
495,190,200,360,340,01_0,01_0,1.49972626391724e-34
495,190,200,361,340,01_0,01_0,1.81498314384635e-37
495,190,200,360,341,01_0,01_0,1.8116330790582e-37
495,190,200,361,341,01_0,01_0,1.44259442967257e-34
495,190,200,361,342,01_0,01_0,2.18970068596107e-40
495,200,210,380,380,01_0,01_0,0.503487723614231
495,200,210,381,380,01_0,01_0,7.4920434659638e-09
495,200,210,360,380,01_0,01_0,8.68437651504078e-18
495,200,210,361,380,01_0,01_0,1.05065922925152e-20
495,200,210,380,381,01_0,01_0,7.48254755920115e-09
495,200,210,381,381,01_0,01_0,0.496512261411178
495,200,210,382,381,01_0,01_0,8.64391451622714e-18
495,200,210,360,381,01_0,01_0,1.0624954705756e-20
495,200,210,361,381,01_0,01_0,8.45792311499237e-18
495,200,210,381,382,01_0,01_0,1.19986393884261e-16
495,200,210,382,382,01_0,01_0,9.31497233460921e-18
495,200,210,361,382,01_0,01_0,1.68264923571007e-28
495,200,210,382,383,01_0,01_0,1.50484213263524e-34
495,200,210,380,360,01_0,01_0,1.21729217329921e-16
495,200,210,381,360,01_0,01_0,1.49119375150916e-19
495,200,210,360,360,01_0,01_0,9.36297098582894e-18
495,200,210,361,360,01_0,01_0,1.37597035351765e-25
495,200,210,380,361,01_0,01_0,1.48801319159236e-19
495,200,210,381,361,01_0,01_0,1.19938727518805e-16
495,200,210,382,361,01_0,01_0,1.71896786827986e-28
495,200,210,360,361,01_0,01_0,1.39026565080691e-25
495,200,210,361,361,01_0,01_0,9.110920736604e-18
495,200,210,381,362,01_0,01_0,1.69218674424539e-22
495,200,210,382,362,01_0,01_0,1.59576898710247e-28
495,200,210,361,362,01_0,01_0,1.56143277179158e-28
495,200,210,382,363,01_0,01_0,2.28705986197747e-40
495,200,210,360,340,01_0,01_0,1.49972683543978e-34
495,200,210,361,340,01_0,01_0,1.81440986383071e-37
495,200,210,360,341,01_0,01_0,1.81220545095141e-37
495,200,210,361,341,01_0,01_0,1.44259385542731e-34
495,200,210,361,342,01_0,01_0,2.18970068449408e-40
495,210,220,380,380,01_0,01_0,0.50348772363085
495,210,220,381,380,01_0,01_0,7.48966832957705e-09
495,210,220,360,380,01_0,01_0,8.6843731457763e-18
495,210,220,361,380,01_0,01_0,1.05032656061592e-20
495,210,220,380,381,01_0,01_0,7.48492043743363e-09
495,210,220,381,381,01_0,01_0,0.496512261394562
495,210,220,382,381,01_0,01_0,8.6439145158727e-18
495,210,220,360,381,01_0,01_0,1.06283199856919e-20
495,210,220,361,381,01_0,01_0,8.45792643709931e-18
495,210,220,381,382,01_0,01_0,1.19986393880884e-16
495,210,220,382,382,01_0,01_0,9.31497233427689e-18
495,210,220,361,382,01_0,01_0,1.68264989663077e-28
495,210,220,382,383,01_0,01_0,1.50484213259209e-34
495,210,220,380,360,01_0,01_0,1.21729264505809e-16
495,210,220,381,360,01_0,01_0,1.49072158919749e-19
495,210,220,360,360,01_0,01_0,9.36297098157941e-18
495,210,220,361,360,01_0,01_0,1.37553521515501e-25
495,210,220,380,361,01_0,01_0,1.48848448743943e-19
495,210,220,381,361,01_0,01_0,1.19938680342028e-16
495,210,220,382,361,01_0,01_0,1.71896719212696e-28
495,210,220,360,361,01_0,01_0,1.39070544764828e-25
495,210,220,361,361,01_0,01_0,9.11092073180367e-18
495,210,220,381,362,01_0,01_0,1.69218674419624e-22
495,210,220,382,362,01_0,01_0,1.59576898704409e-28
495,210,220,361,362,01_0,01_0,1.56143338509876e-28
495,210,220,382,363,01_0,01_0,2.28705986191189e-40
495,210,220,360,340,01_0,01_0,1.49972740748358e-34
495,210,220,361,340,01_0,01_0,1.81383676555834e-37
495,210,220,360,341,01_0,01_0,1.81277800435747e-37
495,210,220,361,341,01_0,01_0,1.44259328174989e-34
495,210,220,361,342,01_0,01_0,2.1897006836139e-40
495,220,230,380,380,01_0,01_0,0.503487723637972
495,220,230,381,380,01_0,01_0,7.48729394615979e-09
495,220,230,360,380,01_0,01_0,8.68436977741643e-18
495,220,230,361,380,01_0,01_0,1.04999399744343e-20
495,220,230,380,381,01_0,01_0,7.48729406815828e-09
495,220,230,381,381,01_0,01_0,0.49651226138744
495,220,230,382,381,01_0,01_0,8.64391451568356e-18
495,220,230,360,381,01_0,01_0,1.06316863328326e-20
495,220,230,361,381,01_0,01_0,8.45792976042139e-18
495,220,230,381,382,01_0,01_0,1.19986393879802e-16
495,220,230,382,382,01_0,01_0,9.31497233412266e-18
495,220,230,361,382,01_0,01_0,1.68265055779322e-28
495,220,230,382,383,01_0,01_0,1.5048421325777e-34
495,220,230,380,360,01_0,01_0,1.21729311694364e-16
495,220,230,381,360,01_0,01_0,1.49024957657149e-19
495,220,230,360,360,01_0,01_0,9.3629709794532e-18
495,220,230,361,360,01_0,01_0,1.37510021474104e-25
495,220,230,380,361,01_0,01_0,1.4889559327448e-19
495,220,230,381,361,01_0,01_0,1.19938633182497e-16
495,220,230,382,361,01_0,01_0,1.71896651622123e-28
495,220,230,360,361,01_0,01_0,1.39114538395937e-25
495,220,230,361,361,01_0,01_0,9.11092072944529e-18
495,220,230,381,362,01_0,01_0,1.69218674417945e-22
495,220,230,382,362,01_0,01_0,1.59576898701623e-28
495,220,230,361,362,01_0,01_0,1.56143399863027e-28
495,220,230,382,363,01_0,01_0,2.28705986189003e-40
495,220,230,360,340,01_0,01_0,1.4997279800487e-34
495,220,230,361,340,01_0,01_0,1.81326384897163e-37
495,220,230,360,341,01_0,01_0,1.81335073933395e-37
495,220,230,361,341,01_0,01_0,1.44259270864027e-34
495,220,230,361,342,01_0,01_0,2.18970068332053e-40
495,230,240,380,380,01_0,01_0,0.503487723635597
495,230,240,381,380,01_0,01_0,7.48492031547332e-09
495,230,240,360,380,01_0,01_0,8.68436640996083e-18
495,230,240,361,380,01_0,01_0,1.04966153970063e-20
495,230,240,380,381,01_0,01_0,7.48966845161373e-09
495,230,240,381,381,01_0,01_0,0.496512261389814
495,230,240,382,381,01_0,01_0,8.6439145156597e-18
495,230,240,360,381,01_0,01_0,1.06350537475168e-20
495,230,240,361,381,01_0,01_0,8.45793308495896e-18
495,230,240,381,382,01_0,01_0,1.19986393881015e-16
495,230,240,382,382,01_0,01_0,9.31497233414654e-18
495,230,240,361,382,01_0,01_0,1.68265121919748e-28
495,230,240,382,383,01_0,01_0,1.50484213259209e-34
495,230,240,380,360,01_0,01_0,1.2172935889559e-16
495,230,240,381,360,01_0,01_0,1.48977771358373e-19
495,230,240,360,360,01_0,01_0,9.3629709794503e-18
495,230,240,361,360,01_0,01_0,1.37466535223201e-25
495,230,240,380,361,01_0,01_0,1.48942752755587e-19
495,230,240,381,361,01_0,01_0,1.19938586040207e-16
495,230,240,382,361,01_0,01_0,1.7189658405626e-28
495,230,240,360,361,01_0,01_0,1.39158545978442e-25
495,230,240,361,361,01_0,01_0,9.11092072952887e-18
495,230,240,381,362,01_0,01_0,1.69218674419502e-22
495,230,240,382,362,01_0,01_0,1.59576898701887e-28
495,230,240,361,362,01_0,01_0,1.56143461238618e-28
495,230,240,382,363,01_0,01_0,2.28705986191189e-40
495,230,240,360,340,01_0,01_0,1.49972855313519e-34
495,230,240,361,340,01_0,01_0,1.81269111401298e-37
495,230,240,360,341,01_0,01_0,1.81392365593843e-37
495,230,240,361,341,01_0,01_0,1.44259213609838e-34
495,230,240,361,342,01_0,01_0,2.18970068361396e-40
495,240,250,380,380,01_0,01_0,0.503487723623725
495,240,250,381,380,01_0,01_0,7.48254743727901e-09
495,240,250,360,380,01_0,01_0,8.68436304340919e-18
495,240,250,361,380,01_0,01_0,1.04932918735408e-20
495,240,250,380,381,01_0,01_0,7.49204358803869e-09
495,240,250,381,381,01_0,01_0,0.496512261401684
495,240,250,382,381,01_0,01_0,8.64391451580112e-18
495,240,250,360,381,01_0,01_0,1.06384222300829e-20
495,240,250,361,381,01_0,01_0,8.45793641071236e-18
495,240,250,381,382,01_0,01_0,1.19986393884522e-16
495,240,250,382,382,01_0,01_0,9.31497233434852e-18
495,240,250,361,382,01_0,01_0,1.68265188084362e-28
495,240,250,382,383,01_0,01_0,1.50484213263525e-34
495,240,250,380,360,01_0,01_0,1.21729406109491e-16
495,240,250,381,360,01_0,01_0,1.48930600018674e-19
495,240,250,360,360,01_0,01_0,9.36297098157072e-18
495,240,250,361,360,01_0,01_0,1.37423062758419e-25
495,240,250,380,361,01_0,01_0,1.48989927192006e-19
495,240,250,381,361,01_0,01_0,1.19938538915152e-16
495,240,250,382,361,01_0,01_0,1.71896516515099e-28
495,240,250,360,361,01_0,01_0,1.39202567516767e-25
495,240,250,361,361,01_0,01_0,9.11092073205439e-18
495,240,250,381,362,01_0,01_0,1.69218674424294e-22
495,240,250,382,362,01_0,01_0,1.59576898705203e-28
495,240,250,361,362,01_0,01_0,1.56143522636654e-28
495,240,250,382,363,01_0,01_0,2.28705986197748e-40
495,240,250,360,340,01_0,01_0,1.49972912674312e-34
495,240,250,361,340,01_0,01_0,1.81211856062481e-37
495,240,250,360,341,01_0,01_0,1.81449675422851e-37
495,240,250,361,341,01_0,01_0,1.44259156412418e-34
495,240,250,361,342,01_0,01_0,2.1897006844942e-40
495,250,260,380,380,01_0,01_0,0.503487723602357
495,250,260,381,380,01_0,01_0,7.4801753113383e-09
495,250,260,360,380,01_0,01_0,8.68435967776113e-18
495,250,260,361,380,01_0,01_0,1.04899694037037e-20
495,250,260,380,381,01_0,01_0,7.49441947767194e-09
495,250,260,381,381,01_0,01_0,0.496512261423048
495,250,260,382,381,01_0,01_0,8.64391451610783e-18
495,250,260,360,381,01_0,01_0,1.06417917808696e-20
495,250,260,361,381,01_0,01_0,8.4579397376819e-18
495,250,260,381,382,01_0,01_0,1.19986393890323e-16
495,250,260,382,382,01_0,01_0,9.3149723347286e-18
495,250,260,361,382,01_0,01_0,1.6826525427317e-28
495,250,260,382,383,01_0,01_0,1.50484213270717e-34
495,250,260,380,360,01_0,01_0,1.21729453336072e-16
495,250,260,381,360,01_0,01_0,1.48883443633313e-19
495,250,260,360,360,01_0,01_0,9.36297098581445e-18
495,250,260,361,360,01_0,01_0,1.3737960407539e-25
495,250,260,380,361,01_0,01_0,1.49037116588478e-19
495,250,260,381,361,01_0,01_0,1.1993849180733e-16
495,250,260,382,361,01_0,01_0,1.71896448998633e-28
495,250,260,360,361,01_0,01_0,1.39246603015338e-25
495,250,260,361,361,01_0,01_0,9.11092073702186e-18
495,250,260,381,362,01_0,01_0,1.69218674432323e-22
495,250,260,382,362,01_0,01_0,1.5957689871157e-28
495,250,260,361,362,01_0,01_0,1.56143584057141e-28
495,250,260,382,363,01_0,01_0,2.28705986208679e-40
495,250,260,360,340,01_0,01_0,1.49972970087254e-34
495,250,260,361,340,01_0,01_0,1.81154618874957e-37
495,250,260,360,341,01_0,01_0,1.8150700342618e-37
495,250,260,361,341,01_0,01_0,1.44259099271759e-34
495,250,260,361,342,01_0,01_0,2.18970068596124e-40
495,260,270,380,380,01_0,01_0,0.503487723571492
495,260,270,381,380,01_0,01_0,7.47780393741272e-09
495,260,270,360,380,01_0,01_0,8.68435631301634e-18
495,260,270,361,380,01_0,01_0,1.0486647987161e-20
495,260,270,380,381,01_0,01_0,7.49679612075234e-09
495,260,270,381,381,01_0,01_0,0.496512261453909
495,260,270,382,381,01_0,01_0,8.64391451657982e-18
495,260,270,360,381,01_0,01_0,1.06451624002156e-20
495,260,270,361,381,01_0,01_0,8.45794306586794e-18
495,260,270,381,382,01_0,01_0,1.19986393898419e-16
495,260,270,382,382,01_0,01_0,9.31497233528678e-18
495,260,270,361,382,01_0,01_0,1.68265320486178e-28
495,260,270,382,383,01_0,01_0,1.50484213280786e-34
495,260,270,380,360,01_0,01_0,1.21729500575338e-16
495,260,270,381,360,01_0,01_0,1.48836302197546e-19
495,260,270,360,360,01_0,01_0,9.36297099218149e-18
495,260,270,361,360,01_0,01_0,1.37336159169742e-25
495,260,270,380,361,01_0,01_0,1.49084320949747e-19
495,260,270,381,361,01_0,01_0,1.19938444716734e-16
495,260,270,382,361,01_0,01_0,1.71896381506857e-28
495,260,270,360,361,01_0,01_0,1.39290652478582e-25
495,260,270,361,361,01_0,01_0,9.11092074443128e-18
495,260,270,381,362,01_0,01_0,1.69218674443588e-22
495,260,270,382,362,01_0,01_0,1.59576898720988e-28
495,260,270,361,362,01_0,01_0,1.56143645500086e-28
495,260,270,382,363,01_0,01_0,2.28705986223982e-40
495,260,270,360,340,01_0,01_0,1.49973027552351e-34
495,260,270,361,340,01_0,01_0,1.8109739983297e-37
495,260,270,360,341,01_0,01_0,1.81564349609593e-37
495,260,270,361,341,01_0,01_0,1.44259042187856e-34
495,260,270,361,342,01_0,01_0,2.1897006880151e-40
495,270,280,380,380,01_0,01_0,0.50348772353113
495,270,280,381,380,01_0,01_0,7.47543331526385e-09
495,270,280,360,380,01_0,01_0,8.68435294917446e-18
495,270,280,361,380,01_0,01_0,1.04833276235788e-20
495,270,280,380,381,01_0,01_0,7.49917351751883e-09
495,270,280,381,381,01_0,01_0,0.496512261494264
495,270,280,382,381,01_0,01_0,8.64391451721711e-18
495,270,280,360,381,01_0,01_0,1.06485340884597e-20
495,270,280,361,381,01_0,01_0,8.4579463952708e-18
495,270,280,381,382,01_0,01_0,1.19986393908809e-16
495,270,280,382,382,01_0,01_0,9.31497233602306e-18
495,270,280,361,382,01_0,01_0,1.68265386723395e-28
495,270,280,382,383,01_0,01_0,1.50484213293733e-34
495,270,280,380,360,01_0,01_0,1.21729547827294e-16
495,270,280,381,360,01_0,01_0,1.48789175706636e-19
495,270,280,360,360,01_0,01_0,9.36297100067184e-18
495,270,280,361,360,01_0,01_0,1.3729272803711e-25
495,270,280,380,361,01_0,01_0,1.49131540280561e-19
495,270,280,381,361,01_0,01_0,1.1993839764336e-16
495,270,280,382,361,01_0,01_0,1.71896314039763e-28
495,270,280,360,361,01_0,01_0,1.39334715910928e-25
495,270,280,361,361,01_0,01_0,9.11092075428265e-18
495,270,280,381,362,01_0,01_0,1.69218674458088e-22
495,270,280,382,362,01_0,01_0,1.59576898733457e-28
495,270,280,361,362,01_0,01_0,1.56143706965495e-28
495,270,280,382,363,01_0,01_0,2.28705986243658e-40
495,270,280,360,340,01_0,01_0,1.49973085069608e-34
495,270,280,361,340,01_0,01_0,1.81040198930769e-37
495,270,280,360,341,01_0,01_0,1.81621713978856e-37
495,270,280,361,341,01_0,01_0,1.44258985160704e-34
495,270,280,361,342,01_0,01_0,2.18970069065576e-40
495,280,290,380,380,01_0,01_0,0.503487723481271
495,280,290,381,380,01_0,01_0,7.47306344465336e-09
495,280,290,360,380,01_0,01_0,8.68434958623519e-18
495,280,290,361,380,01_0,01_0,1.04800083126233e-20
495,280,290,380,381,01_0,01_0,7.50155166821041e-09
495,280,290,381,381,01_0,01_0,0.496512261544114
495,280,290,382,381,01_0,01_0,8.64391451801967e-18
495,280,290,360,381,01_0,01_0,1.06519068459411e-20
495,280,290,361,381,01_0,01_0,8.45794972589081e-18
495,280,290,381,382,01_0,01_0,1.19986393921494e-16
495,280,290,382,382,01_0,01_0,9.31497233693745e-18
495,280,290,361,382,01_0,01_0,1.68265452984826e-28
495,280,290,382,383,01_0,01_0,1.50484213309557e-34
495,280,290,380,360,01_0,01_0,1.21729595091945e-16
495,280,290,381,360,01_0,01_0,1.48742064155844e-19
495,280,290,360,360,01_0,01_0,9.36297101128553e-18
495,280,290,361,360,01_0,01_0,1.37249310673126e-25
495,280,290,380,361,01_0,01_0,1.49178774585665e-19
495,280,290,381,361,01_0,01_0,1.19938350587203e-16
495,280,290,382,361,01_0,01_0,1.71896246597344e-28
495,280,290,360,361,01_0,01_0,1.39378793316804e-25
495,280,290,361,361,01_0,01_0,9.11092076657598e-18
495,280,290,381,362,01_0,01_0,1.69218674475824e-22
495,280,290,382,362,01_0,01_0,1.59576898748977e-28
495,280,290,361,362,01_0,01_0,1.56143768453373e-28
495,280,290,382,363,01_0,01_0,2.28705986267709e-40
495,280,290,360,340,01_0,01_0,1.49973142639034e-34
495,280,290,361,340,01_0,01_0,1.80983016162604e-37
495,280,290,360,341,01_0,01_0,1.81679096539737e-37
495,280,290,361,341,01_0,01_0,1.44258928190298e-34
495,280,290,361,342,01_0,01_0,2.18970069388324e-40
495,290,300,380,380,01_0,01_0,0.503487723421915
495,290,300,381,380,01_0,01_0,7.47069432534301e-09
495,290,300,360,380,01_0,01_0,8.68434622419816e-18
495,290,300,361,380,01_0,01_0,1.04766900539607e-20
495,290,300,380,381,01_0,01_0,7.50393057306618e-09
495,290,300,381,381,01_0,01_0,0.49651226160346
495,290,300,382,381,01_0,01_0,8.64391451898752e-18
495,290,300,360,381,01_0,01_0,1.06552806729987e-20
495,290,300,361,381,01_0,01_0,8.45795305772832e-18
495,290,300,381,382,01_0,01_0,1.19986393936475e-16
495,290,300,382,382,01_0,01_0,9.31497233803015e-18
495,290,300,361,382,01_0,01_0,1.68265519270482e-28
495,290,300,382,383,01_0,01_0,1.50484213328306e-34
495,290,300,380,360,01_0,01_0,1.21729642369297e-16
495,290,300,381,360,01_0,01_0,1.48694967540437e-19
495,290,300,360,360,01_0,01_0,9.3629710240227e-18
495,290,300,361,360,01_0,01_0,1.37205907073428e-25
495,290,300,380,361,01_0,01_0,1.49226023869811e-19
495,290,300,381,361,01_0,01_0,1.19938303548261e-16
495,290,300,382,361,01_0,01_0,1.71896179179596e-28
495,290,300,360,361,01_0,01_0,1.39422884700646e-25
495,290,300,361,361,01_0,01_0,9.1109207813114e-18
495,290,300,381,362,01_0,01_0,1.69218674496796e-22
495,290,300,382,362,01_0,01_0,1.59576898767548e-28
495,290,300,361,362,01_0,01_0,1.56143829963728e-28
495,290,300,382,363,01_0,01_0,2.28705986296202e-40
495,290,300,360,340,01_0,01_0,1.49973200260671e-34
495,290,300,361,340,01_0,01_0,1.80925851522773e-37
495,290,300,360,341,01_0,01_0,1.81736497298046e-37
495,290,300,361,341,01_0,01_0,1.44258871276664e-34
495,290,300,361,342,01_0,01_0,2.18970069769803e-40
495,300,310,380,380,01_0,01_0,0.503487723353063
495,300,310,381,380,01_0,01_0,7.46832595709461e-09
495,300,310,360,380,01_0,01_0,8.68434286306303e-18
495,300,310,361,380,01_0,01_0,1.04733728472575e-20
495,300,310,380,381,01_0,01_0,7.50631023232529e-09
495,300,310,381,381,01_0,01_0,0.496512261672301
495,300,310,382,381,01_0,01_0,8.64391452012066e-18
495,300,310,360,381,01_0,01_0,1.06586555699717e-20
495,300,310,361,381,01_0,01_0,8.45795639078367e-18
495,300,310,381,382,01_0,01_0,1.19986393953823e-16
495,300,310,382,382,01_0,01_0,9.31497233930649e-18
495,300,310,361,382,01_0,01_0,1.68265585580465e-28
495,300,310,382,383,01_0,01_0,1.50484213351172e-34
495,300,310,380,360,01_0,01_0,1.21729689659416e-16
495,300,310,381,360,01_0,01_0,1.48647885855753e-19
495,300,310,360,360,01_0,01_0,9.36297103888802e-18
495,300,310,361,360,01_0,01_0,1.3716251723372e-25
495,300,310,380,361,01_0,01_0,1.49273288137811e-19
495,300,310,381,361,01_0,01_0,1.19938256526578e-16
495,300,310,382,361,01_0,01_0,1.71896111786586e-28
495,300,310,360,361,01_0,01_0,1.39466990066944e-25
495,300,310,361,361,01_0,01_0,9.11092079849276e-18
495,300,310,381,362,01_0,01_0,1.69218674521004e-22
495,300,310,382,362,01_0,01_0,1.59576898789171e-28
495,300,310,361,362,01_0,01_0,1.56143891496565e-28
495,300,310,382,363,01_0,01_0,2.28705986330954e-40
495,300,310,360,340,01_0,01_0,1.49973257935571e-34
495,300,310,361,340,01_0,01_0,1.80868705006789e-37
495,300,310,360,341,01_0,01_0,1.81793916260637e-37
495,300,310,361,341,01_0,01_0,1.44258814420656e-34
495,300,310,361,342,01_0,01_0,2.18970070211319e-40
495,310,320,380,380,01_0,01_0,0.503487723274714
495,310,320,381,380,01_0,01_0,7.46595833967006e-09
495,310,320,360,380,01_0,01_0,8.68433950282948e-18
495,310,320,361,380,01_0,01_0,1.04700566921802e-20
495,310,320,380,381,01_0,01_0,7.50869064622699e-09
495,310,320,381,381,01_0,01_0,0.496512261750638
495,310,320,382,381,01_0,01_0,8.64391452141908e-18
495,310,320,360,381,01_0,01_0,1.06620315371995e-20
495,310,320,361,381,01_0,01_0,8.45795972505717e-18
495,310,320,381,382,01_0,01_0,1.19986393975372e-16
495,310,320,382,382,01_0,01_0,9.31497234090901e-18
495,310,320,361,382,01_0,01_0,1.68265651917358e-28
495,310,320,382,383,01_0,01_0,1.50484213410123e-34
495,310,320,380,360,01_0,01_0,1.21729736963941e-16
495,310,320,381,360,01_0,01_0,1.48600819099055e-19
495,310,320,360,360,01_0,01_0,9.36297105600722e-18
495,310,320,361,360,01_0,01_0,1.37119141151482e-25
495,310,320,380,361,01_0,01_0,1.49320567396137e-19
495,310,320,381,361,01_0,01_0,1.19938209523532e-16
495,310,320,382,361,01_0,01_0,1.71896044420284e-28
495,310,320,360,361,01_0,01_0,1.39511109421738e-25
495,310,320,361,361,01_0,01_0,9.11092081822492e-18
495,310,320,381,362,01_0,01_0,1.69218674548448e-22
495,310,320,382,362,01_0,01_0,1.59576898813845e-28
495,310,320,361,362,01_0,01_0,1.56143953051891e-28
495,310,320,382,363,01_0,01_0,2.28705986420548e-40
495,310,320,360,340,01_0,01_0,1.49973315691961e-34
495,310,320,361,340,01_0,01_0,1.80811576642929e-37
495,310,320,360,341,01_0,01_0,1.81851353462971e-37
495,310,320,361,341,01_0,01_0,1.4425875764582e-34
495,310,320,361,342,01_0,01_0,2.1897007074861e-40
495,320,330,380,380,01_0,01_0,0.503487723186868
495,320,330,381,380,01_0,01_0,7.46359147283133e-09
495,320,330,360,380,01_0,01_0,8.68433614349716e-18
495,320,330,361,380,01_0,01_0,1.04667415883954e-20
495,320,330,380,381,01_0,01_0,7.51107181501059e-09
495,320,330,381,381,01_0,01_0,0.496512261838469
495,320,330,382,381,01_0,01_0,8.64391452288279e-18
495,320,330,360,381,01_0,01_0,1.06654085750213e-20
495,320,330,361,381,01_0,01_0,8.45796306054917e-18
495,320,330,381,382,01_0,01_0,1.19986394050265e-16
495,320,330,382,382,01_0,01_0,9.31497234665273e-18
495,320,330,361,382,01_0,01_0,1.6826571835008e-28
495,320,330,382,383,01_0,01_0,1.50484214360672e-34
495,320,330,380,360,01_0,01_0,1.21729784327064e-16
495,320,330,381,360,01_0,01_0,1.48553767319533e-19
495,320,330,360,360,01_0,01_0,9.36297107877899e-18
495,320,330,361,360,01_0,01_0,1.37075778872109e-25
495,320,330,380,361,01_0,01_0,1.49367861696582e-19
495,320,330,381,361,01_0,01_0,1.19938162576888e-16
495,320,330,382,361,01_0,01_0,1.71895977134818e-28
495,320,330,360,361,01_0,01_0,1.39555242813415e-25
495,320,330,361,361,01_0,01_0,9.1109208433771e-18
495,320,330,381,362,01_0,01_0,1.6921867457913e-22
495,320,330,382,362,01_0,01_0,1.59576898841571e-28
495,320,330,361,362,01_0,01_0,1.56144014629713e-28
495,320,330,382,363,01_0,01_0,2.28705987865193e-40
495,320,330,360,340,01_0,01_0,1.49973374292817e-34
495,320,330,361,340,01_0,01_0,1.80754467344983e-37
495,320,330,360,341,01_0,01_0,1.81908809723359e-37
495,320,330,361,341,01_0,01_0,1.44258701596489e-34
495,320,330,361,342,01_0,01_0,2.18970072359552e-40
495,330,340,380,380,01_0,01_0,0.503487723089525
495,330,340,381,380,01_0,01_0,7.46122535634048e-09
495,330,340,360,380,01_0,01_0,8.68433278506574e-18
495,330,340,361,380,01_0,01_0,1.04634275355697e-20
495,330,340,380,381,01_0,01_0,7.51345373891547e-09
495,330,340,381,381,01_0,01_0,0.496512261935796
495,330,340,382,381,01_0,01_0,8.64391452451178e-18
495,330,340,360,381,01_0,01_0,1.06687866837768e-20
495,330,340,361,381,01_0,01_0,8.45796639726001e-18
495,330,340,381,382,01_0,01_0,1.1998639549362e-16
495,330,340,382,382,01_0,01_0,9.31497245863508e-18
495,330,340,361,382,01_0,01_0,1.6826578672293e-28
495,330,340,382,383,01_0,01_0,1.50484239098088e-34
495,330,340,380,360,01_0,01_0,1.21729832943357e-16
495,330,340,381,360,01_0,01_0,1.4850673196974e-19
495,330,340,360,360,01_0,01_0,9.36297119908468e-18
495,330,340,361,360,01_0,01_0,1.37032431735928e-25
495,330,340,380,361,01_0,01_0,1.49415172331407e-19
495,330,340,381,361,01_0,01_0,1.19938116720107e-16
495,330,340,382,361,01_0,01_0,1.71895911411349e-28
495,330,340,360,361,01_0,01_0,1.39599391449334e-25
495,330,340,361,361,01_0,01_0,9.11092095245502e-18
495,330,340,381,362,01_0,01_0,1.69218674613092e-22
495,330,340,382,362,01_0,01_0,1.59576898872391e-28
495,330,340,361,362,01_0,01_0,1.56144076230077e-28
495,330,340,382,363,01_0,01_0,2.2870602546113e-40
495,330,340,360,340,01_0,01_0,1.49973454364667e-34
495,330,340,361,340,01_0,01_0,1.80697401958427e-37
495,330,340,360,341,01_0,01_0,1.81966307286245e-37
495,330,340,361,341,01_0,01_0,1.44258663902324e-34
495,330,340,361,342,01_0,01_0,2.18970101799989e-40
495,340,350,380,380,01_0,01_0,0.503487722982685
495,340,350,381,380,01_0,01_0,7.45885998995962e-09
495,340,350,360,380,01_0,01_0,8.68432942753487e-18
495,340,350,361,380,01_0,01_0,1.04601145333701e-20
495,340,350,380,381,01_0,01_0,7.5158364181811e-09
495,340,350,381,381,01_0,01_0,0.496512262042619
495,340,350,382,381,01_0,01_0,8.64391452630606e-18
495,340,350,360,381,01_0,01_0,1.06721658638056e-20
495,340,350,361,381,01_0,01_0,8.45796973519001e-18
495,340,350,381,382,01_0,01_0,1.19986433500737e-16
495,340,350,382,382,01_0,01_0,9.31497540919287e-18
495,340,350,361,382,01_0,01_0,1.68265906392903e-28
495,340,350,382,383,01_0,01_0,1.50484900346732e-34
495,340,350,380,360,01_0,01_0,1.21729915106906e-16
495,340,350,381,360,01_0,01_0,1.48459752428825e-19
495,340,350,360,360,01_0,01_0,9.36297390085461e-18
495,340,350,361,360,01_0,01_0,1.36989136079499e-25
495,340,350,380,361,01_0,01_0,1.49462534544267e-19
495,340,350,381,361,01_0,01_0,1.19938100230065e-16
495,340,350,382,361,01_0,01_0,1.71895887776436e-28
495,340,350,360,361,01_0,01_0,1.39643588257811e-25
495,340,350,361,361,01_0,01_0,9.11092329347077e-18
495,340,350,381,362,01_0,01_0,1.69218674651507e-22
495,340,350,382,362,01_0,01_0,1.5957689890741e-28
495,340,350,361,362,01_0,01_0,1.56144137854072e-28
495,340,350,382,363,01_0,01_0,2.28707030427166e-40
495,340,350,360,340,01_0,01_0,1.49974113534728e-34
495,340,350,361,340,01_0,01_0,1.80641052104723e-37
495,340,350,360,341,01_0,01_0,1.82024454816591e-37
495,340,350,361,341,01_0,01_0,1.44259126924232e-34
495,340,350,361,342,01_0,01_0,2.18970891142665e-40
495,350,360,380,380,01_0,01_0,0.503487722866349
495,350,360,381,380,01_0,01_0,7.45649537345095e-09
495,350,360,360,380,01_0,01_0,8.68432607090423e-18
495,350,360,361,380,01_0,01_0,1.04568025814635e-20
495,350,360,380,381,01_0,01_0,7.51821985304702e-09
495,350,360,381,381,01_0,01_0,0.496512262158936
495,350,360,382,381,01_0,01_0,8.64391452826563e-18
495,350,360,360,381,01_0,01_0,1.06755461154473e-20
495,350,360,361,381,01_0,01_0,8.45797307433952e-18
495,350,360,381,382,01_0,01_0,1.19987449970001e-16
495,350,360,382,382,01_0,01_0,9.31505432126194e-18
495,350,360,361,382,01_0,01_0,1.68267398254797e-28
495,350,360,382,383,01_0,01_0,1.50502595867028e-34
495,350,360,380,360,01_0,01_0,1.21730903859994e-16
495,350,360,381,360,01_0,01_0,1.48413893063261e-19
495,350,360,360,360,01_0,01_0,9.36304633494919e-18
495,350,360,361,360,01_0,01_0,1.36946874032364e-25
495,350,360,380,361,01_0,01_0,1.49510912824827e-19
495,350,360,381,361,01_0,01_0,1.19938886796587e-16
495,350,360,382,361,01_0,01_0,1.71897015086225e-28
495,350,360,360,361,01_0,01_0,1.39688734365937e-25
495,350,360,361,361,01_0,01_0,9.11098663867261e-18
495,350,360,381,362,01_0,01_0,1.69218674726047e-22
495,350,360,382,362,01_0,01_0,1.59576898976494e-28
495,350,360,361,362,01_0,01_0,1.56144199530927e-28
495,350,360,382,363,01_0,01_0,2.28733924088188e-40
495,350,360,360,340,01_0,01_0,1.49990426965801e-34
495,350,360,361,340,01_0,01_0,1.8060356912963e-37
495,350,360,360,341,01_0,01_0,1.82099910966648e-37
495,350,360,361,341,01_0,01_0,1.44273288423802e-34
495,350,360,361,342,01_0,01_0,2.18992470796576e-40
495,360,370,380,380,01_0,01_0,0.503487722740516
495,360,370,381,380,01_0,01_0,7.45413150657676e-09
495,360,370,360,380,01_0,01_0,8.68432271517347e-18
495,360,370,361,380,01_0,01_0,1.04534916795168e-20
495,360,370,380,381,01_0,01_0,7.52060404375286e-09
495,360,370,381,381,01_0,01_0,0.496512262284749
495,360,370,382,381,01_0,01_0,8.64391453039048e-18
495,360,370,360,381,01_0,01_0,1.06789274390418e-20
495,360,370,361,381,01_0,01_0,8.45797641470886e-18
495,360,370,381,382,01_0,01_0,1.20014652033712e-16
495,360,370,382,382,01_0,01_0,9.31716611455965e-18
495,360,370,361,382,01_0,01_0,1.6830561217596e-28
495,360,370,382,383,01_0,01_0,1.50976163354894e-34
495,360,370,380,360,01_0,01_0,1.21756401137945e-16
495,360,370,381,360,01_0,01_0,1.48397919091882e-19
495,360,370,360,360,01_0,01_0,9.36500386551844e-18
495,360,370,361,360,01_0,01_0,1.36932188315379e-25
495,360,370,380,361,01_0,01_0,1.49586705027246e-19
495,360,370,381,361,01_0,01_0,1.19961645514906e-16
495,360,370,382,361,01_0,01_0,1.71929632994349e-28
495,360,370,360,361,01_0,01_0,1.39759493399804e-25
495,360,370,361,361,01_0,01_0,9.11271906892405e-18
495,360,370,381,362,01_0,01_0,1.6921867569287e-22
495,360,370,382,362,01_0,01_0,1.5957689988702e-28
495,360,370,361,362,01_0,01_0,1.56144262050657e-28
495,360,370,382,363,01_0,01_0,2.29453652204479e-40
495,360,370,360,340,01_0,01_0,1.50429943943304e-34
495,360,370,361,340,01_0,01_0,1.81075510311698e-37
495,360,370,360,341,01_0,01_0,1.82648613264567e-37
495,360,370,361,341,01_0,01_0,1.44662249274502e-34
495,360,370,361,342,01_0,01_0,2.19582897342228e-40
495,370,380,380,380,01_0,01_0,0.503487722605185
495,370,380,381,380,01_0,01_0,7.45176838909938e-09
495,370,380,360,380,01_0,01_0,8.68431936034226e-18
495,370,380,361,380,01_0,01_0,1.04501818271973e-20
495,370,380,380,381,01_0,01_0,7.52298899053831e-09
495,370,380,381,381,01_0,01_0,0.496512262420058
495,370,380,382,381,01_0,01_0,8.64391453268062e-18
495,370,380,360,381,01_0,01_0,1.06823098349291e-20
495,370,380,361,381,01_0,01_0,8.45797975629839e-18
495,370,380,381,382,01_0,01_0,1.2074263424472e-16
495,370,380,382,382,01_0,01_0,9.37368197378972e-18
495,370,380,361,382,01_0,01_0,1.69326583472168e-28
495,370,380,382,383,01_0,01_0,1.63649799480345e-34
495,370,380,380,360,01_0,01_0,1.22444464644127e-16
495,370,380,381,360,01_0,01_0,1.49189226671412e-19
495,370,380,360,360,01_0,01_0,9.41792325756221e-18
495,370,380,361,360,01_0,01_0,1.37662411115228e-25
495,370,380,380,361,01_0,01_0,1.50412417487844e-19
495,370,380,381,361,01_0,01_0,1.20585588590491e-16
495,370,380,382,361,01_0,01_0,1.72823871343425e-28
495,370,380,360,361,01_0,01_0,1.40530905805734e-25
495,370,380,361,361,01_0,01_0,9.16011965082806e-18
495,370,380,381,362,01_0,01_0,1.6921870069869e-22
495,370,380,382,362,01_0,01_0,1.59576923466845e-28
495,370,380,361,362,01_0,01_0,1.561443467716e-28
495,370,380,382,363,01_0,01_0,2.48715051031124e-40
495,370,380,360,340,01_0,01_0,1.62310552000921e-34
495,370,380,361,340,01_0,01_0,1.95314648218503e-37
495,370,380,360,341,01_0,01_0,1.96149310676401e-37
495,370,380,361,341,01_0,01_0,1.55306008208841e-34
495,370,380,361,342,01_0,01_0,2.35737671652592e-40
495,380,390,380,380,01_0,01_0,0.503487722460358
495,380,390,381,380,01_0,01_0,7.44940602078125e-09
495,380,390,360,380,01_0,01_0,8.68431600641026e-18
495,380,390,361,380,01_0,01_0,1.04468730241721e-20
495,380,390,380,381,01_0,01_0,7.52537469364313e-09
495,380,390,381,381,01_0,01_0,0.496512262564861
495,380,390,382,381,01_0,01_0,8.64391453513604e-18
495,380,390,360,381,01_0,01_0,1.06856933034492e-20
495,380,390,361,381,01_0,01_0,8.45798309910842e-18
495,380,390,381,382,01_0,01_0,1.40224930232856e-16
495,380,390,382,382,01_0,01_0,1.0886162199556e-17
495,380,390,361,382,01_0,01_0,1.96648167233662e-28
495,380,390,382,383,01_0,01_0,5.02822291034e-34
495,380,390,380,360,01_0,01_0,1.41044426993845e-16
495,380,390,381,360,01_0,01_0,1.71797379320824e-19
495,380,390,360,360,01_0,01_0,1.08485514683189e-17
495,380,390,361,360,01_0,01_0,1.58523851409696e-25
495,380,390,380,361,01_0,01_0,1.71762971701231e-19
495,380,390,381,361,01_0,01_0,1.37658666790355e-16
495,380,390,382,361,01_0,01_0,1.97293092786542e-28
495,380,390,360,361,01_0,01_0,1.60478749593408e-25
495,380,390,361,361,01_0,01_0,1.04570568631977e-17
495,380,390,381,362,01_0,01_0,1.692193756039e-22
495,380,390,382,362,01_0,01_0,1.59577559915961e-28
495,380,390,361,362,01_0,01_0,1.5614503119852e-28
495,380,390,382,363,01_0,01_0,7.64189581479615e-40
495,380,390,360,340,01_0,01_0,4.83495284935277e-34
495,380,390,361,340,01_0,01_0,5.81624833294458e-37
495,380,390,360,341,01_0,01_0,5.64138287923307e-37
495,380,390,361,341,01_0,01_0,4.46529014947035e-34
495,380,390,361,342,01_0,01_0,6.77752107296694e-40
495,390,400,380,380,01_0,01_0,0.503487722306034
495,390,400,381,380,01_0,01_0,7.44704440138484e-09
495,390,400,360,380,01_0,01_0,8.68431265337712e-18
495,390,400,361,380,01_0,01_0,1.04435652701087e-20
495,390,400,380,381,01_0,01_0,7.52776115330715e-09
495,390,400,381,381,01_0,01_0,0.49651226271916
495,390,400,382,381,01_0,01_0,8.64391453775673e-18
495,390,400,360,381,01_0,01_0,1.06890778449422e-20
495,390,400,361,381,01_0,01_0,8.45798644313929e-18
495,390,400,381,382,01_0,01_0,6.61611122440199e-16
495,390,400,382,382,01_0,01_0,5.13632346252515e-17
495,390,400,361,382,01_0,01_0,9.27828352862941e-28
495,390,400,382,383,01_0,01_0,9.57977370718815e-33
495,390,400,380,360,01_0,01_0,6.43876926585595e-16
495,390,400,381,360,01_0,01_0,7.84017513155054e-19
495,390,400,360,360,01_0,01_0,4.95243196159619e-17
495,390,400,361,360,01_0,01_0,7.23442495743721e-25
495,390,400,380,361,01_0,01_0,7.54875866917006e-19
495,390,400,381,361,01_0,01_0,6.04800098153653e-16
495,390,400,382,361,01_0,01_0,8.66802538943332e-28
495,390,400,360,361,01_0,01_0,7.05282909845789e-25
495,390,400,361,361,01_0,01_0,4.59428502632141e-17
495,390,400,381,362,01_0,01_0,1.69237625014929e-22
495,390,400,382,362,01_0,01_0,1.59594769507161e-28
495,390,400,361,362,01_0,01_0,1.5616193230409e-28
495,390,400,382,363,01_0,01_0,1.45593451016485e-38
495,390,400,360,340,01_0,01_0,9.16656246803286e-33
495,390,400,361,340,01_0,01_0,1.10235083947838e-35
495,390,400,360,341,01_0,01_0,1.06342719252562e-35
495,390,400,361,341,01_0,01_0,8.41461995891753e-33
495,390,400,361,342,01_0,01_0,1.27718097010505e-38
495,400,410,380,380,01_0,01_0,0.503487722142198
495,400,410,381,380,01_0,01_0,7.44468353067256e-09
495,400,410,360,380,01_0,01_0,8.68430930124227e-18
495,400,410,361,380,01_0,01_0,1.04402585646741e-20
495,400,410,380,381,01_0,01_0,7.53014836976989e-09
495,400,410,381,381,01_0,01_0,0.496512262882925
495,400,410,382,381,01_0,01_0,8.64391454054223e-18
495,400,410,360,381,01_0,01_0,1.06924634597478e-20
495,400,410,361,381,01_0,01_0,8.45798978839087e-18
495,400,410,381,382,01_0,01_0,1.46149748353624e-14
495,400,410,382,382,01_0,01_0,1.13461269927943e-15
495,400,410,361,382,01_0,01_0,2.04957155759184e-26
495,400,410,382,383,01_0,01_0,2.52497607770118e-31
495,400,410,380,360,01_0,01_0,1.42375130446556e-14
495,400,410,381,360,01_0,01_0,1.73308288862301e-17
495,400,410,360,360,01_0,01_0,1.09508952022781e-15
495,400,410,361,360,01_0,01_0,1.59918150387598e-23
495,400,410,380,361,01_0,01_0,1.67133639334986e-17
495,400,410,381,361,01_0,01_0,1.33863593555488e-14
495,400,410,382,361,01_0,01_0,1.91853974758477e-26
495,400,410,360,361,01_0,01_0,1.56153427586548e-23
495,400,410,361,361,01_0,01_0,1.01687772267276e-15
495,400,410,381,362,01_0,01_0,1.69731182498191e-22
495,400,410,382,362,01_0,01_0,1.60060204971452e-28
495,400,410,361,362,01_0,01_0,1.56617418280418e-28
495,400,410,382,363,01_0,01_0,3.83745996641592e-37
495,400,410,360,340,01_0,01_0,2.43908982928191e-31
495,400,410,361,340,01_0,01_0,2.9322687155474e-34
495,400,410,360,341,01_0,01_0,2.86246708780547e-34
495,400,410,361,341,01_0,01_0,2.26427871270319e-31
495,400,410,361,342,01_0,01_0,3.43680073416195e-37
495,410,420,380,380,01_0,01_0,0.503487721968484
495,410,420,381,380,01_0,01_0,7.4423234084016e-09
495,410,420,360,380,01_0,01_0,8.68430594999903e-18
495,410,420,361,380,01_0,01_0,1.04369529075284e-20
495,410,420,380,381,01_0,01_0,7.53253634326039e-09
495,410,420,381,381,01_0,01_0,0.496512263055436
495,410,420,382,381,01_0,01_0,8.64391454347995e-18
495,410,420,360,381,01_0,01_0,1.06958501481908e-20
495,410,420,361,381,01_0,01_0,8.45799313485118e-18
495,410,420,381,382,01_0,01_0,3.88035602059134e-13
495,410,420,382,382,01_0,01_0,3.01245898008814e-14
495,410,420,361,382,01_0,01_0,5.44172710979438e-25
495,410,420,382,383,01_0,01_0,6.75347700065469e-30
495,410,420,380,360,01_0,01_0,3.8172958873438e-13
495,410,420,381,360,01_0,01_0,4.64518827893162e-16
495,410,420,360,360,01_0,01_0,2.936102040444e-14
495,410,420,361,360,01_0,01_0,4.28629361181077e-22
495,410,420,380,361,01_0,01_0,4.5349423606717e-16
495,410,420,381,361,01_0,01_0,3.63105375765885e-13
495,410,420,382,361,01_0,01_0,5.20404448633383e-25
495,410,420,360,361,01_0,01_0,4.23700772218598e-22
495,410,420,361,361,01_0,01_0,2.75828478642718e-14
495,410,420,381,362,01_0,01_0,1.83081172063464e-22
495,410,420,382,362,01_0,01_0,1.72649536139193e-28
495,410,420,361,362,01_0,01_0,1.68936028237577e-28
495,410,420,382,363,01_0,01_0,1.0263937885589e-35
495,410,420,360,340,01_0,01_0,6.59005521950487e-30
495,410,420,361,340,01_0,01_0,7.92004523792623e-33
495,410,420,360,341,01_0,01_0,7.82960574119492e-33
495,410,420,361,341,01_0,01_0,6.19144347481528e-30
495,410,420,361,342,01_0,01_0,9.39773643219579e-36
495,420,430,380,380,01_0,01_0,0.503487721774958
495,420,430,381,380,01_0,01_0,7.43996403418792e-09
495,420,430,360,380,01_0,01_0,8.68430259947574e-18
495,420,430,361,380,01_0,01_0,1.04336482981334e-20
495,420,430,380,381,01_0,01_0,7.53492507372206e-09
495,420,430,381,381,01_0,01_0,0.496512263217144
495,420,430,382,381,01_0,01_0,8.64391454622959e-18
495,420,430,360,381,01_0,01_0,1.06992379101905e-20
495,420,430,361,381,01_0,01_0,8.45799648218758e-18
495,420,430,381,382,01_0,01_0,1.03815373631193e-11
495,420,430,382,382,01_0,01_0,8.05955827002855e-13
495,420,430,361,382,01_0,01_0,1.45588485566571e-23
495,420,430,382,383,01_0,01_0,1.80733017161313e-28
495,420,430,380,360,01_0,01_0,1.03165568056176e-11
495,420,430,381,360,01_0,01_0,1.25500243587796e-14
495,420,430,360,360,01_0,01_0,7.93505473676484e-13
495,420,430,361,360,01_0,01_0,1.15803940074349e-20
495,420,430,380,361,01_0,01_0,1.24081390422654e-14
495,420,430,381,361,01_0,01_0,9.93184324319754e-12
495,420,430,382,361,01_0,01_0,1.42343676293646e-23
495,420,430,360,361,01_0,01_0,1.15929501403699e-20
495,420,430,361,361,01_0,01_0,7.54460406816513e-13
495,420,430,381,362,01_0,01_0,5.44222614239582e-22
495,420,430,382,362,01_0,01_0,5.13213788426257e-28
495,420,430,361,362,01_0,01_0,5.02175304244864e-28
495,420,430,382,363,01_0,01_0,2.74678134217229e-34
495,420,430,360,340,01_0,01_0,1.78155038031334e-28
495,420,430,361,340,01_0,01_0,2.1404217414899e-31
495,420,430,360,341,01_0,01_0,2.14287225238401e-31
495,420,430,361,341,01_0,01_0,1.6939903687139e-28
495,420,430,361,342,01_0,01_0,2.57127834406183e-34
495,430,440,380,380,01_0,01_0,0.503487721293082
495,430,440,381,380,01_0,01_0,7.43760540382757e-09
495,430,440,360,380,01_0,01_0,8.68429924504024e-18
495,430,440,361,380,01_0,01_0,1.04303447305939e-20
495,430,440,380,381,01_0,01_0,7.53731455336636e-09
495,430,440,381,381,01_0,01_0,0.496512262839188
495,430,440,382,381,01_0,01_0,8.64391453958404e-18
495,430,440,360,381,01_0,01_0,1.07026267346871e-20
495,430,440,361,381,01_0,01_0,8.45799982139134e-18
495,430,440,381,382,01_0,01_0,2.77828138242398e-10
495,430,440,382,382,01_0,01_0,2.15687907376404e-11
495,430,440,361,382,01_0,01_0,3.89620462553176e-22
495,430,440,382,383,01_0,01_0,4.836782293046e-27
495,430,440,380,360,01_0,01_0,2.78895931257024e-10
495,430,440,381,360,01_0,01_0,3.39167531981302e-13
495,430,440,360,360,01_0,01_0,2.14514752293585e-11
495,430,440,361,360,01_0,01_0,3.12963154191984e-19
495,430,440,380,361,01_0,01_0,3.39605495928077e-13
495,430,440,381,361,01_0,01_0,2.71744155709634e-10
495,430,440,382,361,01_0,01_0,3.89465089083257e-22
495,430,440,360,361,01_0,01_0,3.17293999633108e-19
495,430,440,361,361,01_0,01_0,2.06427228404801e-11
495,430,440,381,362,01_0,01_0,1.03149508572772e-20
495,430,440,382,362,01_0,01_0,9.72722350806847e-27
495,430,440,361,362,01_0,01_0,9.51800880458912e-27
495,430,440,382,363,01_0,01_0,7.35094426428462e-33
495,430,440,360,340,01_0,01_0,4.81633191050525e-27
495,430,440,361,340,01_0,01_0,5.78469266731224e-30
495,430,440,360,341,01_0,01_0,5.86492071232354e-30
495,430,440,361,341,01_0,01_0,4.63489006642978e-27
495,430,440,361,342,01_0,01_0,7.03532746579313e-33
