rasterCell,tile
1,380
2,381
3,382
4,383
5,384
6,385
7,386
8,387
9,388
10,389
11,390
12,391
13,392
14,393
15,394
16,395
17,396
18,397
19,398
20,399
21,360
22,361
23,362
24,363
25,364
26,365
27,366
28,367
29,368
30,369
31,370
32,371
33,372
34,373
35,374
36,375
37,376
38,377
39,378
40,379
41,340
42,341
43,342
44,343
45,344
46,345
47,346
48,347
49,348
50,349
51,350
52,351
53,352
54,353
55,354
56,355
57,356
58,357
59,358
60,359
61,320
62,321
63,322
64,323
65,324
66,325
67,326
68,327
69,328
70,329
71,330
72,331
73,332
74,333
75,334
76,335
77,336
78,337
79,338
80,339
81,300
82,301
83,302
84,303
85,304
86,305
87,306
88,307
89,308
90,309
91,310
92,311
93,312
94,313
95,314
96,315
97,316
98,317
99,318
100,319
101,280
102,281
103,282
104,283
105,284
106,285
107,286
108,287
109,288
110,289
111,290
112,291
113,292
114,293
115,294
116,295
117,296
118,297
119,298
120,299
121,260
122,261
123,262
124,263
125,264
126,265
127,266
128,267
129,268
130,269
131,270
132,271
133,272
134,273
135,274
136,275
137,276
138,277
139,278
140,279
141,240
142,241
143,242
144,243
145,244
146,245
147,246
148,247
149,248
150,249
151,250
152,251
153,252
154,253
155,254
156,255
157,256
158,257
159,258
160,259
161,220
162,221
163,222
164,223
165,224
166,225
167,226
168,227
169,228
170,229
171,230
172,231
173,232
174,233
175,234
176,235
177,236
178,237
179,238
180,239
181,200
182,201
183,202
184,203
185,204
186,205
187,206
188,207
189,208
190,209
191,210
192,211
193,212
194,213
195,214
196,215
197,216
198,217
199,218
200,219
201,180
202,181
203,182
204,183
205,184
206,185
207,186
208,187
209,188
210,189
211,190
212,191
213,192
214,193
215,194
216,195
217,196
218,197
219,198
220,199
221,160
222,161
223,162
224,163
225,164
226,165
227,166
228,167
229,168
230,169
231,170
232,171
233,172
234,173
235,174
236,175
237,176
238,177
239,178
240,179
241,140
242,141
243,142
244,143
245,144
246,145
247,146
248,147
249,148
250,149
251,150
252,151
253,152
254,153
255,154
256,155
257,156
258,157
259,158
260,159
261,120
262,121
263,122
264,123
265,124
266,125
267,126
268,127
269,128
270,129
271,130
272,131
273,132
274,133
275,134
276,135
277,136
278,137
279,138
280,139
281,100
282,101
283,102
284,103
285,104
286,105
287,106
288,107
289,108
290,109
291,110
292,111
293,112
294,113
295,114
296,115
297,116
298,117
299,118
300,119
301,80
302,81
303,82
304,83
305,84
306,85
307,86
308,87
309,88
310,89
311,90
312,91
313,92
314,93
315,94
316,95
317,96
318,97
319,98
320,99
321,60
322,61
323,62
324,63
325,64
326,65
327,66
328,67
329,68
330,69
331,70
332,71
333,72
334,73
335,74
336,75
337,76
338,77
339,78
340,79
341,40
342,41
343,42
344,43
345,44
346,45
347,46
348,47
349,48
350,49
351,50
352,51
353,52
354,53
355,54
356,55
357,56
358,57
359,58
360,59
361,20
362,21
363,22
364,23
365,24
366,25
367,26
368,27
369,28
370,29
371,30
372,31
373,32
374,33
375,34
376,35
377,36
378,37
379,38
380,39
381,0
382,1
383,2
384,3
385,4
386,5
387,6
388,7
389,8
390,9
391,10
392,11
393,12
394,13
395,14
396,15
397,16
398,17
399,18
400,19
