"","k","i","j","TA","area"
"1",1,1,1,18,250.098670067053
"2",1,1,1,19,62249.9013299329
"3",1,1,2,18,27404.3471033503
"4",1,1,2,19,35095.6528966497
"5",1,1,3,18,60551.4735446038
"6",1,1,3,19,1948.52645539619
"7",1,1,4,18,62500
"8",1,1,5,17,621.293557868472
"9",1,1,5,18,61878.7064421315
"10",1,1,6,17,25883.663582543
"11",1,1,6,18,36616.336417457
"12",1,1,7,17,57929.0156782876
"13",1,1,7,18,4570.98432171239
"14",1,1,8,17,62500
"15",1,1,9,17,62500
"16",1,1,10,16,6075.65458086317
"17",1,1,10,17,56424.3454191368
"18",1,1,11,16,33323.7568810944
"19",1,1,11,17,29176.2431189056
"20",1,1,12,16,58150.2924103978
"21",1,1,12,17,4349.70758960219
"22",1,1,13,16,62500
"23",1,1,14,16,62500
"24",1,1,15,16,62500
"25",1,1,16,15,4833.20151228946
"26",1,1,16,16,57666.7984877105
"27",1,1,17,15,22357.7873109363
"28",1,1,17,16,40142.2126890637
"29",1,1,18,15,38767.353708573
"30",1,1,18,16,23732.646291427
"31",1,1,19,15,53249.629089057
"32",1,1,19,16,9250.37091094298
"33",1,1,20,15,62219.9189826565
"34",1,1,20,16,280.081017343517
"35",1,1,21,15,62500
"36",1,1,22,15,62500
"37",1,1,23,15,62500
"38",1,1,24,15,62500
"39",1,1,25,15,62500
"40",1,1,26,15,62500
"41",1,1,27,15,62500
"42",1,1,28,15,62500
"43",1,1,29,15,62500
"44",1,1,30,15,62500
"45",1,1,31,15,62500
"46",1,1,32,15,62500
"47",1,1,33,15,62230.3852782509
"48",1,1,33,16,269.61472174908
"49",1,1,34,15,53303.7417846177
"50",1,1,34,16,9196.25821538231
"51",1,1,35,15,38829.0942941691
"52",1,1,35,16,23670.9057058309
"53",1,1,36,15,22427.3219217005
"54",1,1,36,16,40072.6780782995
"55",1,1,37,15,4887.3473247741
"56",1,1,37,16,57612.6526752259
"57",1,1,38,16,62500
"58",1,1,39,16,62500
"59",1,1,40,16,62500
"60",1,2,1,18,43512.197422562
"61",1,2,1,19,18987.802577438
"62",1,2,2,18,62500
"63",1,2,3,18,62500
"64",1,2,4,17,10327.8236187856
"65",1,2,4,18,52172.1763812144
"66",1,2,5,17,49042.9889072198
"67",1,2,5,18,13457.0110927802
"68",1,2,6,17,62500
"69",1,2,7,17,62500
"70",1,2,8,16,4849.82194837433
"71",1,2,8,17,57650.1780516257
"72",1,2,9,16,34872.3211888514
"73",1,2,9,17,27627.6788111486
"74",1,2,10,16,60415.0806280124
"75",1,2,10,17,2084.91937198761
"76",1,2,11,16,62500
"77",1,2,12,16,62500
"78",1,2,13,15,2705.32575680179
"79",1,2,13,16,59794.6742431982
"80",1,2,14,15,23580.8067455378
"81",1,2,14,16,38919.1932544622
"82",1,2,15,15,46070.352306277
"83",1,2,15,16,16429.647693723
"84",1,2,16,15,61642.88588245
"85",1,2,16,16,857.11411754998
"86",1,2,17,15,62500
"87",1,2,18,15,62500
"88",1,2,19,15,62500
"89",1,2,20,15,62500
"90",1,2,21,14,756.094901001756
"91",1,2,21,15,61743.9050989982
"92",1,2,22,14,8276.64684134003
"93",1,2,22,15,54223.35315866
"94",1,2,23,14,15858.3711118685
"95",1,2,23,15,46641.6288881315
"96",1,2,24,14,21527.3914969726
"97",1,2,24,15,40972.6085030274
"98",1,2,25,14,25299.3874894001
"99",1,2,25,15,37200.6125105999
"100",1,2,26,14,27184.6967869667
"101",1,2,26,15,35315.3032130333
"102",1,2,27,14,27188.4581677119
"103",1,2,27,15,35311.5418322881
"104",1,2,28,14,25310.6818653221
"105",1,2,28,15,37189.3181346779
"106",1,2,29,14,21546.2497088531
"107",1,2,29,15,40953.7502911469
"108",1,2,30,14,15884.8450312273
"109",1,2,30,15,46615.1549687727
"110",1,2,31,14,8310.81009168533
"111",1,2,31,15,54189.1899083147
"112",1,2,32,14,771.543762749969
"113",1,2,32,15,61728.45623725
"114",1,2,33,15,62500
"115",1,2,34,15,62500
"116",1,2,35,15,62500
"117",1,2,36,15,62500
"118",1,2,37,15,61666.2616473248
"119",1,2,37,16,833.738352675195
"120",1,2,38,15,46156.0835436471
"121",1,2,38,16,16343.9164563529
"122",1,2,39,15,23675.0036775948
"123",1,2,39,16,38824.9963224052
"124",1,2,40,15,2752.02182249986
"125",1,2,40,16,59747.9781775001
"126",1,3,1,18,62500
"127",1,3,2,17,141.103958593688
"128",1,3,2,18,62358.8960414063
"129",1,3,3,17,26688.8123736737
"130",1,3,3,18,35811.1876263263
"131",1,3,4,17,60492.0865521826
"132",1,3,4,18,2007.91344781735
"133",1,3,5,17,62500
"134",1,3,6,16,755.283579789108
"135",1,3,6,17,61744.7164202109
"136",1,3,7,16,26840.900350952
"137",1,3,7,17,35659.099649048
"138",1,3,8,16,58512.9445757151
"139",1,3,8,17,3987.05542428487
"140",1,3,9,16,62500
"141",1,3,10,16,62500
"142",1,3,11,15,6974.16592527525
"143",1,3,11,16,55525.8340747247
"144",1,3,12,15,34565.6340350506
"145",1,3,12,16,27934.3659649494
"146",1,3,13,15,58733.4827929313
"147",1,3,13,16,3766.51720706867
"148",1,3,14,15,62500
"149",1,3,15,15,62500
"150",1,3,16,15,62500
"151",1,3,17,14,4232.05609402075
"152",1,3,17,15,58267.9439059792
"153",1,3,18,14,20807.3837853058
"154",1,3,18,15,41692.6162146942
"155",1,3,19,14,36313.1064235809
"156",1,3,19,15,26186.8935764191
"157",1,3,20,14,49784.2550343684
"158",1,3,20,15,12715.7449656316
"159",1,3,21,14,60504.8824659875
"160",1,3,21,15,1995.11753401246
"161",1,3,22,14,62500
"162",1,3,23,14,62500
"163",1,3,24,14,62500
"164",1,3,25,14,62500
"165",1,3,26,14,62500
"166",1,3,27,14,62500
"167",1,3,28,14,62500
"168",1,3,29,14,62500
"169",1,3,30,14,62500
"170",1,3,31,14,62500
"171",1,3,32,14,60531.3826036275
"172",1,3,32,15,1968.61739637249
"173",1,3,33,14,49834.1103944131
"174",1,3,33,15,12665.8896055869
"175",1,3,34,14,36371.0147536675
"176",1,3,34,15,26128.9852463325
"177",1,3,35,14,20873.5199675351
"178",1,3,35,15,41626.4800324649
"179",1,3,36,14,4281.65608402025
"180",1,3,36,15,58218.3439159797
"181",1,3,37,15,62500
"182",1,3,38,15,62500
"183",1,3,39,15,62500
"184",1,3,40,15,58789.7431114337
"185",1,3,40,16,3710.25688856635
"186",1,4,1,17,3017.74127476579
"187",1,4,1,18,59482.2587252342
"188",1,4,2,17,41942.2128828283
"189",1,4,2,18,20557.7871171717
"190",1,4,3,17,62500
"191",1,4,4,17,62500
"192",1,4,5,16,10311.8046459137
"193",1,4,5,17,52188.1953540863
"194",1,4,6,16,49412.0058034909
"195",1,4,6,17,13087.9941965091
"196",1,4,7,16,62500
"197",1,4,8,16,62500
"198",1,4,9,15,5546.03817088995
"199",1,4,9,16,56953.96182911
"200",1,4,10,15,36251.145843206
"201",1,4,10,16,26248.854156794
"202",1,4,11,15,60896.819593831
"203",1,4,11,16,1603.18040616898
"204",1,4,12,15,62500
"205",1,4,13,15,62500
"206",1,4,14,14,3100.72204595844
"207",1,4,14,15,59399.2779540416
"208",1,4,15,14,24065.2057436592
"209",1,4,15,15,38434.7942563408
"210",1,4,16,14,45993.7809337527
"211",1,4,16,15,16506.2190662473
"212",1,4,17,14,61487.4723136023
"213",1,4,17,15,1012.52768639768
"214",1,4,18,14,62500
"215",1,4,19,14,62500
"216",1,4,20,14,62500
"217",1,4,21,14,62500
"218",1,4,22,14,62500
"219",1,4,23,13,1826.42452070922
"220",1,4,23,14,60673.5754792908
"221",1,4,24,13,7599.33940243971
"222",1,4,24,14,54900.6605975603
"223",1,4,25,13,11641.9901922075
"224",1,4,25,14,50858.0098077924
"225",1,4,26,13,13662.1683121358
"226",1,4,26,14,48837.8316878642
"227",1,4,27,13,13666.1984979531
"228",1,4,27,14,48833.8015020469
"229",1,4,28,13,11654.0933408721
"230",1,4,28,14,50845.9066591279
"231",1,4,29,13,7619.55348510161
"232",1,4,29,14,54880.4465148984
"233",1,4,30,13,1846.07710356552
"234",1,4,30,14,60653.9228964345
"235",1,4,31,14,62500
"236",1,4,32,14,62500
"237",1,4,33,14,62500
"238",1,4,34,14,62500
"239",1,4,35,14,62500
"240",1,4,36,14,61512.4423452047
"241",1,4,36,15,987.557654795259
"242",1,4,37,14,46077.0253911841
"243",1,4,37,15,16422.9746088159
"244",1,4,38,14,24157.4041688511
"245",1,4,38,15,38342.5958311489
"246",1,4,39,14,3150.30913173275
"247",1,4,39,15,59349.6908682673
"248",1,4,40,15,62500
"249",1,5,1,17,51266.244142818
"250",1,5,1,18,11233.755857182
"251",1,5,2,17,62500
"252",1,5,3,16,47.7305572887781
"253",1,5,3,17,62452.2694427112
"254",1,5,4,16,25693.1770971306
"255",1,5,4,17,36806.8229028694
"256",1,5,5,16,60368.8346681916
"257",1,5,5,17,2131.16533180838
"258",1,5,6,16,62500
"259",1,5,7,15,880.996172789971
"260",1,5,7,16,61619.00382721
"261",1,5,8,15,27739.5339187373
"262",1,5,8,16,34760.4660812627
"263",1,5,9,15,59040.6402469495
"264",1,5,9,16,3459.35975305051
"265",1,5,10,15,62500
"266",1,5,11,15,62500
"267",1,5,12,14,7932.91575137452
"268",1,5,12,15,54567.0842486255
"269",1,5,13,14,35786.4315147666
"270",1,5,13,15,26713.5684852334
"271",1,5,14,14,59257.7639327244
"272",1,5,14,15,3242.23606727559
"273",1,5,15,14,62500
"274",1,5,16,14,62500
"275",1,5,17,14,62500
"276",1,5,18,13,3457.13037394426
"277",1,5,18,14,59042.8696260557
"278",1,5,19,13,18864.2635921904
"279",1,5,19,14,43635.7364078096
"280",1,5,20,13,33348.0635464668
"281",1,5,20,14,29151.9364535332
"282",1,5,21,13,45675.8017209012
"283",1,5,21,14,16824.1982790988
"284",1,5,22,13,55889.0597246651
"285",1,5,22,14,6610.9402753349
"286",1,5,23,13,62195.0549796893
"287",1,5,23,14,304.945020310653
"288",1,5,24,13,62500
"289",1,5,25,13,62500
"290",1,5,26,13,62500
"291",1,5,27,13,62500
"292",1,5,28,13,62500
"293",1,5,29,13,62500
"294",1,5,30,13,62203.7913643918
"295",1,5,30,14,296.208635608193
"296",1,5,31,13,55925.714532192
"297",1,5,31,14,6574.28546780795
"298",1,5,32,13,45720.8418155319
"299",1,5,32,14,16779.1581844681
"300",1,5,33,13,33401.6388768676
"301",1,5,33,14,29098.3611231324
"302",1,5,34,13,18926.5572211365
"303",1,5,34,14,43573.4427788635
"304",1,5,35,13,3500.83012773744
"305",1,5,35,14,58999.1698722626
"306",1,5,36,14,62500
"307",1,5,37,14,62500
"308",1,5,38,14,62500
"309",1,5,39,14,59309.6530548671
"310",1,5,39,15,3190.34694513294
"311",1,5,40,14,35897.5602379417
"312",1,5,40,15,26602.4397620583
"313",1,6,1,17,62500
"314",1,6,2,16,2089.81034670034
"315",1,6,2,17,60410.1896532997
"316",1,6,3,16,39936.9095918337
"317",1,6,3,17,22563.0904081663
"318",1,6,4,16,62500
"319",1,6,5,16,62500
"320",1,6,6,15,10164.8246122969
"321",1,6,6,16,52335.1753877031
"322",1,6,7,15,49668.3744265694
"323",1,6,7,16,12831.6255734306
"324",1,6,8,15,62500
"325",1,6,9,15,62500
"326",1,6,10,14,6273.17585096121
"327",1,6,10,15,56226.8241490388
"328",1,6,11,14,37626.5837217583
"329",1,6,11,15,24873.4162782417
"330",1,6,12,14,61315.2067738653
"331",1,6,12,15,1184.79322613475
"332",1,6,13,14,62500
"333",1,6,14,14,62500
"334",1,6,15,13,3488.12039397307
"335",1,6,15,14,59011.8796060269
"336",1,6,16,13,24424.6212827446
"337",1,6,16,14,38075.3787172554
"338",1,6,17,13,45717.8165205442
"339",1,6,17,14,16782.1834794558
"340",1,6,18,13,61217.0101025932
"341",1,6,18,14,1282.98989740675
"342",1,6,19,13,62500
"343",1,6,20,13,62500
"344",1,6,21,13,62500
"345",1,6,22,13,62500
"346",1,6,23,13,62500
"347",1,6,24,13,62500
"348",1,6,25,13,62500
"349",1,6,26,12,225.296591792637
"350",1,6,26,13,62274.7034082074
"351",1,6,27,12,227.296591792637
"352",1,6,27,13,62272.7034082074
"353",1,6,28,13,62500
"354",1,6,29,13,62500
"355",1,6,30,13,62500
"356",1,6,31,13,62500
"357",1,6,32,13,62500
"358",1,6,33,13,62500
"359",1,6,34,13,62500
"360",1,6,35,13,61244.5417799933
"361",1,6,35,14,1255.45822000674
"362",1,6,36,13,45798.2458892839
"363",1,6,36,14,16701.7541107161
"364",1,6,37,13,24514.5546113398
"365",1,6,37,14,37985.4453886602
"366",1,6,38,13,3540.22601923805
"367",1,6,38,14,58959.773980762
"368",1,6,39,14,62500
"369",1,6,40,14,62500
"370",1,7,1,16,5019.34634792736
"371",1,7,1,17,57480.6536520726
"372",1,7,2,16,48704.5132043547
"373",1,7,2,17,13795.4867956453
"374",1,7,3,16,62500
"375",1,7,4,15,0.503219192118195
"376",1,7,4,16,62499.4967808079
"377",1,7,5,15,24357.2701577244
"378",1,7,5,16,38142.7298422756
"379",1,7,6,15,60163.9905424588
"380",1,7,6,16,2336.00945754122
"381",1,7,7,15,62500
"382",1,7,8,14,989.73788603001
"383",1,7,8,15,61510.26211397
"384",1,7,9,14,28567.1876629889
"385",1,7,9,15,33932.8123370111
"386",1,7,10,14,59512.6692184196
"387",1,7,10,15,2987.33078158043
"388",1,7,11,14,62500
"389",1,7,12,14,62500
"390",1,7,13,13,8951.14339215746
"391",1,7,13,14,53548.8566078425
"392",1,7,14,13,36981.7442603925
"393",1,7,14,14,25518.2557396075
"394",1,7,15,13,59723.4962432901
"395",1,7,15,14,2776.50375670989
"396",1,7,16,13,62500
"397",1,7,17,13,62500
"398",1,7,18,13,62500
"399",1,7,19,12,2518.70358749746
"400",1,7,19,13,59981.2964125025
"401",1,7,20,12,16443.1605513007
"402",1,7,20,13,46056.8394486993
"403",1,7,21,12,29761.2669923874
"404",1,7,21,13,32738.7330076126
"405",1,7,22,12,40784.1972928732
"406",1,7,22,13,21715.8027071268
"407",1,7,23,12,49554.4419486665
"408",1,7,23,13,12945.5580513335
"409",1,7,24,12,56105.060362363
"410",1,7,24,13,6394.93963763703
"411",1,7,25,12,60460.3234507579
"412",1,7,25,13,2039.67654924212
"413",1,7,26,12,62410.875566814
"414",1,7,26,13,89.1244331859925
"415",1,7,27,12,62413.2159471876
"416",1,7,27,13,86.7840528123561
"417",1,7,28,12,60473.3603245471
"418",1,7,28,13,2026.63967545288
"419",1,7,29,12,56126.8412140913
"420",1,7,29,13,6373.15878590868
"421",1,7,30,12,49585.0468865321
"422",1,7,30,13,12914.9531134679
"423",1,7,31,12,40823.7405436191
"424",1,7,31,13,21676.2594563809
"425",1,7,32,12,29809.899085434
"426",1,7,32,13,32690.100914566
"427",1,7,33,12,16501.0712922054
"428",1,7,33,13,45998.9287077946
"429",1,7,34,12,2554.85445904325
"430",1,7,34,13,59945.1455409567
"431",1,7,35,13,62500
"432",1,7,36,13,62500
"433",1,7,37,13,62500
"434",1,7,38,13,59771.186406601
"435",1,7,38,14,2728.81359339902
"436",1,7,39,13,37091.8217805501
"437",1,7,39,14,25408.1782194499
"438",1,7,40,13,9043.37570868892
"439",1,7,40,14,53456.6242913111
"440",1,8,1,16,52791.0130045527
"441",1,8,1,17,9708.98699544733
"442",1,8,2,16,62500
"443",1,8,3,15,1209.66282994734
"444",1,8,3,16,61290.3371700527
"445",1,8,4,15,37372.1835884569
"446",1,8,4,16,25127.8164115431
"447",1,8,5,15,62500
"448",1,8,6,15,62500
"449",1,8,7,14,9865.61471020118
"450",1,8,7,15,52634.3852897988
"451",1,8,8,14,49794.5508267408
"452",1,8,8,15,12705.4491732592
"453",1,8,9,14,62500
"454",1,8,10,14,62500
"455",1,8,11,13,7024.89340000244
"456",1,8,11,14,55475.1065999976
"457",1,8,12,13,38997.8982672373
"458",1,8,12,14,23502.1017327627
"459",1,8,13,13,61670.344102019
"460",1,8,13,14,829.655897980978
"461",1,8,14,13,62500
"462",1,8,15,13,62500
"463",1,8,16,12,3852.43397690188
"464",1,8,16,13,58647.5660230981
"465",1,8,17,12,24631.5669143131
"466",1,8,17,13,37868.4330856869
"467",1,8,18,12,45198.904507218
"468",1,8,18,13,17301.095492782
"469",1,8,19,12,60758.3959782417
"470",1,8,19,13,1741.60402175833
"471",1,8,20,12,62500
"472",1,8,21,12,62500
"473",1,8,22,12,62500
"474",1,8,23,12,62500
"475",1,8,24,12,62500
"476",1,8,25,12,62500
"477",1,8,26,12,62500
"478",1,8,27,12,62500
"479",1,8,28,12,62500
"480",1,8,29,12,62500
"481",1,8,30,12,62500
"482",1,8,31,12,62500
"483",1,8,32,12,62500
"484",1,8,33,12,62500
"485",1,8,34,12,60789.6674823402
"486",1,8,34,13,1710.33251765984
"487",1,8,35,12,45276.1197202266
"488",1,8,35,13,17223.8802797734
"489",1,8,36,12,24718.9108182224
"490",1,8,36,13,37781.0891817776
"491",1,8,37,12,3906.6033558855
"492",1,8,37,13,58593.3966441145
"493",1,8,38,13,62500
"494",1,8,39,13,62500
"495",1,8,40,13,61698.9615811638
"496",1,8,40,14,801.038418836157
"497",1,9,1,16,62500
"498",1,9,2,15,2964.26158257257
"499",1,9,2,16,59535.7384174274
"500",1,9,3,15,45350.7605744663
"501",1,9,3,16,17149.2394255337
"502",1,9,4,15,62500
"503",1,9,5,15,62500
"504",1,9,6,14,22650.2461338461
"505",1,9,6,15,39849.7538661539
"506",1,9,7,14,59851.2362265612
"507",1,9,7,15,2648.76377343884
"508",1,9,8,14,62500
"509",1,9,9,13,1071.30242920531
"510",1,9,9,14,61428.6975707947
"511",1,9,10,13,29307.7242335659
"512",1,9,10,14,33192.2757664341
"513",1,9,11,13,59929.8861603657
"514",1,9,11,14,2570.11383963429
"515",1,9,12,13,62500
"516",1,9,13,13,62500
"517",1,9,14,12,10027.9918742185
"518",1,9,14,13,52472.0081257815
"519",1,9,15,12,38145.8463664666
"520",1,9,15,13,24354.1536335334
"521",1,9,16,12,60130.9930364477
"522",1,9,16,13,2369.00696355225
"523",1,9,17,12,62500
"524",1,9,18,12,62500
"525",1,9,19,12,62500
"526",1,9,20,11,1471.59638642814
"527",1,9,20,12,61028.4036135719
"528",1,9,21,11,13431.7015990569
"529",1,9,21,12,49068.2984009431
"530",1,9,22,11,25406.2787372035
"531",1,9,22,12,37093.7212627965
"532",1,9,23,11,34924.1907492161
"533",1,9,23,12,27575.8092507839
"534",1,9,24,11,42027.8564690718
"535",1,9,24,12,20472.1435309282
"536",1,9,25,11,46748.2993661024
"537",1,9,25,12,15751.7006338976
"538",1,9,26,11,49105.840744969
"539",1,9,26,12,13394.159255031
"540",1,9,27,11,49110.5430698682
"541",1,9,27,12,13389.4569301318
"542",1,9,28,11,46762.4263540056
"543",1,9,28,12,15737.5736459944
"544",1,9,29,11,42051.4685879121
"545",1,9,29,12,20448.5314120879
"546",1,9,30,11,34957.390228175
"547",1,9,30,12,27542.609771825
"548",1,9,31,11,25449.2118181385
"549",1,9,31,12,37050.7881818615
"550",1,9,32,11,13484.5618508867
"551",1,9,32,12,49015.4381491133
"552",1,9,33,11,1498.16214306182
"553",1,9,33,12,61001.8378569382
"554",1,9,34,12,62500
"555",1,9,35,12,62500
"556",1,9,36,12,62500
"557",1,9,37,12,60174.6949661988
"558",1,9,37,13,2325.30503380117
"559",1,9,38,12,38254.7171557142
"560",1,9,38,13,24245.2828442858
"561",1,9,39,12,10125.4191552198
"562",1,9,39,13,52374.5808447802
"563",1,9,40,13,62500
"564",1,10,1,15,3603.29123538512
"565",1,10,1,16,58896.7087646149
"566",1,10,2,15,48573.5577218762
"567",1,10,2,16,13926.4422781238
"568",1,10,3,15,62500
"569",1,10,4,14,474.885404846337
"570",1,10,4,15,62025.1145951537
"571",1,10,5,14,34123.2226841571
"572",1,10,5,15,28376.7773158429
"573",1,10,6,14,62451.855150548
"574",1,10,6,15,48.1448494520373
"575",1,10,7,14,62500
"576",1,10,8,13,9391.41799971538
"577",1,10,8,14,53108.5820002846
"578",1,10,9,13,49766.2718115727
"579",1,10,9,14,12733.7281884273
"580",1,10,10,13,62500
"581",1,10,11,13,62500
"582",1,10,12,12,7793.45448021068
"583",1,10,12,13,54706.5455197893
"584",1,10,13,12,40364.1225736571
"585",1,10,13,13,22135.8774263429
"586",1,10,14,12,61962.2298214585
"587",1,10,14,13,537.770178541541
"588",1,10,15,12,62500
"589",1,10,16,12,62500
"590",1,10,17,11,4174.2386440143
"591",1,10,17,12,58325.7613559857
"592",1,10,18,11,24649.8055804646
"593",1,10,18,12,37850.1944195354
"594",1,10,19,11,44379.6769318087
"595",1,10,19,12,18120.3230681913
"596",1,10,20,11,59974.0685863544
"597",1,10,20,12,2525.9314136456
"598",1,10,21,11,62500
"599",1,10,22,11,62500
"600",1,10,23,11,62500
"601",1,10,24,11,62500
"602",1,10,25,11,62500
"603",1,10,26,11,62500
"604",1,10,27,11,62500
"605",1,10,28,11,62500
"606",1,10,29,11,62500
"607",1,10,30,11,62500
"608",1,10,31,11,62500
"609",1,10,32,11,62500
"610",1,10,33,11,60010.5357065759
"611",1,10,33,12,2489.46429342408
"612",1,10,34,11,44453.1858368691
"613",1,10,34,12,18046.8141631309
"614",1,10,35,11,24734.1598068664
"615",1,10,35,12,37765.8401931336
"616",1,10,36,11,4229.90839233062
"617",1,10,36,12,58270.0916076694
"618",1,10,37,12,62500
"619",1,10,38,12,62500
"620",1,10,39,12,61985.2317663786
"621",1,10,39,13,514.768233621355
"622",1,10,40,12,40496.7736411615
"623",1,10,40,13,22003.2263588385
"624",1,11,1,15,48228.9856637489
"625",1,11,1,16,14271.0143362511
"626",1,11,2,15,62500
"627",1,11,3,14,1244.61108606147
"628",1,11,3,15,61255.3889139385
"629",1,11,4,14,40918.3648718162
"630",1,11,4,15,21581.6351281838
"631",1,11,5,14,62500
"632",1,11,6,14,62500
"633",1,11,7,13,20589.2143667737
"634",1,11,7,14,41910.7856332263
"635",1,11,8,13,59390.2320058796
"636",1,11,8,14,3109.76799412041
"637",1,11,9,13,62500
"638",1,11,10,12,1114.54972424454
"639",1,11,10,13,61385.4502757555
"640",1,11,11,12,29939.6941033944
"641",1,11,11,13,32560.3058966056
"642",1,11,12,12,60292.7863409155
"643",1,11,12,13,2207.21365908449
"644",1,11,13,12,62500
"645",1,11,14,12,62500
"646",1,11,15,11,11162.2745427276
"647",1,11,15,12,51337.7254572724
"648",1,11,16,11,39271.1551590715
"649",1,11,16,12,23228.8448409285
"650",1,11,17,11,60480.1667169445
"651",1,11,17,12,2019.83328305549
"652",1,11,18,11,62500
"653",1,11,19,11,62500
"654",1,11,20,11,62500
"655",1,11,21,10,479.920447958726
"656",1,11,21,11,62020.0795520413
"657",1,11,22,10,9678.45794574341
"658",1,11,22,11,52821.5420542566
"659",1,11,23,10,20085.353146433
"660",1,11,23,11,42414.646853567
"661",1,11,24,10,27844.8840074484
"662",1,11,24,11,34655.1159925516
"663",1,11,25,10,32997.6055810197
"664",1,11,25,11,29502.3944189803
"665",1,11,26,10,35569.9906628008
"666",1,11,26,11,26930.0093371992
"667",1,11,27,10,35575.1208169263
"668",1,11,27,11,26924.8791830737
"669",1,11,28,10,33013.0220435216
"670",1,11,28,11,29486.9779564784
"671",1,11,29,10,27870.665442046
"672",1,11,29,11,34629.334557954
"673",1,11,30,10,20121.6329103643
"674",1,11,30,11,42378.3670896357
"675",1,11,31,10,9725.42761034261
"676",1,11,31,11,52774.5723896574
"677",1,11,32,10,494.342968203247
"678",1,11,32,11,62005.6570317968
"679",1,11,33,11,62500
"680",1,11,34,11,62500
"681",1,11,35,11,62500
"682",1,11,36,11,60520.1420416692
"683",1,11,36,12,1979.85795833076
"684",1,11,37,11,39378.6263236375
"685",1,11,37,12,23121.3736763625
"686",1,11,38,11,11264.828053437
"687",1,11,38,12,51235.171946563
"688",1,11,39,12,62500
"689",1,11,40,12,62500
"690",1,12,1,15,62500
"691",1,12,2,14,1140.16254316105
"692",1,12,2,15,61359.8374568389
"693",1,12,3,14,42687.4365246974
"694",1,12,3,15,19812.5634753026
"695",1,12,4,14,62500
"696",1,12,5,13,39.8518963249426
"697",1,12,5,14,62460.1481036751
"698",1,12,6,13,30067.3754344007
"699",1,12,6,14,32432.6245655993
"700",1,12,7,13,62232.5396376322
"701",1,12,7,14,267.460362367841
"702",1,12,8,13,62500
"703",1,12,9,12,8718.65380725539
"704",1,12,9,13,53781.3461927446
"705",1,12,10,12,49548.4475711822
"706",1,12,10,13,12951.5524288178
"707",1,12,11,12,62500
"708",1,12,12,12,62500
"709",1,12,13,11,8568.60238261832
"710",1,12,13,12,53931.3976173817
"711",1,12,14,11,41723.9616640614
"712",1,12,14,12,20776.0383359386
"713",1,12,15,11,62190.9096970478
"714",1,12,15,12,309.090302952165
"715",1,12,16,11,62500
"716",1,12,17,11,62500
"717",1,12,18,10,4427.97499275377
"718",1,12,18,11,58072.0250072462
"719",1,12,19,10,24430.5392551034
"720",1,12,19,11,38069.4607448966
"721",1,12,20,10,43182.938495593
"722",1,12,20,11,19317.061504407
"723",1,12,21,10,58588.5513410553
"724",1,12,21,11,3911.4486589447
"725",1,12,22,10,62500
"726",1,12,23,10,62500
"727",1,12,24,10,62500
"728",1,12,25,10,62500
"729",1,12,26,10,62500
"730",1,12,27,10,62500
"731",1,12,28,10,62500
"732",1,12,29,10,62500
"733",1,12,30,10,62500
"734",1,12,31,10,62500
"735",1,12,32,10,58632.0434048886
"736",1,12,32,11,3867.95659511141
"737",1,12,33,10,43252.1237577935
"738",1,12,33,11,19247.8762422065
"739",1,12,34,10,24511.4015583209
"740",1,12,34,11,37988.5984416791
"741",1,12,35,10,4484.43536350245
"742",1,12,35,11,58015.5646364976
"743",1,12,36,11,62500
"744",1,12,37,11,62500
"745",1,12,38,11,62208.2961077434
"746",1,12,38,12,291.703892256643
"747",1,12,39,11,41857.1439019316
"748",1,12,39,12,20642.8560980684
"749",1,12,40,11,8668.0337340527
"750",1,12,40,12,53831.9662659473
"751",1,13,1,14,296.863726893801
"752",1,13,1,15,62203.1362731062
"753",1,13,2,14,39992.167754235
"754",1,13,2,15,22507.832245765
"755",1,13,3,14,62500
"756",1,13,4,13,162.346903303354
"757",1,13,4,14,62337.6530966966
"758",1,13,5,13,34991.6687972698
"759",1,13,5,14,27508.3312027302
"760",1,13,6,13,62500
"761",1,13,7,13,62500
"762",1,13,8,12,18150.7678576041
"763",1,13,8,13,44349.2321423959
"764",1,13,9,12,58718.9895357066
"765",1,13,9,13,3781.01046429343
"766",1,13,10,12,62500
"767",1,13,11,11,1107.50267109265
"768",1,13,11,12,61392.4973289074
"769",1,13,12,11,30433.9434119381
"770",1,13,12,12,32066.0565880619
"771",1,13,13,11,60601.8680774694
"772",1,13,13,12,1898.13192253063
"773",1,13,14,11,62500
"774",1,13,15,11,62500
"775",1,13,16,10,12352.2577104203
"776",1,13,16,11,50147.7422895797
"777",1,13,17,10,40347.4108316405
"778",1,13,17,11,22152.5891683595
"779",1,13,18,10,60770.2534615426
"780",1,13,18,11,1729.74653845745
"781",1,13,19,10,62500
"782",1,13,20,10,62500
"783",1,13,21,10,62500
"784",1,13,22,10,62500
"785",1,13,23,9,4977.15268424329
"786",1,13,23,10,57522.8473157567
"787",1,13,24,9,13524.0287730299
"788",1,13,24,10,48975.9712269701
"789",1,13,25,9,19196.5856259151
"790",1,13,25,10,43303.4143740849
"791",1,13,26,9,22026.9645257977
"792",1,13,26,10,40473.0354742023
"793",1,13,27,9,22032.6081946603
"794",1,13,27,10,40467.3918053397
"795",1,13,28,9,19213.5512694176
"796",1,13,28,10,43286.4487305824
"797",1,13,29,9,13552.4213735819
"798",1,13,29,10,48947.5786264181
"799",1,13,30,9,5016.15077132621
"800",1,13,30,10,57483.8492286738
"801",1,13,31,10,62500
"802",1,13,32,10,62500
"803",1,13,33,10,62500
"804",1,13,34,10,62500
"805",1,13,35,10,60806.8325871946
"806",1,13,35,11,1693.16741280539
"807",1,13,36,10,40453.2390616864
"808",1,13,36,11,22046.7609383136
"809",1,13,37,10,12459.8503547223
"810",1,13,37,11,50040.1496452777
"811",1,13,38,11,62500
"812",1,13,39,11,62500
"813",1,13,40,11,60649.7973065041
"814",1,13,40,12,1850.20269349594
"815",1,14,1,14,32124.8035127456
"816",1,14,1,15,30375.1964872544
"817",1,14,2,14,62500
"818",1,14,3,13,9.33520192731794
"819",1,14,3,14,62490.6647980727
"820",1,14,4,13,34432.4255215627
"821",1,14,4,14,28067.5744784373
"822",1,14,5,13,62500
"823",1,14,6,13,62500
"824",1,14,7,12,25118.5301916938
"825",1,14,7,13,37381.4698083062
"826",1,14,8,12,61719.8418974125
"827",1,14,8,13,780.158102587455
"828",1,14,9,12,62500
"829",1,14,10,11,7824.58648857971
"830",1,14,10,12,54675.4135114203
"831",1,14,11,11,49089.5350660861
"832",1,14,11,12,13410.4649339139
"833",1,14,12,11,62500
"834",1,14,13,11,62500
"835",1,14,14,10,9337.0658008752
"836",1,14,14,11,53162.9341991248
"837",1,14,15,10,43075.6403826811
"838",1,14,15,11,19424.3596173189
"839",1,14,16,10,62356.5680558397
"840",1,14,16,11,143.431944160322
"841",1,14,17,10,62500
"842",1,14,18,10,62500
"843",1,14,19,9,4579.32048021579
"844",1,14,19,10,57920.6795197842
"845",1,14,20,9,23906.3994346467
"846",1,14,20,10,38593.6005653533
"847",1,14,21,9,41502.1666346397
"848",1,14,21,10,20997.8333653603
"849",1,14,22,9,55991.7267402416
"850",1,14,22,10,6508.27325975843
"851",1,14,23,9,62496.7470321115
"852",1,14,23,10,3.25296788846026
"853",1,14,24,9,62500
"854",1,14,25,9,62500
"855",1,14,26,9,62500
"856",1,14,27,9,62500
"857",1,14,28,9,62500
"858",1,14,29,9,62500
"859",1,14,30,9,62497.7471238715
"860",1,14,30,10,2.25287612850661
"861",1,14,31,9,56043.5885179535
"862",1,14,31,10,6456.4114820465
"863",1,14,32,9,41566.2381051682
"864",1,14,32,10,20933.7618948318
"865",1,14,33,9,23983.1270644848
"866",1,14,33,10,38516.8729355152
"867",1,14,34,9,4635.65951037737
"868",1,14,34,10,57864.3404896226
"869",1,14,35,10,62500
"870",1,14,36,10,62500
"871",1,14,37,10,62368.3389323106
"872",1,14,37,11,131.661067689412
"873",1,14,38,10,43209.4528559083
"874",1,14,38,11,19290.5471440917
"875",1,14,39,10,9441.48245117709
"876",1,14,39,11,53058.5175488229
"877",1,14,40,11,62500
"878",1,15,1,14,62285.9121808392
"879",1,15,1,15,214.087819160806
"880",1,15,2,14,62500
"881",1,15,3,13,28466.629806847
"882",1,15,3,14,34033.370193153
"883",1,15,4,13,62500
"884",1,15,5,13,62500
"885",1,15,6,12,27297.7554221544
"886",1,15,6,13,35202.2445778456
"887",1,15,7,12,62350.480494127
"888",1,15,7,13,149.519505873039
"889",1,15,8,12,62500
"890",1,15,9,11,15323.9245345692
"891",1,15,9,12,47176.0754654308
"892",1,15,10,11,57741.0618555784
"893",1,15,10,12,4758.9381444216
"894",1,15,11,11,62500
"895",1,15,12,10,1038.24411304867
"896",1,15,12,11,61461.7558869513
"897",1,15,13,10,30749.7938311645
"898",1,15,13,11,31750.2061688355
"899",1,15,14,10,60856.926501066
"900",1,15,14,11,1643.07349893403
"901",1,15,15,10,62500
"902",1,15,16,10,62500
"903",1,15,17,9,13595.6465061851
"904",1,15,17,10,48904.3534938149
"905",1,15,18,9,41360.3780450621
"906",1,15,18,10,21139.6219549379
"907",1,15,19,9,60999.1693440662
"908",1,15,19,10,1500.83065593377
"909",1,15,20,9,62500
"910",1,15,21,9,62500
"911",1,15,22,9,62500
"912",1,15,23,9,62500
"913",1,15,24,8,543.503023092241
"914",1,15,24,9,61956.4969769078
"915",1,15,25,8,5328.36602543344
"916",1,15,25,9,57171.6339745666
"917",1,15,26,8,8474.3671688139
"918",1,15,26,9,54025.6328311861
"919",1,15,27,8,8480.63866215814
"920",1,15,27,9,54019.3613378419
"921",1,15,28,8,5347.22807551128
"922",1,15,28,9,57152.7719244887
"923",1,15,29,8,554.369479670165
"924",1,15,29,9,61945.6305203298
"925",1,15,30,9,62500
"926",1,15,31,9,62500
"927",1,15,32,9,62500
"928",1,15,33,9,62500
"929",1,15,34,9,61032.77795355
"930",1,15,34,10,1467.22204644998
"931",1,15,35,9,41464.250299812
"932",1,15,35,10,21035.749700188
"933",1,15,36,9,13708.1656419514
"934",1,15,36,10,48791.8343580486
"935",1,15,37,10,62500
"936",1,15,38,10,62500
"937",1,15,39,10,60901.8963362658
"938",1,15,39,11,1598.10366373419
"939",1,15,40,10,30916.1532311216
"940",1,15,40,11,31583.8467688784
"941",1,16,1,14,62500
"942",1,16,2,13,18344.343245336
"943",1,16,2,14,44155.656754664
"944",1,16,3,13,61973.7160183435
"945",1,16,3,14,526.283981656481
"946",1,16,4,13,62500
"947",1,16,5,12,24047.397236882
"948",1,16,5,13,38452.602763118
"949",1,16,6,12,62304.3444999584
"950",1,16,6,13,195.655500041576
"951",1,16,7,12,62500
"952",1,16,8,11,19686.1719875806
"953",1,16,8,12,42813.8280124194
"954",1,16,9,11,60718.4363820937
"955",1,16,9,12,1781.56361790629
"956",1,16,10,11,62500
"957",1,16,11,10,6692.07071688221
"958",1,16,11,11,55807.9292831178
"959",1,16,12,10,48311.6320885403
"960",1,16,12,11,14188.3679114597
"961",1,16,13,10,62500
"962",1,16,14,10,62500
"963",1,16,15,9,10080.9352102127
"964",1,16,15,10,52419.0647897873
"965",1,16,16,9,44416.6579580215
"966",1,16,16,10,18083.3420419785
"967",1,16,17,9,62459.3410681766
"968",1,16,17,10,40.6589318234401
"969",1,16,18,9,62500
"970",1,16,19,9,62500
"971",1,16,20,8,4581.82501769272
"972",1,16,20,9,57918.1749823073
"973",1,16,21,8,22981.5838799068
"974",1,16,21,9,39518.4161200932
"975",1,16,22,8,39185.8767435363
"976",1,16,22,9,23314.1232564637
"977",1,16,23,8,51996.3707662483
"978",1,16,23,9,10503.6292337517
"979",1,16,24,8,60975.1472728345
"980",1,16,24,9,1524.85272716548
"981",1,16,25,8,62500
"982",1,16,26,8,62500
"983",1,16,27,8,62500
"984",1,16,28,8,62500
"985",1,16,29,8,60995.8779557856
"986",1,16,29,9,1504.1220442144
"987",1,16,30,8,52040.9501238423
"988",1,16,30,9,10459.0498761577
"989",1,16,31,8,39243.7980116202
"990",1,16,31,9,23256.2019883798
"991",1,16,32,8,23053.3345902393
"992",1,16,32,9,39446.6654097607
"993",1,16,33,8,4636.84299873128
"994",1,16,33,9,57863.1570012687
"995",1,16,34,9,62500
"996",1,16,35,9,62500
"997",1,16,36,9,62465.4964104228
"998",1,16,36,10,34.5035895771507
"999",1,16,37,9,44551.2303215502
"1000",1,16,37,10,17948.7696784498
"1001",1,16,38,9,10190.2075044377
"1002",1,16,38,10,52309.7924955623
"1003",1,16,39,10,62500
"1004",1,16,40,10,62500
"1005",1,17,1,13,7294.35944261101
"1006",1,17,1,14,55205.640557389
"1007",1,17,2,13,58166.0689447178
"1008",1,17,2,14,4333.93105528221
"1009",1,17,3,13,62500
"1010",1,17,4,12,16336.7828498478
"1011",1,17,4,13,46163.2171501522
"1012",1,17,5,12,61394.5130648746
"1013",1,17,5,13,1105.48693512545
"1014",1,17,6,12,62500
"1015",1,17,7,11,19170.5761415705
"1016",1,17,7,12,43329.4238584295
"1017",1,17,8,11,61300.1466403849
"1018",1,17,8,12,1199.85335961515
"1019",1,17,9,11,62500
"1020",1,17,10,10,12125.3985862247
"1021",1,17,10,11,50374.6014137753
"1022",1,17,11,10,56302.1725404498
"1023",1,17,11,11,6197.82745955022
"1024",1,17,12,10,62500
"1025",1,17,13,9,896.495300725724
"1026",1,17,13,10,61603.5046992743
"1027",1,17,14,9,30828.6831004907
"1028",1,17,14,10,31671.3168995093
"1029",1,17,15,9,61056.7154331123
"1030",1,17,15,10,1443.28456688769
"1031",1,17,16,9,62500
"1032",1,17,17,9,62500
"1033",1,17,18,8,14889.1432876952
"1034",1,17,18,9,47610.8567123048
"1035",1,17,19,8,42289.7087022089
"1036",1,17,19,9,20210.2912977911
"1037",1,17,20,8,61161.5049777722
"1038",1,17,20,9,1338.49502222778
"1039",1,17,21,8,62500
"1040",1,17,22,8,62500
"1041",1,17,23,8,62500
"1042",1,17,24,8,62500
"1043",1,17,25,8,62500
"1044",1,17,26,8,62500
"1045",1,17,27,8,62500
"1046",1,17,28,8,62500
"1047",1,17,29,8,62500
"1048",1,17,30,8,62500
"1049",1,17,31,8,62500
"1050",1,17,32,8,62500
"1051",1,17,33,8,61192.7047036119
"1052",1,17,33,9,1307.29529638815
"1053",1,17,34,8,42391.2126207558
"1054",1,17,34,9,20108.7873792442
"1055",1,17,35,8,15006.4396433086
"1056",1,17,35,9,47493.5603566914
"1057",1,17,36,9,62500
"1058",1,17,37,9,62500
"1059",1,17,38,9,61099.2912523016
"1060",1,17,38,10,1400.70874769835
"1061",1,17,39,9,30999.5607252073
"1062",1,17,39,10,31500.4392747927
"1063",1,17,40,9,933.041856819843
"1064",1,17,40,10,61566.9581431802
"1065",1,18,1,13,46462.2110751806
"1066",1,18,1,14,16037.7889248194
"1067",1,18,2,13,62500
"1068",1,18,3,12,6856.31795343743
"1069",1,18,3,13,55643.6820465626
"1070",1,18,4,12,57528.8572701119
"1071",1,18,4,13,4971.14272988807
"1072",1,18,5,12,62500
"1073",1,18,6,11,13969.5684514436
"1074",1,18,6,12,48530.4315485564
"1075",1,18,7,11,60379.3068605329
"1076",1,18,7,12,2120.69313946714
"1077",1,18,8,11,62500
"1078",1,18,9,10,13950.5318464233
"1079",1,18,9,11,48549.4681535767
"1080",1,18,10,10,58908.3437557995
"1081",1,18,10,11,3591.65624420047
"1082",1,18,11,10,62500
"1083",1,18,12,9,5318.32993982034
"1084",1,18,12,10,57181.6700601797
"1085",1,18,13,9,47093.5225842304
"1086",1,18,13,10,15406.4774157696
"1087",1,18,14,9,62500
"1088",1,18,15,9,62500
"1089",1,18,16,8,10775.7283531313
"1090",1,18,16,9,51724.2716468687
"1091",1,18,17,8,45743.3747678345
"1092",1,18,17,9,16756.6252321655
"1093",1,18,18,8,62499.4259221835
"1094",1,18,18,9,0.574077816534555
"1095",1,18,19,8,62500
"1096",1,18,20,8,62500
"1097",1,18,21,7,4371.29602538539
"1098",1,18,21,8,58128.7039746146
"1099",1,18,22,7,21514.871957205
"1100",1,18,22,8,40985.128042795
"1101",1,18,23,7,36010.5774280964
"1102",1,18,23,8,26489.4225719036
"1103",1,18,24,7,46758.2717204662
"1104",1,18,24,8,15741.7282795338
"1105",1,18,25,7,53867.562902604
"1106",1,18,25,8,8632.43709739598
"1107",1,18,26,7,57408.603495206
"1108",1,18,26,8,5091.39650479401
"1109",1,18,27,7,57415.6601057376
"1110",1,18,27,8,5084.33989426245
"1111",1,18,28,7,53888.8005798341
"1112",1,18,28,8,8611.19942016589
"1113",1,18,29,7,46793.8973052342
"1114",1,18,29,8,15706.1026947658
"1115",1,18,30,7,36060.9470511441
"1116",1,18,30,8,26439.0529488559
"1117",1,18,31,7,21580.5095553851
"1118",1,18,31,8,40919.4904446149
"1119",1,18,32,7,4423.36893162771
"1120",1,18,32,8,58076.6310683723
"1121",1,18,33,8,62500
"1122",1,18,34,8,62500
"1123",1,18,35,8,62499.9657302051
"1124",1,18,35,9,0.0342697948799469
"1125",1,18,36,8,45878.8813207481
"1126",1,18,36,9,16621.1186792519
"1127",1,18,37,8,10889.6819921961
"1128",1,18,37,9,51610.3180078039
"1129",1,18,38,9,62500
"1130",1,18,39,9,62500
"1131",1,18,40,9,47249.1541789815
"1132",1,18,40,10,15250.8458210185
"1133",1,19,1,13,62500
"1134",1,19,2,12,355.835858920311
"1135",1,19,2,13,62144.1641410797
"1136",1,19,3,12,46427.9825777183
"1137",1,19,3,13,16072.0174222817
"1138",1,19,4,12,62500
"1139",1,19,5,11,6234.05754632695
"1140",1,19,5,12,56265.942453673
"1141",1,19,6,11,56603.5823633638
"1142",1,19,6,12,5896.41763663618
"1143",1,19,7,11,62500
"1144",1,19,8,10,11247.4445672278
"1145",1,19,8,11,51252.5554327722
"1146",1,19,9,10,58652.0036991577
"1147",1,19,9,11,3847.99630084234
"1148",1,19,10,10,62500
"1149",1,19,11,9,8630.21383319595
"1150",1,19,11,10,53869.786166804
"1151",1,19,12,9,54148.5851402798
"1152",1,19,12,10,8351.41485972024
"1153",1,19,13,9,62500
"1154",1,19,14,8,679.124630179021
"1155",1,19,14,9,61820.875369821
"1156",1,19,15,8,30583.0339472284
"1157",1,19,15,9,31916.9660527716
"1158",1,19,16,8,61197.5271160169
"1159",1,19,16,9,1302.47288398314
"1160",1,19,17,8,62500
"1161",1,19,18,7,22.8837204032361
"1162",1,19,18,8,62477.1162795968
"1163",1,19,19,7,16204.9516160692
"1164",1,19,19,8,46295.0483839308
"1165",1,19,20,7,43105.2552777692
"1166",1,19,20,8,19394.7447222308
"1167",1,19,21,7,61244.9031918116
"1168",1,19,21,8,1255.09680818838
"1169",1,19,22,7,62500
"1170",1,19,23,7,62500
"1171",1,19,24,7,62500
"1172",1,19,25,7,62500
"1173",1,19,26,7,62500
"1174",1,19,27,7,62500
"1175",1,19,28,7,62500
"1176",1,19,29,7,62500
"1177",1,19,30,7,62500
"1178",1,19,31,7,62500
"1179",1,19,32,7,61274.4566929341
"1180",1,19,32,8,1225.54330706593
"1181",1,19,33,7,43203.8319358979
"1182",1,19,33,8,19296.1680641021
"1183",1,19,34,7,16321.7457306151
"1184",1,19,34,8,46178.2542693849
"1185",1,19,35,7,27.9594466062126
"1186",1,19,35,8,62472.0405533938
"1187",1,19,36,8,62500
"1188",1,19,37,8,61238.4772245152
"1189",1,19,37,9,1261.52277548479
"1190",1,19,38,8,30759.597680562
"1191",1,19,38,9,31740.402319438
"1192",1,19,39,8,711.610788347057
"1193",1,19,39,9,61788.3892116529
"1194",1,19,40,9,62500
"1195",1,20,1,13,62500
"1196",1,20,2,12,25303.6621661177
"1197",1,20,2,13,37196.3378338823
"1198",1,20,3,12,62500
"1199",1,20,4,11,383.358435475093
"1200",1,20,4,12,62116.6415645249
"1201",1,20,5,11,46161.6706154154
"1202",1,20,5,12,16338.3293845846
"1203",1,20,6,11,62500
"1204",1,20,7,10,5409.50808369682
"1205",1,20,7,11,57090.4919163032
"1206",1,20,8,10,55256.6775361732
"1207",1,20,8,11,7243.32246382678
"1208",1,20,9,10,62500
"1209",1,20,10,9,8220.42920846053
"1210",1,20,10,10,54279.5707915395
"1211",1,20,11,9,55747.5241863833
"1212",1,20,11,10,6752.47581361666
"1213",1,20,12,9,62500
"1214",1,20,13,8,3734.49099765094
"1215",1,20,13,9,58765.5090023491
"1216",1,20,14,8,45237.380114297
"1217",1,20,14,9,17262.619885703
"1218",1,20,15,8,62500
"1219",1,20,16,8,62500
"1220",1,20,17,7,11386.8502353508
"1221",1,20,17,8,51113.1497646492
"1222",1,20,18,7,47027.3964038532
"1223",1,20,18,8,15472.6035961468
"1224",1,20,19,7,62500
"1225",1,20,20,7,62500
"1226",1,20,21,7,62500
"1227",1,20,22,6,3859.78233223143
"1228",1,20,22,7,58640.2176677686
"1229",1,20,23,6,19288.5938040819
"1230",1,20,23,7,43211.4061959181
"1231",1,20,24,6,31630.99930471
"1232",1,20,24,7,30869.00069529
"1233",1,20,25,6,39774.1252558663
"1234",1,20,25,7,22725.8747441337
"1235",1,20,26,6,43824.0189217384
"1236",1,20,26,7,18675.9810782616
"1237",1,20,27,6,43832.0855889793
"1238",1,20,27,7,18667.9144110207
"1239",1,20,28,6,39798.4267809766
"1240",1,20,28,7,22701.5732190234
"1241",1,20,29,6,31671.8467557887
"1242",1,20,29,7,30828.1532442113
"1243",1,20,30,6,19346.5282837554
"1244",1,20,30,7,43153.4717162446
"1245",1,20,31,6,3906.63220912802
"1246",1,20,31,7,58593.367790872
"1247",1,20,32,7,62500
"1248",1,20,33,7,62500
"1249",1,20,34,7,62500
"1250",1,20,35,7,47159.0035482136
"1251",1,20,35,8,15340.9964517864
"1252",1,20,36,7,11505.2430909905
"1253",1,20,36,8,50994.7569090095
"1254",1,20,37,8,62500
"1255",1,20,38,8,62500
"1256",1,20,39,8,45406.1506846009
"1257",1,20,39,9,17093.8493153991
"1258",1,20,40,8,3815.72042734705
"1259",1,20,40,9,58684.2795726529
"1260",1,21,1,12,4594.99558137148
"1261",1,21,1,13,57905.0044186285
"1262",1,21,2,12,58155.2980002505
"1263",1,21,2,13,4344.70199974949
"1264",1,21,3,12,62500
"1265",1,21,4,11,25944.9396722073
"1266",1,21,4,12,36555.0603277927
"1267",1,21,5,11,62500
"1268",1,21,6,10,379.280279113584
"1269",1,21,6,11,62120.7197208864
"1270",1,21,7,10,45594.8691652523
"1271",1,21,7,11,16905.1308347477
"1272",1,21,8,10,62500
"1273",1,21,9,9,4374.81757697772
"1274",1,21,9,10,58125.1824230223
"1275",1,21,10,9,53270.4345836935
"1276",1,21,10,10,9229.56541630649
"1277",1,21,11,9,62500
"1278",1,21,12,8,5035.40448432253
"1279",1,21,12,9,57464.5955156775
"1280",1,21,13,8,50845.5780717783
"1281",1,21,13,9,11654.4219282217
"1282",1,21,14,8,62500
"1283",1,21,15,7,400.257973826321
"1284",1,21,15,8,62099.7420261737
"1285",1,21,16,7,29875.528037351
"1286",1,21,16,8,32624.471962649
"1287",1,21,17,7,61270.6701675953
"1288",1,21,17,8,1229.32983240472
"1289",1,21,18,7,62500
"1290",1,21,19,6,107.110686547229
"1291",1,21,19,7,62392.8893134528
"1292",1,21,20,6,17496.9366345129
"1293",1,21,20,7,45003.0633654871
"1294",1,21,21,6,43760.3384066026
"1295",1,21,21,7,18739.6615933974
"1296",1,21,22,6,61219.2447161722
"1297",1,21,22,7,1280.75528382784
"1298",1,21,23,6,62500
"1299",1,21,24,6,62500
"1300",1,21,25,6,62500
"1301",1,21,26,6,62500
"1302",1,21,27,6,62500
"1303",1,21,28,6,62500
"1304",1,21,29,6,62500
"1305",1,21,30,6,62500
"1306",1,21,31,6,61248.2252392421
"1307",1,21,31,7,1251.77476075788
"1308",1,21,32,6,43855.2029651881
"1309",1,21,32,7,18644.7970348119
"1310",1,21,33,6,17612.4002924298
"1311",1,21,33,7,44887.5997075702
"1312",1,21,34,6,117.801946974833
"1313",1,21,34,7,62382.1980530252
"1314",1,21,35,7,62500
"1315",1,21,36,7,61311.0767475553
"1316",1,21,36,8,1188.92325244471
"1317",1,21,37,7,30059.4741795447
"1318",1,21,37,8,32440.5258204553
"1319",1,21,38,7,425.905251672564
"1320",1,21,38,8,62074.0947483274
"1321",1,21,39,8,62500
"1322",1,21,40,8,50994.4942935494
"1323",1,21,40,9,11505.5057064506
"1324",1,22,1,12,34375.2303402369
"1325",1,22,1,13,28124.7696597631
"1326",1,22,2,12,62500
"1327",1,22,3,11,5253.84470412232
"1328",1,22,3,12,57246.1552958777
"1329",1,22,4,11,58660.1130336254
"1330",1,22,4,12,3839.88696637457
"1331",1,22,5,11,62500
"1332",1,22,6,10,26437.5568987794
"1333",1,22,6,11,36062.4431012206
"1334",1,22,7,10,62500
"1335",1,22,8,9,335.553680053245
"1336",1,22,8,10,62164.4463199468
"1337",1,22,9,9,44622.1581511205
"1338",1,22,9,10,17877.8418488795
"1339",1,22,10,9,62500
"1340",1,22,11,8,3147.19936685854
"1341",1,22,11,9,59352.8006331415
"1342",1,22,12,8,50274.5635134854
"1343",1,22,12,9,12225.4364865146
"1344",1,22,13,8,62500
"1345",1,22,14,7,2050.67690699738
"1346",1,22,14,8,60449.3230930026
"1347",1,22,15,7,42404.6756063899
"1348",1,22,15,8,20095.3243936101
"1349",1,22,16,7,62500
"1350",1,22,17,7,62500
"1351",1,22,18,6,11863.5684806722
"1352",1,22,18,7,50636.4315193278
"1353",1,22,19,6,48221.5003383885
"1354",1,22,19,7,14278.4996616115
"1355",1,22,20,6,62500
"1356",1,22,21,6,62500
"1357",1,22,22,6,62500
"1358",1,22,23,5,2933.24876748246
"1359",1,22,23,6,59566.7512325175
"1360",1,22,24,5,15947.5159517284
"1361",1,22,24,6,46552.4840482716
"1362",1,22,25,5,25480.9055593376
"1363",1,22,25,6,37019.0944406624
"1364",1,22,26,5,30211.1766496541
"1365",1,22,26,6,32288.8233503459
"1366",1,22,27,5,30220.5913060553
"1367",1,22,27,6,32279.4086939447
"1368",1,22,28,5,25509.3113582372
"1369",1,22,28,6,36990.6886417628
"1370",1,22,29,5,15995.4126181108
"1371",1,22,29,6,46504.5873818892
"1372",1,22,30,5,2971.5316457993
"1373",1,22,30,6,59528.4683542007
"1374",1,22,31,6,62500
"1375",1,22,32,6,62500
"1376",1,22,33,6,62500
"1377",1,22,34,6,48349.0187357307
"1378",1,22,34,7,14150.9812642693
"1379",1,22,35,6,11986.0500833301
"1380",1,22,35,7,50513.9499166699
"1381",1,22,36,7,62500
"1382",1,22,37,7,62500
"1383",1,22,38,7,42592.3721257186
"1384",1,22,38,8,19907.6278742814
"1385",1,22,39,7,2112.98038766866
"1386",1,22,39,8,60387.0196123313
"1387",1,22,40,8,62500
"1388",1,23,1,12,60101.8932067114
"1389",1,23,1,13,2398.10679328861
"1390",1,23,2,12,62500
"1391",1,23,3,11,35756.6660872608
"1392",1,23,3,12,26743.3339127392
"1393",1,23,4,11,62500
"1394",1,23,5,10,5932.51284523415
"1395",1,23,5,11,56567.4871547659
"1396",1,23,6,10,59099.9152602075
"1397",1,23,6,11,3400.0847397925
"1398",1,23,7,10,62500
"1399",1,23,8,9,26733.4084150556
"1400",1,23,8,10,35766.5915849444
"1401",1,23,9,9,62500
"1402",1,23,10,8,249.058528972189
"1403",1,23,10,9,62250.9414710278
"1404",1,23,11,8,43074.5137214742
"1405",1,23,11,9,19425.4862785258
"1406",1,23,12,8,62500
"1407",1,23,13,7,1803.55524700146
"1408",1,23,13,8,60696.4447529985
"1409",1,23,14,7,45604.5924420228
"1410",1,23,14,8,16895.4075579772
"1411",1,23,15,7,62500
"1412",1,23,16,6,118.749113034997
"1413",1,23,16,7,62381.250886965
"1414",1,23,17,6,28477.3587609288
"1415",1,23,17,7,34022.6412390712
"1416",1,23,18,6,61256.7641964818
"1417",1,23,18,7,1243.2358035182
"1418",1,23,19,6,62500
"1419",1,23,20,5,252.48005307839
"1420",1,23,20,6,62247.5199469216
"1421",1,23,21,5,18752.6522241662
"1422",1,23,21,6,43747.3477758338
"1423",1,23,22,5,44178.5471737812
"1424",1,23,22,6,18321.4528262188
"1425",1,23,23,5,61006.0137451763
"1426",1,23,23,6,1493.98625482369
"1427",1,23,24,5,62500
"1428",1,23,25,5,62500
"1429",1,23,26,5,62500
"1430",1,23,27,5,62500
"1431",1,23,28,5,62500
"1432",1,23,29,5,62500
"1433",1,23,30,5,61036.0017578173
"1434",1,23,30,6,1463.99824218271
"1435",1,23,31,5,44268.5468235026
"1436",1,23,31,6,18231.4531764974
"1437",1,23,32,5,18866.3577671516
"1438",1,23,32,6,43633.6422328484
"1439",1,23,33,5,268.786847730622
"1440",1,23,33,6,62231.2131522694
"1441",1,23,34,6,62500
"1442",1,23,35,6,61298.2227609454
"1443",1,23,35,7,1201.77723905457
"1444",1,23,36,6,28671.2949950934
"1445",1,23,36,7,33828.7050049066
"1446",1,23,37,6,133.354314406673
"1447",1,23,37,7,62366.6456855933
"1448",1,23,38,7,62500
"1449",1,23,39,7,45791.2680320065
"1450",1,23,39,8,16708.7319679935
"1451",1,23,40,7,1866.87965701774
"1452",1,23,40,8,60633.1203429823
"1453",1,24,1,12,62500
"1454",1,24,2,11,6099.55072075389
"1455",1,24,2,12,56400.4492792461
"1456",1,24,3,11,60621.4731526475
"1457",1,24,3,12,1878.52684735249
"1458",1,24,4,11,62500
"1459",1,24,5,10,37133.6305474507
"1460",1,24,5,11,25366.3694525493
"1461",1,24,6,10,62500
"1462",1,24,7,9,6619.45776653453
"1463",1,24,7,10,55880.5422334655
"1464",1,24,8,9,59471.7575920754
"1465",1,24,8,10,3028.24240792464
"1466",1,24,9,9,62500
"1467",1,24,10,8,26760.3842957594
"1468",1,24,10,9,35739.6157042406
"1469",1,24,11,8,62500
"1470",1,24,12,7,129.470805852163
"1471",1,24,12,8,62370.5291941478
"1472",1,24,13,7,40665.8652266393
"1473",1,24,13,8,21834.1347733607
"1474",1,24,14,7,62500
"1475",1,24,15,6,562.95119481297
"1476",1,24,15,7,61937.048805187
"1477",1,24,16,6,37973.3878938774
"1478",1,24,16,7,24526.6121061226
"1479",1,24,17,6,62500
"1480",1,24,18,6,62500
"1481",1,24,19,5,12128.6546616577
"1482",1,24,19,6,50371.3453383423
"1483",1,24,20,5,49311.0530279947
"1484",1,24,20,6,13188.9469720053
"1485",1,24,21,5,62500
"1486",1,24,22,5,62500
"1487",1,24,23,5,62500
"1488",1,24,24,4,1496.6165698196
"1489",1,24,24,5,61003.3834301804
"1490",1,24,25,4,10865.9274688364
"1491",1,24,25,5,51634.0725311636
"1492",1,24,26,4,16553.0557099734
"1493",1,24,26,5,45946.9442900266
"1494",1,24,27,4,16564.3603661559
"1495",1,24,27,5,45935.6396338441
"1496",1,24,28,4,10900.1228585338
"1497",1,24,28,5,51599.8771414662
"1498",1,24,29,4,1521.11652393962
"1499",1,24,29,5,60978.8834760604
"1500",1,24,30,5,62500
"1501",1,24,31,5,62500
"1502",1,24,32,5,62500
"1503",1,24,33,5,49435.0176425121
"1504",1,24,33,6,13064.9823574879
"1505",1,24,34,5,12254.6900471403
"1506",1,24,34,6,50245.3099528597
"1507",1,24,35,6,62500
"1508",1,24,36,6,62500
"1509",1,24,37,6,38189.0901778267
"1510",1,24,37,7,24310.9098221733
"1511",1,24,38,6,597.248910863656
"1512",1,24,38,7,61902.7510891363
"1513",1,24,39,7,62500
"1514",1,24,40,7,40896.9271986585
"1515",1,24,40,8,21603.0728013415
"1516",1,25,1,12,62500
"1517",1,25,2,11,32013.0718953182
"1518",1,25,2,12,30486.9281046818
"1519",1,25,3,11,62500
"1520",1,25,4,10,6964.34850646311
"1521",1,25,4,11,55535.6514935369
"1522",1,25,5,10,61077.8082599015
"1523",1,25,5,11,1422.19174009853
"1524",1,25,6,10,62500
"1525",1,25,7,9,38505.2643674588
"1526",1,25,7,10,23994.7356325412
"1527",1,25,8,9,62500
"1528",1,25,9,8,7298.94817695777
"1529",1,25,9,9,55201.0518230422
"1530",1,25,10,8,59770.6067297792
"1531",1,25,10,9,2729.39327022083
"1532",1,25,11,8,62500
"1533",1,25,12,7,26406.0595031514
"1534",1,25,12,8,36093.9404968486
"1535",1,25,13,7,62500
"1536",1,25,14,6,18.8016020574732
"1537",1,25,14,7,62481.1983979425
"1538",1,25,15,6,36878.9278203786
"1539",1,25,15,7,25621.0721796214
"1540",1,25,16,6,62500
"1541",1,25,17,6,62500
"1542",1,25,18,5,25982.5033907321
"1543",1,25,18,6,36517.4966092679
"1544",1,25,19,5,61111.3210937655
"1545",1,25,19,6,1388.67890623448
"1546",1,25,20,5,62500
"1547",1,25,21,4,457.567892137687
"1548",1,25,21,5,62042.4321078623
"1549",1,25,22,4,19951.0156531408
"1550",1,25,22,5,42548.9843468592
"1551",1,25,23,4,44225.3812902133
"1552",1,25,23,5,18274.6187097867
"1553",1,25,24,4,60362.3590088615
"1554",1,25,24,5,2137.64099113853
"1555",1,25,25,4,62500
"1556",1,25,26,4,62500
"1557",1,25,27,4,62500
"1558",1,25,28,4,62500
"1559",1,25,29,4,60395.8256788616
"1560",1,25,29,5,2104.17432113839
"1561",1,25,30,4,44308.7189249551
"1562",1,25,30,5,18191.2810750449
"1563",1,25,31,4,20062.2890195221
"1564",1,25,31,5,42437.7109804779
"1565",1,25,32,4,479.490221014547
"1566",1,25,32,5,62020.5097789855
"1567",1,25,33,5,62500
"1568",1,25,34,5,61156.3303216535
"1569",1,25,34,6,1343.6696783465
"1570",1,25,35,5,26187.4941628442
"1571",1,25,35,6,36312.5058371558
"1572",1,25,36,6,62500
"1573",1,25,37,6,62500
"1574",1,25,38,6,37121.5137323583
"1575",1,25,38,7,25378.4862676417
"1576",1,25,39,6,26.2156900776426
"1577",1,25,39,7,62473.7843099224
"1578",1,25,40,7,62500
"1579",1,26,1,11,741.387584656063
"1580",1,26,1,12,61758.6124153439
"1581",1,26,2,11,56060.7906984335
"1582",1,26,2,12,6439.20930156645
"1583",1,26,3,11,62500
"1584",1,26,4,10,33001.1416292317
"1585",1,26,4,11,29498.8583707683
"1586",1,26,5,10,62500
"1587",1,26,6,9,7876.34748295335
"1588",1,26,6,10,54623.6525170466
"1589",1,26,7,9,61470.6278160121
"1590",1,26,7,10,1029.3721839879
"1591",1,26,8,9,62500
"1592",1,26,9,8,39869.7328967624
"1593",1,26,9,9,22630.2671032376
"1594",1,26,10,8,62500
"1595",1,26,11,7,7948.49000279054
"1596",1,26,11,8,54551.5099972095
"1597",1,26,12,7,59987.0893155214
"1598",1,26,12,8,2512.91068447859
"1599",1,26,13,7,62500
"1600",1,26,14,6,25484.6532511725
"1601",1,26,14,7,37015.3467488275
"1602",1,26,15,6,62500
"1603",1,26,16,6,62500
"1604",1,26,17,5,30738.1333550752
"1605",1,26,17,6,31761.8666449248
"1606",1,26,18,5,62492.4227404879
"1607",1,26,18,6,7.57725951206521
"1608",1,26,19,5,62500
"1609",1,26,20,4,12058.2209694534
"1610",1,26,20,5,50441.7790305466
"1611",1,26,21,4,50270.1980452344
"1612",1,26,21,5,12229.8019547656
"1613",1,26,22,4,62500
"1614",1,26,23,4,62500
"1615",1,26,24,4,62500
"1616",1,26,25,3,13.8825690490394
"1617",1,26,25,4,62486.117430951
"1618",1,26,26,3,2815.4977171862
"1619",1,26,26,4,59684.5022828138
"1620",1,26,27,3,2829.64486106706
"1621",1,26,27,4,59670.3551389329
"1622",1,26,28,3,15.7354251681763
"1623",1,26,28,4,62484.2645748318
"1624",1,26,29,4,62500
"1625",1,26,30,4,62500
"1626",1,26,31,4,62500
"1627",1,26,32,4,50391.4859548291
"1628",1,26,32,5,12108.5140451709
"1629",1,26,33,4,12186.9330598587
"1630",1,26,33,5,50313.0669401413
"1631",1,26,34,5,62500
"1632",1,26,35,5,62495.6951299845
"1633",1,26,35,6,4.30487001552683
"1634",1,26,36,5,30984.8609655787
"1635",1,26,36,6,31515.1390344213
"1636",1,26,37,6,62500
"1637",1,26,38,6,62500
"1638",1,26,39,6,25734.6532511725
"1639",1,26,39,7,36765.3467488275
"1640",1,26,40,7,62500
"1641",1,27,1,11,16229.5862973969
"1642",1,27,1,12,46270.4137026031
"1643",1,27,2,11,62500
"1644",1,27,3,10,779.222257832743
"1645",1,27,3,11,61720.7777421673
"1646",1,27,4,10,56430.6813037658
"1647",1,27,4,11,6069.31869623423
"1648",1,27,5,10,62500
"1649",1,27,6,9,33909.5796963686
"1650",1,27,6,10,28590.4203036314
"1651",1,27,7,9,62500
"1652",1,27,8,8,8829.99437508665
"1653",1,27,8,9,53670.0056249133
"1654",1,27,9,8,61799.8821292498
"1655",1,27,9,9,700.117870750168
"1656",1,27,10,8,62500
"1657",1,27,11,7,41223.8272359629
"1658",1,27,11,8,21276.1727640371
"1659",1,27,12,7,62500
"1660",1,27,13,6,8534.70474790462
"1661",1,27,13,7,53965.2952520954
"1662",1,27,14,6,60102.8542643278
"1663",1,27,14,7,2397.14573567217
"1664",1,27,15,6,62500
"1665",1,27,16,5,23705.729064038
"1666",1,27,16,6,38794.270935962
"1667",1,27,17,5,62456.8854295432
"1668",1,27,17,6,43.1145704568262
"1669",1,27,18,5,62500
"1670",1,27,19,4,22089.7394397566
"1671",1,27,19,5,40410.2605602434
"1672",1,27,20,4,60726.0616244617
"1673",1,27,20,5,1773.93837553831
"1674",1,27,21,4,62500
"1675",1,27,22,3,719.672117654265
"1676",1,27,22,4,61780.3278823457
"1677",1,27,23,3,21050.6212515255
"1678",1,27,23,4,41449.3787484745
"1679",1,27,24,3,43639.3517885643
"1680",1,27,24,4,18860.6482114357
"1681",1,27,25,3,58167.5729381468
"1682",1,27,25,4,4332.42706185325
"1683",1,27,26,3,62500
"1684",1,27,27,3,62500
"1685",1,27,28,3,58208.7176859355
"1686",1,27,28,4,4291.28231406448
"1687",1,27,29,3,43712.9837913367
"1688",1,27,29,4,18787.0162086633
"1689",1,27,30,3,21158.3066378628
"1690",1,27,30,4,41341.6933621372
"1691",1,27,31,3,747.209980755753
"1692",1,27,31,4,61752.7900192442
"1693",1,27,32,4,62500
"1694",1,27,33,4,60778.8774218372
"1695",1,27,33,5,1721.12257816278
"1696",1,27,34,4,22286.923642381
"1697",1,27,34,5,40213.076357619
"1698",1,27,35,5,62500
"1699",1,27,36,5,62466.2289069454
"1700",1,27,36,6,33.7710930545654
"1701",1,27,37,5,23946.3855866357
"1702",1,27,37,6,38553.6144133643
"1703",1,27,38,6,62500
"1704",1,27,39,6,60187.1075876201
"1705",1,27,39,7,2312.89241237994
"1706",1,27,40,6,8700.4514246124
"1707",1,27,40,7,53799.5485753876
"1708",1,28,1,11,35413.3773757559
"1709",1,28,1,12,27086.6226242441
"1710",1,28,2,11,62500
"1711",1,28,3,10,15829.4309859976
"1712",1,28,3,11,46670.5690140024
"1713",1,28,4,10,62500
"1714",1,28,5,9,754.666622482387
"1715",1,28,5,10,61745.3333775176
"1716",1,28,6,9,56673.6253464136
"1717",1,28,6,10,5826.37465358643
"1718",1,28,7,9,62500
"1719",1,28,8,8,34712.250590409
"1720",1,28,8,9,27787.749409591
"1721",1,28,9,8,62500
"1722",1,28,10,7,9817.64992064772
"1723",1,28,10,8,52682.3500793523
"1724",1,28,11,7,62066.018468111
"1725",1,28,11,8,433.981531888996
"1726",1,28,12,7,62500
"1727",1,28,13,6,42563.9940106196
"1728",1,28,13,7,19936.0059893804
"1729",1,28,14,6,62500
"1730",1,28,15,5,9006.74511744376
"1731",1,28,15,6,53493.2548825562
"1732",1,28,16,5,60080.6085145499
"1733",1,28,16,6,2419.39148545009
"1734",1,28,17,5,62500
"1735",1,28,18,4,20835.7760963896
"1736",1,28,18,5,41664.2239036104
"1737",1,28,19,4,61938.7337872207
"1738",1,28,19,5,561.266212779286
"1739",1,28,20,4,62500
"1740",1,28,21,3,11439.5273734294
"1741",1,28,21,4,51060.4726265706
"1742",1,28,22,3,51045.3316348341
"1743",1,28,22,4,11454.6683651659
"1744",1,28,23,3,62500
"1745",1,28,24,3,62500
"1746",1,28,25,3,62500
"1747",1,28,26,3,62500
"1748",1,28,27,3,62500
"1749",1,28,28,3,62500
"1750",1,28,29,3,62500
"1751",1,28,30,3,62500
"1752",1,28,31,3,51165.5349248142
"1753",1,28,31,4,11334.4650751858
"1754",1,28,32,3,11569.3240834494
"1755",1,28,32,4,50930.6759165506
"1756",1,28,33,4,62500
"1757",1,28,34,4,61972.2526367786
"1758",1,28,34,5,527.74736322141
"1759",1,28,35,4,21052.2572468317
"1760",1,28,35,5,41447.7427531683
"1761",1,28,36,5,62500
"1762",1,28,37,5,60163.3977605106
"1763",1,28,37,6,2336.6022394894
"1764",1,28,38,5,9173.95587148306
"1765",1,28,38,6,53326.0441285169
"1766",1,28,39,6,62500
"1767",1,28,40,6,42813.9940106196
"1768",1,28,40,7,19686.0059893804
"1769",1,29,1,11,51952.3602243299
"1770",1,29,1,12,10547.6397756701
"1771",1,29,2,11,62500
"1772",1,29,3,10,33994.4930043923
"1773",1,29,3,11,28505.5069956077
"1774",1,29,4,10,62500
"1775",1,29,5,9,15091.5882769606
"1776",1,29,5,10,47408.4117230394
"1777",1,29,6,9,62500
"1778",1,29,7,8,647.661182219036
"1779",1,29,7,9,61852.338817781
"1780",1,29,8,8,56750.8380752762
"1781",1,29,8,9,5749.16192472376
"1782",1,29,9,8,62500
"1783",1,29,10,7,35371.244362514
"1784",1,29,10,8,27128.755637486
"1785",1,29,11,7,62500
"1786",1,29,12,6,10827.3506939897
"1787",1,29,12,7,51672.6493060103
"1788",1,29,13,6,62268.3718539574
"1789",1,29,13,7,231.628146042596
"1790",1,29,14,6,62500
"1791",1,29,15,5,43881.4793601264
"1792",1,29,15,6,18618.5206398736
"1793",1,29,16,5,62500
"1794",1,29,17,4,9280.35515423952
"1795",1,29,17,5,53219.6448457605
"1796",1,29,18,4,59835.9599903231
"1797",1,29,18,5,2664.04000967689
"1798",1,29,19,4,62500
"1799",1,29,20,3,16433.964565962
"1800",1,29,20,4,46066.035434038
"1801",1,29,21,3,59805.912009816
"1802",1,29,21,4,2694.08799018396
"1803",1,29,22,3,62500
"1804",1,29,23,2,1032.8986252078
"1805",1,29,23,3,61467.1013747922
"1806",1,29,24,2,21957.3248114554
"1807",1,29,24,3,40542.6751885446
"1808",1,29,25,2,41832.1634649388
"1809",1,29,25,3,20667.8365350612
"1810",1,29,26,2,51418.2834858125
"1811",1,29,26,3,11081.7165141875
"1812",1,29,27,2,51437.1937134629
"1813",1,29,27,3,11062.8062865371
"1814",1,29,28,2,41890.2472436089
"1815",1,29,28,3,20609.7527563911
"1816",1,29,29,2,22059.1774078088
"1817",1,29,29,3,40440.8225921912
"1818",1,29,30,2,1066.05202253392
"1819",1,29,30,3,61433.9479774661
"1820",1,29,31,3,62500
"1821",1,29,32,3,59874.7602694804
"1822",1,29,32,4,2625.23973051963
"1823",1,29,33,3,16615.1163062976
"1824",1,29,33,4,45884.8836937024
"1825",1,29,34,4,62500
"1826",1,29,35,4,59920.2867560335
"1827",1,29,35,5,2579.71324396654
"1828",1,29,36,4,9446.02838852918
"1829",1,29,36,5,53053.9716114708
"1830",1,29,37,5,62500
"1831",1,29,38,5,44131.4793601264
"1832",1,29,38,6,18368.5206398736
"1833",1,29,39,6,62500
"1834",1,29,40,6,62298.3766443834
"1835",1,29,40,7,201.623355616561
"1836",1,30,1,11,62142.7556086104
"1837",1,30,1,12,357.244391389562
"1838",1,30,2,11,62500
"1839",1,30,3,10,49313.2187895985
"1840",1,30,3,11,13186.7812104015
"1841",1,30,4,10,62500
"1842",1,30,5,9,32051.1474955786
"1843",1,30,5,10,30448.8525044214
"1844",1,30,6,9,62500
"1845",1,30,7,8,13909.6278196572
"1846",1,30,7,9,48590.3721803428
"1847",1,30,8,8,62500
"1848",1,30,9,7,445.008405436905
"1849",1,30,9,8,62054.9915945631
"1850",1,30,10,7,56586.7828350703
"1851",1,30,10,8,5913.21716492966
"1852",1,30,11,7,62500
"1853",1,30,12,6,35827.880912602
"1854",1,30,12,7,26672.119087398
"1855",1,30,13,6,62500
"1856",1,30,14,5,11838.1007159554
"1857",1,30,14,6,50661.8992840446
"1858",1,30,15,5,62407.8887822713
"1859",1,30,15,6,92.1112177286777
"1860",1,30,16,5,62500
"1861",1,30,17,4,45163.9551578021
"1862",1,30,17,5,17336.0448421979
"1863",1,30,18,4,62500
"1864",1,30,19,3,9208.69439666427
"1865",1,30,19,4,53291.3056033357
"1866",1,30,20,3,59154.2642286421
"1867",1,30,20,4,3345.73577135785
"1868",1,30,21,3,62500
"1869",1,30,22,2,9873.79240861391
"1870",1,30,22,3,52626.2075913861
"1871",1,30,23,2,51504.0486049148
"1872",1,30,23,3,10995.9513950852
"1873",1,30,24,2,62500
"1874",1,30,25,2,62500
"1875",1,30,26,2,62500
"1876",1,30,27,2,62500
"1877",1,30,28,2,62500
"1878",1,30,29,2,62500
"1879",1,30,30,2,51626.5532188587
"1880",1,30,30,3,10873.4467811413
"1881",1,30,31,2,10001.2877946699
"1882",1,30,31,3,52498.7122053301
"1883",1,30,32,3,62500
"1884",1,30,33,3,59244.7952146518
"1885",1,30,33,4,3255.20478534824
"1886",1,30,34,3,9368.16341065466
"1887",1,30,34,4,53131.8365893453
"1888",1,30,35,4,62500
"1889",1,30,36,4,45413.9551578022
"1890",1,30,36,5,17086.0448421978
"1891",1,30,37,5,62500
"1892",1,30,38,5,62426.4643169222
"1893",1,30,38,6,73.5356830777819
"1894",1,30,39,5,12069.5251813045
"1895",1,30,39,6,50430.4748186955
"1896",1,30,40,6,62500
"1897",1,31,1,11,62500
"1898",1,31,2,10,1097.98402557652
"1899",1,31,2,11,61402.0159744235
"1900",1,31,3,10,60773.6377284172
"1901",1,31,3,11,1726.36227158279
"1902",1,31,4,10,62500
"1903",1,31,5,9,45925.2574207135
"1904",1,31,5,10,16574.7425792865
"1905",1,31,6,9,62500
"1906",1,31,7,8,29418.2383907561
"1907",1,31,7,9,33081.7616092439
"1908",1,31,8,8,62500
"1909",1,31,9,7,12126.3551813755
"1910",1,31,9,8,50373.6448186245
"1911",1,31,10,7,62500
"1912",1,31,11,6,170.030236109944
"1913",1,31,11,7,62329.9697638901
"1914",1,31,12,6,56021.6442639805
"1915",1,31,12,7,6478.35573601949
"1916",1,31,13,6,62500
"1917",1,31,14,5,35986.3354116415
"1918",1,31,14,6,26513.6645883585
"1919",1,31,15,5,62500
"1920",1,31,16,4,12814.1433227391
"1921",1,31,16,5,49685.8566772609
"1922",1,31,17,4,62483.95826861
"1923",1,31,17,5,16.041731389967
"1924",1,31,18,3,2.26432752583423
"1925",1,31,18,4,62497.7356724742
"1926",1,31,19,3,46380.1973927578
"1927",1,31,19,4,16119.8026072422
"1928",1,31,20,3,62500
"1929",1,31,21,2,8506.51197899822
"1930",1,31,21,3,53993.4880210018
"1931",1,31,22,2,57360.6277946555
"1932",1,31,22,3,5139.37220534454
"1933",1,31,23,2,62500
"1934",1,31,24,1,1380.90571371653
"1935",1,31,24,2,61119.0942862835
"1936",1,31,25,1,22399.8114566921
"1937",1,31,25,2,40100.1885433079
"1938",1,31,26,1,37117.0807373586
"1939",1,31,26,2,25382.9192626414
"1940",1,31,27,1,37145.653111253
"1941",1,31,27,2,25354.346888747
"1942",1,31,28,1,22490.470151247
"1943",1,31,28,2,40009.529848753
"1944",1,31,29,1,1419.67464526728
"1945",1,31,29,2,61080.3253547327
"1946",1,31,30,2,62500
"1947",1,31,31,2,57465.2995333566
"1948",1,31,31,3,5034.70046664338
"1949",1,31,32,2,8651.84024029708
"1950",1,31,32,3,53848.1597597029
"1951",1,31,33,3,62500
"1952",1,31,34,3,46625.9144158584
"1953",1,31,34,4,15874.0855841416
"1954",1,31,35,3,6.54730442524396
"1955",1,31,35,4,62493.4526955748
"1956",1,31,36,4,62491.1045474858
"1957",1,31,36,5,8.89545251422533
"1958",1,31,37,4,13056.9970438633
"1959",1,31,37,5,49443.0029561367
"1960",1,31,38,5,62500
"1961",1,31,39,5,36236.3354116415
"1962",1,31,39,6,26263.6645883585
"1963",1,31,40,6,62500
"1964",1,32,1,11,62500
"1965",1,32,2,10,9239.6080541758
"1966",1,32,2,11,53260.3919458242
"1967",1,32,3,10,62500
"1968",1,32,4,10,62500
"1969",1,32,5,9,56810.8960388647
"1970",1,32,5,10,5689.10396113528
"1971",1,32,6,9,62500
"1972",1,32,7,8,41557.1349899489
"1973",1,32,7,9,20942.8650100511
"1974",1,32,8,8,62500
"1975",1,32,9,7,25855.0973984028
"1976",1,32,9,8,36644.9026015972
"1977",1,32,10,7,62500
"1978",1,32,11,6,9502.52069732638
"1979",1,32,11,7,52997.4793026736
"1980",1,32,12,6,62500
"1981",1,32,13,6,62500
"1982",1,32,14,5,54657.658882609
"1983",1,32,14,6,7842.34111739098
"1984",1,32,15,5,62500
"1985",1,32,16,4,35677.5182884598
"1986",1,32,16,5,26822.4817115402
"1987",1,32,17,4,62500
"1988",1,32,18,3,13683.3916410792
"1989",1,32,18,4,48816.6083589208
"1990",1,32,19,3,62500
"1991",1,32,20,2,50.7665685652009
"1992",1,32,20,3,62449.2334314348
"1993",1,32,21,2,47419.1370607808
"1994",1,32,21,3,15080.8629392192
"1995",1,32,22,2,62500
"1996",1,32,23,1,6535.37665226281
"1997",1,32,23,2,55964.6233477372
"1998",1,32,24,1,51203.3809351097
"1999",1,32,24,2,11296.6190648903
"2000",1,32,25,1,62500
"2001",1,32,26,1,62500
"2002",1,32,27,1,62500
"2003",1,32,28,1,62500
"2004",1,32,29,1,51337.8050649418
"2005",1,32,29,2,11162.1949350582
"2006",1,32,30,1,6650.95252243063
"2007",1,32,30,2,55849.0474775694
"2008",1,32,31,2,62500
"2009",1,32,32,2,47653.4248281063
"2010",1,32,32,3,14846.5751718937
"2011",1,32,33,2,66.4788012397585
"2012",1,32,33,3,62433.5211987602
"2013",1,32,34,3,62500
"2014",1,32,35,3,13933.3916410792
"2015",1,32,35,4,48566.6083589208
"2016",1,32,36,4,62500
"2017",1,32,37,4,35927.5182884598
"2018",1,32,37,5,26572.4817115402
"2019",1,32,38,5,62500
"2020",1,32,39,5,54907.658882609
"2021",1,32,39,6,7592.34111739098
"2022",1,32,40,6,62500
"2023",1,33,1,11,62500
"2024",1,33,2,10,16469.974458601
"2025",1,33,2,11,46030.025541399
"2026",1,33,3,10,62500
"2027",1,33,4,9,2371.48143487721
"2028",1,33,4,10,60128.5185651228
"2029",1,33,5,9,62403.9077665304
"2030",1,33,5,10,96.0922334695642
"2031",1,33,6,9,62500
"2032",1,33,7,8,50425.2729040609
"2033",1,33,7,9,12074.7270959391
"2034",1,33,8,8,62500
"2035",1,33,9,7,35859.1844421437
"2036",1,33,9,8,26640.8155578563
"2037",1,33,10,7,62500
"2038",1,33,11,6,20984.9431397074
"2039",1,33,11,7,41515.0568602926
"2040",1,33,12,6,62500
"2041",1,33,13,5,5644.8749690582
"2042",1,33,13,6,56855.1250309418
"2043",1,33,14,5,62497.4783150751
"2044",1,33,14,6,2.52168492489727
"2045",1,33,15,5,62500
"2046",1,33,16,4,52039.7749200149
"2047",1,33,16,5,10460.2250799851
"2048",1,33,17,4,62500
"2049",1,33,18,3,34573.5928034844
"2050",1,33,18,4,27926.4071965156
"2051",1,33,19,3,62500
"2052",1,33,20,2,14240.9464645322
"2053",1,33,20,3,48259.0535354678
"2054",1,33,21,2,62500
"2055",1,33,22,1,158.391049123618
"2056",1,33,22,2,62341.6089508764
"2057",1,33,23,1,48049.2213848249
"2058",1,33,23,2,14450.7786151751
"2059",1,33,24,1,62500
"2060",1,33,25,0,1695.20145638548
"2061",1,33,25,1,60804.7985436145
"2062",1,33,26,0,21114.2875600092
"2063",1,33,26,1,41385.7124399908
"2064",1,33,27,0,21173.9030942339
"2065",1,33,27,1,41326.0969057661
"2066",1,33,28,0,1739.58592216085
"2067",1,33,28,1,60760.4140778392
"2068",1,33,29,1,62500
"2069",1,33,30,1,48272.0798963752
"2070",1,33,30,2,14227.9201036248
"2071",1,33,31,1,185.532537573323
"2072",1,33,31,2,62314.4674624267
"2073",1,33,32,2,62500
"2074",1,33,33,2,14490.9464645322
"2075",1,33,33,3,48009.0535354678
"2076",1,33,34,3,62500
"2077",1,33,35,3,34823.5928034844
"2078",1,33,35,4,27676.4071965156
"2079",1,33,36,4,62500
"2080",1,33,37,4,52289.7749200149
"2081",1,33,37,5,10210.2250799851
"2082",1,33,38,5,62500
"2083",1,33,39,5,62500
"2084",1,33,39,6,0
"2085",1,33,40,5,5892.3532841333
"2086",1,33,40,6,56607.6467158667
"2087",1,34,1,11,62500
"2088",1,34,2,10,21099.6607269459
"2089",1,34,2,11,41400.3392730541
"2090",1,34,3,10,62500
"2091",1,34,4,9,7372.29363342743
"2092",1,34,4,10,55127.7063665726
"2093",1,34,5,9,62500
"2094",1,34,6,9,62500
"2095",1,34,7,8,56090.4676659272
"2096",1,34,7,9,6409.53233407284
"2097",1,34,8,8,62500
"2098",1,34,9,7,42245.1452339801
"2099",1,34,9,8,20254.8547660199
"2100",1,34,10,7,62500
"2101",1,34,11,6,28294.4012041598
"2102",1,34,11,7,34205.5987958402
"2103",1,34,12,6,62500
"2104",1,34,13,5,14193.1825748153
"2105",1,34,13,6,48306.8174251847
"2106",1,34,14,5,62500
"2107",1,34,15,4,849.753258119126
"2108",1,34,15,5,61650.2467418809
"2109",1,34,16,4,61502.284039599
"2110",1,34,16,5,997.715960401038
"2111",1,34,17,4,62500
"2112",1,34,18,3,47580.1960599611
"2113",1,34,18,4,14919.8039400389
"2114",1,34,19,3,62500
"2115",1,34,20,2,31937.4671619924
"2116",1,34,20,3,30562.5328380076
"2117",1,34,21,2,62500
"2118",1,34,22,1,14016.1838242329
"2119",1,34,22,2,48483.8161757671
"2120",1,34,23,1,62500
"2121",1,34,24,0,313.018242304057
"2122",1,34,24,1,62186.9817576959
"2123",1,34,25,0,46907.9669020286
"2124",1,34,25,1,15592.0330979714
"2125",1,34,26,0,62500
"2126",1,34,27,0,62500
"2127",1,34,28,0,47119.3961578037
"2128",1,34,28,1,15380.6038421963
"2129",1,34,29,0,351.58898652891
"2130",1,34,29,1,62148.4110134711
"2131",1,34,30,1,62500
"2132",1,34,31,1,14266.1838242329
"2133",1,34,31,2,48233.8161757671
"2134",1,34,32,2,62500
"2135",1,34,33,2,32187.4671619924
"2136",1,34,33,3,30312.5328380076
"2137",1,34,34,3,62500
"2138",1,34,35,3,47830.1960599611
"2139",1,34,35,4,14669.8039400389
"2140",1,34,36,4,62500
"2141",1,34,37,4,61620.0190850822
"2142",1,34,37,5,879.98091491776
"2143",1,34,38,4,982.018212635849
"2144",1,34,38,5,61517.9817873642
"2145",1,34,39,5,62500
"2146",1,34,40,5,14443.1825748153
"2147",1,34,40,6,48056.8174251847
"2148",1,35,1,11,62500
"2149",1,35,2,10,23107.7037073673
"2150",1,35,2,11,39392.2962926327
"2151",1,35,3,10,62500
"2152",1,35,4,9,9586.39946448388
"2153",1,35,4,10,52913.6005355161
"2154",1,35,5,9,62500
"2155",1,35,6,9,62500
"2156",1,35,7,8,58563.6801076727
"2157",1,35,7,9,3936.31989232732
"2158",1,35,8,8,62500
"2159",1,35,9,7,45028.5731065433
"2160",1,35,9,8,17471.4268934567
"2161",1,35,10,7,62500
"2162",1,35,11,6,31488.0563966343
"2163",1,35,11,7,31011.9436033657
"2164",1,35,12,6,62500
"2165",1,35,13,5,17932.912388362
"2166",1,35,13,6,44567.087611638
"2167",1,35,14,5,62500
"2168",1,35,15,4,4352.73893181857
"2169",1,35,15,5,58147.2610681814
"2170",1,35,16,4,62500
"2171",1,35,17,4,62500
"2172",1,35,18,3,53234.4291864312
"2173",1,35,18,4,9265.57081356881
"2174",1,35,19,3,62500
"2175",1,35,20,2,39534.4107443932
"2176",1,35,20,3,22965.5892556068
"2177",1,35,21,2,62500
"2178",1,35,22,1,25627.977051809
"2179",1,35,22,2,36872.022948191
"2180",1,35,23,1,62500
"2181",1,35,24,0,10867.1726202589
"2182",1,35,24,1,51632.8273797411
"2183",1,35,25,0,62500
"2184",1,35,26,0,62500
"2185",1,35,27,0,62500
"2186",1,35,28,0,62500
"2187",1,35,29,0,11117.1726202589
"2188",1,35,29,1,51382.8273797411
"2189",1,35,30,1,62500
"2190",1,35,31,1,25877.977051809
"2191",1,35,31,2,36622.022948191
"2192",1,35,32,2,62500
"2193",1,35,33,2,39784.4107443932
"2194",1,35,33,3,22715.5892556068
"2195",1,35,34,3,62500
"2196",1,35,35,3,53484.4291864312
"2197",1,35,35,4,9015.57081356882
"2198",1,35,36,4,62500
"2199",1,35,37,4,62500
"2200",1,35,38,4,4602.73893181857
"2201",1,35,38,5,57897.2610681814
"2202",1,35,39,5,62500
"2203",1,35,40,5,18182.912388362
"2204",1,35,40,6,44317.087611638
"2205",1,36,1,11,62500
"2206",1,36,2,10,22637.6361249334
"2207",1,36,2,11,39862.3638750666
"2208",1,36,3,10,62500
"2209",1,36,4,9,9065.9960656505
"2210",1,36,4,10,53434.0039343495
"2211",1,36,5,9,62500
"2212",1,36,6,9,62500
"2213",1,36,7,8,57977.3391968053
"2214",1,36,7,9,4522.66080319465
"2215",1,36,8,8,62500
"2216",1,36,9,7,44364.6039862031
"2217",1,36,9,8,18135.3960137969
"2218",1,36,10,7,62500
"2219",1,36,11,6,30719.8114344733
"2220",1,36,11,7,31780.1885655267
"2221",1,36,12,6,62500
"2222",1,36,13,5,17027.1634506632
"2223",1,36,13,6,45472.8365493368
"2224",1,36,14,5,62500
"2225",1,36,15,4,3256.92334379208
"2226",1,36,15,5,59243.0766562079
"2227",1,36,16,4,62500
"2228",1,36,17,4,62500
"2229",1,36,18,3,51849.5869557002
"2230",1,36,18,4,10650.4130442998
"2231",1,36,19,3,62500
"2232",1,36,20,2,37666.9268042849
"2233",1,36,20,3,24833.0731957151
"2234",1,36,21,2,62500
"2235",1,36,22,1,22785.7797453052
"2236",1,36,22,2,39714.2202546948
"2237",1,36,23,1,62500
"2238",1,36,24,0,5919.58383539407
"2239",1,36,24,1,56580.4161646059
"2240",1,36,25,0,61469.2869901393
"2241",1,36,25,1,1030.71300986072
"2242",1,36,26,0,62500
"2243",1,36,27,0,62500
"2244",1,36,28,0,61530.7162459144
"2245",1,36,28,1,969.283754085583
"2246",1,36,29,0,6108.15457961893
"2247",1,36,29,1,56391.8454203811
"2248",1,36,30,1,62500
"2249",1,36,31,1,23035.7797453052
"2250",1,36,31,2,39464.2202546948
"2251",1,36,32,2,62500
"2252",1,36,33,2,37916.9268042849
"2253",1,36,33,3,24583.0731957151
"2254",1,36,34,3,62500
"2255",1,36,35,3,52099.5869557002
"2256",1,36,35,4,10400.4130442998
"2257",1,36,36,4,62500
"2258",1,36,37,4,62500
"2259",1,36,38,4,3506.92334379208
"2260",1,36,38,5,58993.0766562079
"2261",1,36,39,5,62500
"2262",1,36,40,5,17277.1634506632
"2263",1,36,40,6,45222.8365493368
"2264",1,37,1,11,62500
"2265",1,37,2,10,19558.8919337309
"2266",1,37,2,11,42941.1080662691
"2267",1,37,3,10,62500
"2268",1,37,4,9,5674.10009734023
"2269",1,37,4,10,56825.8999026598
"2270",1,37,5,9,62500
"2271",1,37,6,9,62500
"2272",1,37,7,8,54204.9495962445
"2273",1,37,7,9,8295.05040375549
"2274",1,37,8,8,62500
"2275",1,37,9,7,40119.6095507308
"2276",1,37,9,8,22380.3904492692
"2277",1,37,10,7,62500
"2278",1,37,11,6,25864.7954630621
"2279",1,37,11,7,36635.2045369379
"2280",1,37,12,6,62500
"2281",1,37,13,5,11354.2334229253
"2282",1,37,13,6,51145.7665770747
"2283",1,37,14,5,62500
"2284",1,37,15,4,45.5688461456193
"2285",1,37,15,5,62454.4311538544
"2286",1,37,16,4,58886.5501070538
"2287",1,37,16,5,3613.4498929462
"2288",1,37,17,4,62500
"2289",1,37,18,3,43280.0545363877
"2290",1,37,18,4,19219.9454636123
"2291",1,37,19,3,62500
"2292",1,37,20,2,26126.3846094143
"2293",1,37,20,3,36373.6153905857
"2294",1,37,21,2,62500
"2295",1,37,22,1,6322.64460685432
"2296",1,37,22,2,56177.3553931457
"2297",1,37,23,1,61115.6709136508
"2298",1,37,23,2,1384.32908634916
"2299",1,37,24,1,62500
"2300",1,37,25,0,24633.8813682747
"2301",1,37,25,1,37866.1186317253
"2302",1,37,26,0,58438.9463346798
"2303",1,37,26,1,4061.05366532022
"2304",1,37,27,0,58494.5618689044
"2305",1,37,27,1,4005.43813109558
"2306",1,37,28,0,24828.2658340501
"2307",1,37,28,1,37671.7341659499
"2308",1,37,29,1,62500
"2309",1,37,30,1,61188.5294252012
"2310",1,37,30,2,1311.47057479885
"2311",1,37,31,1,6499.78609530402
"2312",1,37,31,2,56000.213904696
"2313",1,37,32,2,62500
"2314",1,37,33,2,26376.3846094143
"2315",1,37,33,3,36123.6153905857
"2316",1,37,34,3,62500
"2317",1,37,35,3,43530.0545363877
"2318",1,37,35,4,18969.9454636123
"2319",1,37,36,4,62500
"2320",1,37,37,4,59104.2851525371
"2321",1,37,37,5,3395.71484746292
"2322",1,37,38,4,77.8338006623417
"2323",1,37,38,5,62422.1661993377
"2324",1,37,39,5,62500
"2325",1,37,40,5,11604.2334229253
"2326",1,37,40,6,50895.7665770747
"2327",1,38,1,11,62500
"2328",1,38,2,10,13891.1549710291
"2329",1,38,2,11,48608.8450289709
"2330",1,38,3,10,62500
"2331",1,38,4,9,690.078369797789
"2332",1,38,4,10,61809.9216302022
"2333",1,38,5,9,61246.632579277
"2334",1,38,5,10,1253.36742072304
"2335",1,38,6,9,62500
"2336",1,38,7,8,47265.4324898018
"2337",1,38,7,9,15234.5675101982
"2338",1,38,8,8,62500
"2339",1,38,9,7,32297.1084795614
"2340",1,38,9,8,30202.8915204386
"2341",1,38,10,7,62500
"2342",1,38,11,6,16899.7908678321
"2343",1,38,11,7,45600.2091321679
"2344",1,38,12,6,62500
"2345",1,38,13,5,2089.57305864708
"2346",1,38,13,6,60410.4269413529
"2347",1,38,14,5,61262.314776195
"2348",1,38,14,6,1237.68522380498
"2349",1,38,15,5,62500
"2350",1,38,16,4,46242.0366600518
"2351",1,38,16,5,16257.9633399482
"2352",1,38,17,4,62500
"2353",1,38,18,3,27208.3512088508
"2354",1,38,18,4,35291.6487911492
"2355",1,38,19,3,62500
"2356",1,38,20,2,5870.27952578371
"2357",1,38,20,3,56629.7204742163
"2358",1,38,21,2,60679.3625763426
"2359",1,38,21,3,1820.63742365741
"2360",1,38,22,2,62500
"2361",1,38,23,1,30846.4950911446
"2362",1,38,23,2,31653.5049088554
"2363",1,38,24,1,62500
"2364",1,38,25,1,62500
"2365",1,38,26,0,175.341225329461
"2366",1,38,26,1,62324.6587746705
"2367",1,38,27,0,179.341225329461
"2368",1,38,27,1,62320.6587746705
"2369",1,38,28,1,62500
"2370",1,38,29,1,62500
"2371",1,38,30,1,31096.4950911446
"2372",1,38,30,2,31403.5049088554
"2373",1,38,31,2,62500
"2374",1,38,32,2,60763.650343668
"2375",1,38,32,3,1736.34965633197
"2376",1,38,33,2,6035.99175845827
"2377",1,38,33,3,56464.0082415417
"2378",1,38,34,3,62500
"2379",1,38,35,3,27458.3512088508
"2380",1,38,35,4,35041.6487911492
"2381",1,38,36,4,62500
"2382",1,38,37,4,46492.0366600518
"2383",1,38,37,5,16007.9633399482
"2384",1,38,38,5,62500
"2385",1,38,39,5,61364.8364611199
"2386",1,38,39,6,1135.16353888008
"2387",1,38,40,5,2237.05137372218
"2388",1,38,40,6,60262.9486262778
"2389",1,39,1,11,62500
"2390",1,39,2,10,5611.75702895127
"2391",1,39,2,11,56888.2429710487
"2392",1,39,3,10,62500
"2393",1,39,4,10,62500
"2394",1,39,5,9,52809.7464899623
"2395",1,39,5,10,9690.25351003774
"2396",1,39,6,9,62500
"2397",1,39,7,8,37099.1254386476
"2398",1,39,7,9,25400.8745613524
"2399",1,39,8,8,62500
"2400",1,39,9,7,20817.2562212453
"2401",1,39,9,8,41682.7437787547
"2402",1,39,10,7,62500
"2403",1,39,11,6,4255.55390857023
"2404",1,39,11,7,58244.4460914298
"2405",1,39,12,6,61953.0564593176
"2406",1,39,12,7,546.943540682449
"2407",1,39,13,6,62500
"2408",1,39,14,5,47829.685259252
"2409",1,39,14,6,14670.314740748
"2410",1,39,15,5,62500
"2411",1,39,16,4,27341.7416419582
"2412",1,39,16,5,35158.2583580418
"2413",1,39,17,4,62500
"2414",1,39,18,3,5235.88131754307
"2415",1,39,18,4,57264.1186824569
"2416",1,39,19,3,60174.8461739582
"2417",1,39,19,4,2325.15382604179
"2418",1,39,20,3,62500
"2419",1,39,21,2,31890.0689068209
"2420",1,39,21,3,30609.9310931791
"2421",1,39,22,2,62500
"2422",1,39,23,1,122.432032292218
"2423",1,39,23,2,62377.5679677078
"2424",1,39,24,1,27584.2866488262
"2425",1,39,24,2,34915.7133511738
"2426",1,39,25,1,58292.942420798
"2427",1,39,25,2,4207.05757920204
"2428",1,39,26,1,62500
"2429",1,39,27,1,62500
"2430",1,39,28,1,58354.1734892472
"2431",1,39,28,2,4145.82651075281
"2432",1,39,29,1,27757.4797102091
"2433",1,39,29,2,34742.5202897909
"2434",1,39,30,1,138.00790246004
"2435",1,39,30,2,62361.99209754
"2436",1,39,31,2,62500
"2437",1,39,32,2,32140.068906821
"2438",1,39,32,3,30359.931093179
"2439",1,39,33,3,62500
"2440",1,39,34,3,60270.5631970588
"2441",1,39,34,4,2229.43680294119
"2442",1,39,35,3,5390.16429444248
"2443",1,39,35,4,57109.8357055575
"2444",1,39,36,4,62500
"2445",1,39,37,4,27591.7416419582
"2446",1,39,37,5,34908.2583580418
"2447",1,39,38,5,62500
"2448",1,39,39,5,48079.685259252
"2449",1,39,39,6,14420.314740748
"2450",1,39,40,6,62500
"2451",1,40,1,11,62500
"2452",1,40,2,10,15.4909140218078
"2453",1,40,2,11,62484.5090859782
"2454",1,40,3,10,57158.6457357548
"2455",1,40,3,11,5341.35426424515
"2456",1,40,4,10,62500
"2457",1,40,5,9,40739.4466598208
"2458",1,40,5,10,21760.5533401792
"2459",1,40,6,9,62500
"2460",1,40,7,8,23625.6152913502
"2461",1,40,7,9,38874.3847086498
"2462",1,40,8,8,62500
"2463",1,40,9,7,5860.7855301416
"2464",1,40,9,8,56639.2144698584
"2465",1,40,10,7,62201.9689700851
"2466",1,40,10,8,298.031029914884
"2467",1,40,11,7,62500
"2468",1,40,12,6,48607.8549090491
"2469",1,40,12,7,13892.1450909509
"2470",1,40,13,6,62500
"2471",1,40,14,5,26984.8905172993
"2472",1,40,14,6,35515.1094827007
"2473",1,40,15,5,62500
"2474",1,40,16,4,4563.39216174888
"2475",1,40,16,5,57936.6078382511
"2476",1,40,17,4,59605.2560775957
"2477",1,40,17,5,2894.74392240435
"2478",1,40,18,4,62500
"2479",1,40,19,3,31601.4574461561
"2480",1,40,19,4,30898.5425538439
"2481",1,40,20,3,62500
"2482",1,40,21,2,856.217556615507
"2483",1,40,21,3,61643.7824433845
"2484",1,40,22,2,41755.5989094131
"2485",1,40,22,3,20744.4010905869
"2486",1,40,23,2,62500
"2487",1,40,24,2,62500
"2488",1,40,25,1,1606.86903589417
"2489",1,40,25,2,60893.1309641058
"2490",1,40,26,1,12117.0807373586
"2491",1,40,26,2,50382.9192626414
"2492",1,40,27,1,12145.653111253
"2493",1,40,27,2,50354.346888747
"2494",1,40,28,1,1636.29666199978
"2495",1,40,28,2,60863.7033380002
"2496",1,40,29,2,62500
"2497",1,40,30,2,62500
"2498",1,40,31,2,41960.2706481143
"2499",1,40,31,3,20539.7293518857
"2500",1,40,32,2,901.545817914375
"2501",1,40,32,3,61598.4541820856
"2502",1,40,33,3,62500
"2503",1,40,34,3,31851.4574461561
"2504",1,40,34,4,30648.5425538439
"2505",1,40,35,4,62500
"2506",1,40,36,4,59712.4023564714
"2507",1,40,36,5,2787.59764352861
"2508",1,40,37,4,4706.24588287315
"2509",1,40,37,5,57793.7541171269
"2510",1,40,38,5,62500
"2511",1,40,39,5,27234.8905172993
"2512",1,40,39,6,35265.1094827007
"2513",1,40,40,6,62500
