349,0,279,43,7.56148483537715e-28
349,0,257,43,9.75682805245853e-23
349,0,258,43,-2.15142623571405e-20
349,0,259,43,6.19433054559845e-19
349,0,236,43,-2.83162955352891e-29
349,0,237,43,-2.58380602717661e-20
349,0,238,43,-4.34751256758959e-12
349,0,239,43,3.36268846618308e-10
349,0,216,43,5.71045161065869e-28
349,0,217,43,1.27460406749034e-18
349,0,218,43,1.75207718912552e-09
349,0,219,43,0.420690141036805
349,0,196,43,1.00960512168623e-26
349,0,197,43,7.15897080828908e-18
349,0,198,43,4.69999386960017e-09
349,0,199,43,0.579309851813085
349,0,176,43,-3.7581034211594e-28
349,0,177,43,-9.84547736696564e-20
349,0,178,43,-6.01250435149503e-12
349,0,179,43,3.72129262437273e-10
349,0,157,43,1.36489173085768e-22
349,0,158,43,-2.04766552327426e-20
349,0,159,43,4.89152243031001e-19
349,0,139,43,1.59151646172734e-28
349,10,279,43,1.26350640584638e-29
349,10,257,43,2.11545857272021e-25
349,10,258,43,-6.61014873333249e-22
349,10,259,43,1.09844720963483e-30
349,10,236,43,-4.66076304583707e-32
349,10,237,43,-9.27763341199827e-23
349,10,238,43,-5.21447710148815e-14
349,10,239,43,6.58567455481351e-11
349,10,216,43,4.39975421908897e-40
349,10,217,43,5.1253245470296e-20
349,10,218,43,1.84498745896078e-10
349,10,219,43,0.420690137594732
349,10,196,43,1.06854873625403e-28
349,10,197,43,3.04606357856335e-29
349,10,198,43,2.47820116438402e-09
349,10,199,43,0.579309859667747
349,10,176,43,-2.88461768316157e-30
349,10,177,43,-3.44665918929784e-21
349,10,178,43,-9.22531592942988e-14
349,10,179,43,9.10746063902871e-12
349,10,157,43,2.61501766797463e-25
349,10,158,43,-1.57383163035642e-22
349,10,159,43,6.5132810635202e-21
349,10,139,43,3.16949357523308e-32
349,20,279,43,2.11128936456125e-31
349,20,257,43,4.58670461052879e-28
349,20,258,43,-2.03093449845284e-23
349,20,259,43,5.29053594563695e-38
349,20,236,43,-7.67132537150927e-35
349,20,237,43,-3.33130308060269e-25
349,20,238,43,-6.25431257404575e-16
349,20,239,43,1.28978400439665e-11
349,20,216,43,3.23459226267304e-48
349,20,217,43,2.06092224163609e-21
349,20,218,43,1.94282571133655e-11
349,20,219,43,0.420690132748157
349,20,196,43,1.130946823197e-30
349,20,197,43,7.58824582805236e-36
349,20,198,43,1.30670768583919e-09
349,20,199,43,0.579309865912587
349,20,176,43,-2.21418216200837e-32
349,20,177,43,-1.2065998603678e-22
349,20,178,43,-1.41549993076932e-15
349,20,179,43,2.22911048555482e-13
349,20,157,43,5.01016288595545e-28
349,20,158,43,-1.20964405377812e-24
349,20,159,43,8.67272676878956e-23
349,20,139,43,6.31207418237324e-36
349,30,279,43,3.52791465430464e-33
349,30,257,43,9.94493867937228e-31
349,30,258,43,-6.23994091928128e-25
349,30,259,43,1.01778016131853e-38
349,30,236,43,-1.26262445743402e-37
349,30,237,43,-1.19614761211416e-27
349,30,238,43,-7.49810023263105e-18
349,30,239,43,2.52609415602003e-12
349,30,216,43,1.25470255164406e-49
349,30,217,43,8.2869594898622e-23
349,30,218,43,2.04589619890701e-12
349,30,219,43,0.420690127958848
349,30,196,43,1.19701693706812e-32
349,30,197,43,3.98844256894987e-36
349,30,198,43,6.89010329084294e-10
349,30,199,43,0.579309871347563
349,30,176,43,-1.6996120828368e-34
349,30,177,43,-4.22408641205452e-24
349,30,178,43,-2.1720590454052e-17
349,30,179,43,5.47172112203021e-15
349,30,157,43,9.59936865492095e-31
349,30,158,43,-9.29730465539327e-27
349,30,159,43,1.15481299102609e-24
349,30,139,43,1.25773168290065e-39
349,40,279,43,5.89506200899507e-35
349,40,257,43,2.15663081796693e-33
349,40,258,43,-1.91718647073316e-26
349,40,259,43,1.98809983857938e-39
349,40,236,43,-2.07791569507289e-40
349,40,237,43,-4.2924114330351e-30
349,40,238,43,-8.62586311611139e-20
349,40,239,43,4.94837811660581e-13
349,40,216,43,5.02157958609477e-51
349,40,217,43,3.33205619726964e-24
349,40,218,43,2.15490355163924e-13
349,40,219,43,0.420690123392767
349,40,196,43,1.2670050271833e-34
349,40,197,43,2.10367759407891e-36
349,40,198,43,3.63315278933336e-10
349,40,199,43,0.579309876243205
349,40,176,43,-1.30469885797662e-36
349,40,177,43,-1.47869183085039e-25
349,40,178,43,-3.31116059964005e-19
349,40,179,43,1.50145010077687e-16
349,40,157,43,1.84026153829479e-33
349,40,158,43,-7.14589706028775e-29
349,40,159,43,1.53768706174632e-26
349,40,139,43,2.59649271617769e-43
349,50,279,43,9.85050916832936e-37
349,50,257,43,4.68791568862587e-36
349,50,258,43,-5.8903881937735e-28
349,50,259,43,3.89383133288998e-40
349,50,236,43,-3.41174230329492e-43
349,50,237,43,-1.51089786225338e-32
349,50,238,43,2.67465321434384e-21
349,50,239,43,9.70260656714426e-14
349,50,216,43,2.02446819388342e-52
349,50,217,43,1.33930727153267e-25
349,50,218,43,2.2744092436065e-14
349,50,219,43,0.420690119068193
349,50,196,43,1.34120320416025e-36
349,50,197,43,1.10947098083063e-36
349,50,198,43,1.91585298099384e-10
349,50,199,43,0.5793098807401
349,50,176,43,-1.00167290599801e-38
349,50,177,43,-5.16973084625705e-27
349,50,178,43,-8.40048068792008e-22
349,50,179,43,1.9908790652707e-17
349,50,157,43,3.5643883388352e-36
349,50,158,43,-5.49232243937782e-31
349,50,159,43,2.04751139571615e-28
349,50,139,43,1.74064740275582e-46
349,60,279,43,1.64599674343554e-38
349,60,257,43,1.05641169757769e-38
349,60,258,43,-1.80965531579041e-29
349,60,259,43,7.64365512398556e-41
349,60,236,43,-5.28790728402826e-46
349,60,237,43,-2.05619327163977e-35
349,60,238,43,3.74649448766189e-21
349,60,239,43,1.91165562176411e-14
349,60,216,43,8.15686509892718e-54
349,60,217,43,5.35950621641214e-27
349,60,218,43,2.44728906329228e-15
349,60,219,43,0.420690114986346
349,60,196,43,1.41999102367308e-38
349,60,197,43,5.85158029488172e-37
349,60,198,43,1.01036929696508e-10
349,60,199,43,0.579309884912594
349,60,176,43,-7.6928572327667e-41
349,60,177,43,-1.77110122418372e-28
349,60,178,43,5.32736593988289e-21
349,60,179,43,1.6723176780293e-17
349,60,157,43,8.20512001845982e-39
349,60,158,43,-4.2204295952508e-33
349,60,159,43,2.72710478491492e-30
349,60,139,43,1.66555034060597e-48
349,70,279,43,2.75042148391486e-40
349,70,257,43,6.74193841637404e-41
349,70,258,43,-5.55735268818217e-31
349,70,259,43,1.51521187198606e-41
349,70,236,43,4.1922051905193e-49
349,70,237,43,3.94814287140053e-36
349,70,238,43,3.76019365057295e-21
349,70,239,43,3.85835500025701e-15
349,70,216,43,3.18328187204825e-55
349,70,217,43,2.01816595723087e-28
349,70,218,43,3.09877396253367e-16
349,70,219,43,0.420690111146693
349,70,196,43,1.5043106636353e-40
349,70,197,43,3.08699095688662e-37
349,70,198,43,5.32933832001064e-11
349,70,199,43,0.579309888800008
349,70,176,43,-5.91349171420498e-43
349,70,177,43,-4.13924999703347e-30
349,70,178,43,6.00197505160005e-21
349,70,179,43,1.66461463432002e-17
349,70,157,43,9.53399247227455e-41
349,70,158,43,-3.14262216983546e-35
349,70,159,43,3.70522489764689e-32
349,70,139,43,2.20762814639919e-50
349,80,279,43,4.59588955309958e-42
349,80,257,43,3.37380193492987e-41
349,80,258,43,-1.70164175979177e-32
349,80,259,43,3.14999947122626e-42
349,80,236,43,3.89641075991074e-50
349,80,237,43,8.62511458710453e-37
349,80,238,43,3.76050547073888e-21
349,80,239,43,8.70109968512192e-16
349,80,216,43,6.85392247771494e-57
349,80,217,43,8.34767056049537e-31
349,80,218,43,8.47412295386378e-17
349,80,219,43,0.420690107548709
349,80,196,43,1.61753191559555e-42
349,80,197,43,1.62934606432239e-37
349,80,198,43,2.8119613615237e-11
349,80,199,43,0.579309892423169
349,80,176,43,-4.50880559987057e-45
349,80,177,43,9.44166367229474e-31
349,80,178,43,6.31817589923287e-21
349,80,179,43,1.66447536282645e-17
349,80,157,43,3.84732763385111e-41
349,80,158,43,7.95897861159197e-37
349,80,159,43,1.23273647702672e-33
349,80,139,43,3.09907287649725e-52
349,90,279,43,7.67964306118222e-44
349,90,257,43,3.33298758605276e-41
349,90,258,43,-5.0643236454663e-34
349,90,259,43,7.99446668113044e-43
349,90,236,43,-5.6165249325979e-51
349,90,237,43,5.14984117774019e-37
349,90,238,43,3.76053622182685e-21
349,90,239,43,2.84876607340453e-16
349,90,216,43,-2.92663390009703e-57
349,90,217,43,-3.83722369955482e-30
349,90,218,43,6.10015100103434e-17
349,90,219,43,0.420690104192009
349,90,196,43,2.95547324752929e-44
349,90,197,43,8.60802838202193e-38
349,90,198,43,1.4846239596267e-11
349,90,199,43,0.579309895793143
349,90,176,43,-5.67100152613267e-48
349,90,177,43,6.08424542112753e-31
349,90,178,43,6.4843164566568e-21
349,90,179,43,1.66449793119262e-17
349,90,157,43,3.90711877949564e-41
349,90,158,43,1.0571214643494e-36
349,90,159,43,7.55800897919751e-34
349,90,139,43,2.00035030296468e-53
349,100,279,43,1.28332356786483e-45
349,100,257,43,3.33188022691173e-41
349,100,258,43,-7.37280058264061e-36
349,100,259,43,3.39102381645876e-43
349,100,236,43,-4.07410922725255e-51
349,100,237,43,4.78067026083294e-37
349,100,238,43,3.7605416641859e-21
349,100,239,43,1.70261478575605e-16
349,100,216,43,-1.823787374e-57
349,100,217,43,-2.21104737905498e-30
349,100,218,43,5.84853459055993e-17
349,100,219,43,0.420690101076307
349,100,196,43,6.88096798759341e-45
349,100,197,43,4.55589857152164e-38
349,100,198,43,7.84759680515023e-12
349,100,199,43,0.579309898915844
349,100,176,43,1.56815055711181e-47
349,100,177,43,3.25722154774744e-31
349,100,178,43,6.57192077808552e-21
349,100,179,43,1.66451218612504e-17
349,100,157,43,4.02331399901226e-41
349,100,158,43,1.06628902454693e-36
349,100,159,43,7.49463211998095e-34
349,100,139,43,1.61430882632397e-53
349,110,279,43,2.14883059401799e-47
349,110,257,43,3.33184860096258e-41
349,110,258,43,6.35436382876618e-36
349,110,259,43,2.4894617873205e-43
349,110,236,43,-2.20651965685923e-51
349,110,237,43,4.74091829702461e-37
349,110,238,43,3.76054268287921e-21
349,110,239,43,1.47814658267157e-16
349,110,216,43,-9.78360673334241e-58
349,110,217,43,-1.18069074801689e-30
349,110,218,43,5.82125833734057e-17
349,110,219,43,0.420690098201381
349,110,196,43,3.56650249594116e-45
349,110,197,43,2.41942649491594e-38
349,110,198,43,4.15743475894752e-12
349,110,199,43,0.57930990179446
349,110,176,43,8.49996640048269e-48
349,110,177,43,1.72953660614487e-31
349,110,178,43,6.61811842494549e-21
349,110,179,43,1.66451976447022e-17
349,110,157,43,4.08751072545584e-41
349,110,158,43,1.07013543043313e-36
349,110,159,43,7.49385734518521e-34
349,110,139,43,1.60920006444207e-53
349,120,279,43,3.97519097028268e-49
349,120,257,43,3.3318480228763e-41
349,120,258,43,6.46156015507177e-36
349,120,259,43,2.3128952072191e-43
349,120,236,43,-1.17082435988188e-51
349,120,237,43,4.73631940500553e-37
349,120,238,43,3.76054286158403e-21
349,120,239,43,1.43418556197334e-16
349,120,216,43,-5.15977269943359e-58
349,120,217,43,-6.2599154371452e-31
349,120,218,43,5.81805062737197e-17
349,120,219,43,0.420690095567049
349,120,196,43,1.91076492331912e-45
349,120,197,43,1.29298415775995e-38
349,120,198,43,2.21173831115618e-12
349,120,199,43,0.579309904430738
349,120,176,43,4.55942964737769e-48
349,120,177,43,9.22720416636867e-32
349,120,178,43,6.64248048950661e-21
349,120,179,43,1.66452376550404e-17
349,120,157,43,4.12146670990184e-41
349,120,158,43,1.07215622642893e-36
349,120,159,43,7.49388351438543e-34
349,120,139,43,1.6091490768737e-53
349,130,279,43,4.39538744720527e-50
349,130,257,43,3.33184806750342e-41
349,130,258,43,6.40324787997028e-36
349,130,259,43,2.27831548504767e-43
349,130,236,43,-6.18176490687078e-52
349,130,237,43,4.73564915183432e-37
349,130,238,43,3.76054287966689e-21
349,130,239,43,1.42557600202175e-16
349,130,216,43,-2.68337894244773e-58
349,130,217,43,-3.3069003532632e-31
349,130,218,43,5.81760578011541e-17
349,130,219,43,0.420690093173154
349,130,196,43,1.03877627853194e-45
349,130,197,43,6.99082210871744e-39
349,130,198,43,1.18585276171732e-12
349,130,199,43,0.579309906825658
349,130,176,43,2.48014944889549e-48
349,130,177,43,4.97263435711505e-32
349,130,178,43,6.65532753220462e-21
349,130,179,43,1.66452587833694e-17
349,130,157,43,4.13937656097118e-41
349,130,158,43,1.0732218118991e-36
349,130,159,43,7.49390311657278e-34
349,130,139,43,1.60915739004399e-53
349,140,279,43,3.78218842935587e-50
349,140,257,43,3.33184806828539e-41
349,140,258,43,6.38939103674745e-36
349,140,259,43,2.27154320443029e-43
349,140,236,43,-3.24140444049531e-52
349,140,237,43,4.73550891877412e-37
349,140,238,43,3.76054286820752e-21
349,140,239,43,1.42388985561527e-16
349,140,216,43,-1.35933965286337e-58
349,140,217,43,-1.73624325933314e-31
349,140,218,43,5.81756507054541e-17
349,140,219,43,0.420690091019563
349,140,196,43,5.79063060664088e-46
349,140,197,43,3.85969489885936e-39
349,140,198,43,6.44970122211052e-13
349,140,199,43,0.57930990897979
349,140,176,43,1.38385859250742e-48
349,140,177,43,2.72940606355126e-32
349,140,178,43,6.66210196987863e-21
349,140,179,43,1.66452699503978e-17
349,140,157,43,4.14882081057051e-41
349,140,158,43,1.07378371142424e-36
349,140,159,43,7.49391354179863e-34
349,140,139,43,1.60916224493542e-53
349,150,279,43,3.76755473635225e-50
349,150,257,43,3.33184805687505e-41
349,150,258,43,6.38660235395413e-36
349,150,259,43,2.27021687800811e-43
349,150,236,43,-1.67762654059899e-52
349,150,237,43,4.73548252929402e-37
349,150,238,43,3.76054285268778e-21
349,150,239,43,1.42355962697181e-16
349,150,216,43,-6.51703408793337e-59
349,150,217,43,-9.01051122019414e-32
349,150,218,43,5.81761891367216e-17
349,150,219,43,0.420690089106156
349,150,196,43,3.36735340742217e-46
349,150,197,43,2.20918938572226e-39
349,150,198,43,3.59843631433626e-13
349,150,199,43,0.579309910893482
349,150,176,43,8.05950607534632e-49
349,150,177,43,1.54685793763378e-32
349,150,178,43,6.6656736659329e-21
349,150,179,43,1.66452758604705e-17
349,150,157,43,4.15380011270948e-41
349,150,158,43,1.07407996318606e-36
349,150,159,43,7.49391904946098e-34
349,150,139,43,1.60916481301275e-53
349,160,279,43,3.76645096042734e-50
349,160,257,43,3.33184804443221e-41
349,160,258,43,6.38605388420158e-36
349,160,259,43,2.26995711645222e-43
349,160,236,43,-8.46513779511811e-53
349,160,237,43,4.73549520549055e-37
349,160,238,43,3.76054283808529e-21
349,160,239,43,1.42349494892431e-16
349,160,216,43,-2.73795673612268e-59
349,160,217,43,-4.57229886689857e-32
349,160,218,43,5.81770220039257e-17
349,160,219,43,0.42069008743283
349,160,196,43,2.09070842652216e-46
349,160,197,43,1.33966054123667e-39
349,160,198,43,2.09625331883966e-13
349,160,199,43,0.579309912566958
349,160,176,43,5.01482488605903e-49
349,160,177,43,9.23819664154834e-33
349,160,178,43,6.66755569860466e-21
349,160,179,43,1.66452789938688e-17
349,160,157,43,4.15642384906488e-41
349,160,158,43,1.07423606763889e-36
349,160,159,43,7.49392196028532e-34
349,160,139,43,1.60916616815954e-53
349,170,279,43,3.76626422668053e-50
349,170,257,43,3.33184803329617e-41
349,170,258,43,6.38594638177313e-36
349,170,259,43,2.26990623751235e-43
349,170,236,43,-4.05799976806713e-53
349,170,237,43,4.7355226453317e-37
349,170,238,43,3.76054282537702e-21
349,170,239,43,1.42348227832877e-16
349,170,216,43,-7.24711180470898e-60
349,170,217,43,-2.21917830000933e-32
349,170,218,43,5.81779082193892e-17
349,170,219,43,0.420690085999495
349,170,196,43,1.41952674091779e-46
349,170,197,43,8.82515607976335e-40
349,170,198,43,1.30646494992336e-13
349,170,199,43,0.579309914000372
349,170,176,43,3.41405988519502e-49
349,170,177,43,5.96242908774456e-33
349,170,178,43,6.66854535050234e-21
349,170,179,43,1.66452806575224e-17
349,170,157,43,4.15780351503685e-41
349,170,158,43,1.0743181544267e-36
349,170,159,43,7.49392349812525e-34
349,170,139,43,1.60916688230775e-53
349,180,279,43,3.76622813988593e-50
349,180,257,43,3.33184802393175e-41
349,180,258,43,6.38592531213613e-36
349,180,259,43,2.26989626828728e-43
349,180,236,43,-1.73984223997933e-53
349,180,237,43,4.73555359489485e-37
349,180,238,43,3.7605428147562e-21
349,180,239,43,1.42347979379797e-16
349,180,216,43,3.38780959890868e-60
349,180,217,43,-9.81593824771996e-33
349,180,218,43,5.81787310853018e-17
349,180,219,43,0.420690084806076
349,180,196,43,1.06929359512107e-46
349,180,197,43,6.43970223338365e-40
349,180,198,43,8.9432501030536e-14
349,180,199,43,0.579309915193832
349,180,176,43,2.57872704368984e-49
349,180,177,43,4.25297725265568e-33
349,180,178,43,6.6690618636519e-21
349,180,179,43,1.66452815386662e-17
349,180,157,43,4.15852357803013e-41
349,180,158,43,1.07436099707351e-36
349,180,159,43,7.49392430654397e-34
349,180,139,43,1.60916725628217e-53
349,190,279,43,3.76622107509516e-50
349,190,257,43,3.3318480164312e-41
349,190,258,43,6.38592117530667e-36
349,190,259,43,2.2698943122316e-43
349,190,236,43,-5.55939138165494e-54
349,190,237,43,4.73558231065565e-37
349,190,238,43,3.7605428062616e-21
349,190,239,43,1.42347930484894e-16
349,190,216,43,8.83715169794437e-60
349,190,217,43,-3.49610947734295e-33
349,190,218,43,5.81794304460423e-17
349,190,219,43,0.420690083852509
349,190,196,43,8.91544071159279e-47
349,190,197,43,5.22904227177347e-40
349,190,198,43,6.85150302115743e-14
349,190,199,43,0.57930991614742
349,190,176,43,2.15476939480823e-49
349,190,177,43,3.38535813417336e-33
349,190,178,43,6.66932404416107e-21
349,190,179,43,1.66452819959751e-17
349,190,157,43,4.15888907673833e-41
349,190,158,43,1.07438274418793e-36
349,190,159,43,7.49392472142328e-34
349,190,139,43,1.609167447087e-53
349,200,279,43,3.76621969087704e-50
349,200,257,43,3.33184801081303e-41
349,200,258,43,6.3859203594815e-36
349,200,259,43,2.26989392741277e-43
349,200,236,43,-1.86936900708627e-55
349,200,237,43,4.73560587974136e-37
349,200,238,43,3.76054279990119e-21
349,200,239,43,1.42347920758865e-16
349,200,216,43,1.13107630400425e-59
349,200,217,43,-6.28236014749268e-34
349,200,218,43,5.81799757357615e-17
349,200,219,43,0.420690083138743
349,200,196,43,8.10929327466388e-47
349,200,197,43,4.67997168582171e-40
349,200,198,43,5.90283046095421e-14
349,200,199,43,0.579309916861195
349,200,176,43,1.96249139836361e-49
349,200,177,43,2.99186509923219e-33
349,200,178,43,6.66944295565854e-21
349,200,179,43,1.6645282211509e-17
349,200,157,43,4.159054845524e-41
349,200,158,43,1.07439260780866e-36
349,200,159,43,7.49392491325343e-34
349,200,139,43,1.60916753441598e-53
349,210,279,43,3.76621943674901e-50
349,210,257,43,3.33184800708096e-41
349,210,258,43,6.38592020631475e-36
349,210,259,43,2.26989385576954e-43
349,210,236,43,9.31589163062361e-55
349,210,237,43,4.73562298254201e-37
349,210,238,43,3.76054279567656e-21
349,210,239,43,1.4234791887887e-16
349,210,216,43,1.18117538731386e-59
349,210,217,43,-3.06414377123492e-35
349,210,218,43,5.81803531076886e-17
349,210,219,43,0.420690082664741
349,210,196,43,7.9327638264089e-47
349,210,197,43,4.55973669061099e-40
349,210,198,43,5.69514146239826e-14
349,210,199,43,0.5793099173352
349,210,176,43,1.92039549208318e-49
349,210,177,43,2.9057313440132e-33
349,210,178,43,6.66946896948742e-21
349,210,179,43,1.66452822678391e-17
349,210,157,43,4.15909110732944e-41
349,210,158,43,1.07439476592602e-36
349,210,159,43,7.49392495935804e-34
349,210,139,43,1.60916755441312e-53
349,220,279,43,3.76621948739761e-50
349,220,257,43,3.33184800523554e-41
349,220,258,43,6.38592023359337e-36
349,220,259,43,2.26989386909562e-43
349,220,236,43,-1.7432909857014e-54
349,220,237,43,4.7356333430187e-37
349,220,238,43,3.76054279358784e-21
349,220,239,43,1.42347919163092e-16
349,220,216,43,1.05429354407099e-59
349,220,217,43,-1.45716948234631e-33
349,220,218,43,5.81805596740115e-17
349,220,219,43,0.420690082430477
349,220,196,43,8.31102255851536e-47
349,220,197,43,4.81737033079625e-40
349,220,198,43,6.14040952548219e-14
349,220,199,43,0.579309917569459
349,220,176,43,2.0106395708416e-49
349,220,177,43,3.09045298900096e-33
349,220,178,43,6.66941310365715e-21
349,220,179,43,1.6645282183027e-17
349,220,157,43,4.15901322241674e-41
349,220,158,43,1.07439013241551e-36
349,220,159,43,7.49392487665075e-34
349,220,139,43,1.60916751498444e-53
349,230,279,43,3.7662200168848e-50
349,230,257,43,3.33184800527627e-41
349,230,258,43,6.38592054301951e-36
349,230,259,43,2.26989401552136e-43
349,230,236,43,-9.3135783185428e-54
349,230,237,43,4.73563761380437e-37
349,230,238,43,3.76054279363462e-21
349,230,239,43,1.42347922809866e-16
349,230,216,43,6.98885249198523e-60
349,230,217,43,-5.49578632188877e-33
349,230,218,43,5.8180602301229e-17
349,230,219,43,0.42069008243594
349,230,196,43,9.40442028484314e-47
349,230,197,43,5.56208824558148e-40
349,230,198,43,7.4273641831635e-14
349,230,199,43,0.579309917563983
349,230,176,43,2.2714748171059e-49
349,230,177,43,3.62431874850541e-33
349,230,178,43,6.66925169043332e-21
349,230,179,43,1.66452819182763e-17
349,230,157,43,4.15878819547828e-41
349,230,158,43,1.07437674418549e-36
349,230,159,43,7.49392462880029e-34
349,230,139,43,1.60916739914723e-53
349,240,279,43,3.76622277337973e-50
349,240,257,43,3.33184800720103e-41
349,240,258,43,6.38592215602371e-36
349,240,259,43,2.26989477843646e-43
349,240,236,43,-2.48977346048696e-53
349,240,237,43,4.73563764589099e-37
349,240,238,43,3.76054279581565e-21
349,240,239,43,1.4234794185448e-16
349,240,216,43,-2.93446756932181e-61
349,240,217,43,-1.3810886317562e-32
349,240,218,43,5.81805004446874e-17
349,240,219,43,0.420690082681129
349,240,196,43,1.16764630285657e-46
349,240,197,43,7.1095864680932e-40
349,240,198,43,1.01014841997242e-13
349,240,199,43,0.579309917318767
349,240,176,43,2.81345878167095e-49
349,240,177,43,4.73358991560577e-33
349,240,178,43,6.66891634990949e-21
349,240,179,43,1.66452813614969e-17
349,240,157,43,4.1583206977427e-41
349,240,158,43,1.07434892954714e-36
349,240,159,43,7.49392411083925e-34
349,240,139,43,1.60916715783555e-53
349,250,279,43,3.76623685171522e-50
349,250,257,43,3.33184801100142e-41
349,250,258,43,6.38593038644307e-36
349,250,259,43,2.26989867260389e-43
349,250,236,43,-5.49151233117146e-53
349,250,237,43,4.73563725418097e-37
349,250,238,43,3.76054280012671e-21
349,250,239,43,1.42348038908751e-16
349,250,216,43,-1.42597608192329e-59
349,250,217,43,-2.98291463140295e-32
349,250,218,43,5.81802941924586e-17
349,250,219,43,0.420690083166059
349,250,196,43,1.60902953487901e-46
349,250,197,43,1.0115867133485e-39
349,250,198,43,1.52961971745199e-13
349,250,199,43,0.579309916833786
349,250,176,43,3.86631567615545e-49
349,250,177,43,6.88839271638443e-33
349,250,178,43,6.66826502203726e-21
349,250,179,43,1.66452802798197e-17
349,250,157,43,4.15741268258249e-41
349,250,158,43,1.07429490550117e-36
349,250,159,43,7.49392310469646e-34
349,250,139,43,1.60916668911434e-53
349,260,279,43,3.76630873833864e-50
349,260,257,43,3.33184801663926e-41
349,260,258,43,6.38597238625364e-36
349,260,259,43,2.26991854770444e-43
349,260,236,43,-1.11729924429797e-52
349,260,237,43,4.73564379573558e-37
349,260,238,43,3.76054280655069e-21
349,260,239,43,1.42348533900164e-16
349,260,216,43,-4.0577449599372e-59
349,260,217,43,-6.01515191825198e-32
349,260,218,43,5.81800608456968e-17
349,260,219,43,0.420690083890754
349,260,196,43,2.45169817233034e-46
349,260,197,43,1.58553208502891e-39
349,260,198,43,2.52132776571039e-13
349,260,199,43,0.579309916108992
349,260,176,43,5.8763055659585e-49
349,260,177,43,1.10019629985244e-32
349,260,178,43,6.66702178533302e-21
349,260,179,43,1.6645278220946e-17
349,260,157,43,4.1556794864706e-41
349,260,158,43,1.07419178607308e-36
349,260,159,43,7.49392118681495e-34
349,260,139,43,1.60916579499638e-53
349,270,279,43,3.76667667634395e-50
349,270,257,43,3.33184802392885e-41
349,270,258,43,6.3861867949624e-36
349,270,259,43,2.27002001694743e-43
349,270,236,43,-2.18743318105219e-52
349,270,237,43,4.73567121586429e-37
349,270,238,43,3.76054281500852e-21
349,270,239,43,1.42351060446654e-16
349,270,216,43,-8.99232097371138e-59
349,270,217,43,-1.17273124289623e-31
349,270,218,43,5.81799469069014e-17
349,270,219,43,0.420690084855254
349,270,196,43,4.05286556746672e-46
349,270,197,43,2.67609443410658e-39
349,270,198,43,4.40560558892738e-13
349,270,199,43,0.579309915144303
349,270,176,43,9.69537213427079e-49
349,270,177,43,1.88176845112812e-32
349,270,178,43,6.66465996749301e-21
349,270,179,43,1.66452743215393e-17
349,270,157,43,4.15238687290136e-41
349,270,158,43,1.07399588706416e-36
349,270,159,43,7.49391754871949e-34
349,270,139,43,1.60916409756843e-53
349,280,279,43,3.76860942311593e-50
349,280,257,43,3.3318480319401e-41
349,280,258,43,6.38728137783796e-36
349,280,259,43,2.27053810660385e-43
349,280,236,43,-4.20030872622702e-52
349,280,237,43,4.73574584503652e-37
349,280,238,43,3.76054282511262e-21
349,280,239,43,1.42363959931431e-16
349,280,216,43,-1.82310663653898e-58
349,280,217,43,-2.24731621656019e-31
349,280,218,43,5.81802288592019e-17
349,280,219,43,0.420690086059612
349,280,196,43,7.09127495035101e-46
349,280,197,43,4.74556895855466e-39
349,280,198,43,7.98109673276505e-13
349,280,199,43,0.579309913939587
349,280,176,43,1.69422384933519e-48
349,280,177,43,3.3647949753705e-32
349,280,178,43,6.66017902974133e-21
349,280,179,43,1.66452669414878e-17
349,280,157,43,4.14613998574209e-41
349,280,158,43,1.07362421999301e-36
349,280,159,43,7.49391065452023e-34
349,280,139,43,1.60916087889502e-53
349,290,279,43,3.78171345084421e-50
349,290,257,43,3.33184803596772e-41
349,290,258,43,6.39286550982162e-36
349,290,259,43,2.27318348577475e-43
349,290,236,43,-7.984935718138e-52
349,290,237,43,4.73591756497765e-37
349,290,238,43,3.76054283491508e-21
349,290,239,43,1.42429824078612e-16
349,290,216,43,-3.5520021148756e-58
349,290,217,43,-4.26805103591782e-31
349,290,218,43,5.81814293681253e-17
349,290,219,43,0.420690087503895
349,290,196,43,1.28549177897941e-45
349,290,197,43,8.67121275276459e-39
349,290,198,43,1.47632530257839e-12
349,290,199,43,0.579309912494627
349,290,176,43,3.06884992915236e-48
349,290,177,43,6.17779757077265e-32
349,290,178,43,6.65168070580764e-21
349,290,179,43,1.66452529691004e-17
349,290,157,43,4.13429244254403e-41
349,290,158,43,1.07291933545448e-36
349,290,159,43,7.49389759026129e-34
349,290,139,43,1.60915477688741e-53
349,300,279,43,4.04224350253315e-50
349,300,257,43,3.33184801237086e-41
349,300,258,43,6.42122157728929e-36
349,300,259,43,2.28669095801587e-43
349,300,236,43,-1.50999554537848e-51
349,300,237,43,4.73628306233435e-37
349,300,238,43,3.76054283452839e-21
349,300,239,43,1.4276612939666e-16
349,300,216,43,-6.7867404623738e-58
349,300,217,43,-8.06754586021644e-31
349,300,218,43,5.8184551228321e-17
349,300,219,43,0.420690089188184
349,300,196,43,2.37870092599976e-45
349,300,197,43,1.61171112923578e-38
349,300,198,43,2.76266426531714e-12
349,300,199,43,0.579309910809051
349,300,176,43,5.67605005542296e-48
349,300,177,43,1.15129512777212e-31
349,300,178,43,6.63556483411154e-21
349,300,179,43,1.66452265028929e-17
349,300,157,43,4.11182524279286e-41
349,300,158,43,1.07158262239069e-36
349,300,159,43,7.49387282959709e-34
349,300,139,43,1.6091432090272e-53
349,310,279,43,1.69598096224585e-49
349,310,257,43,3.33184785100584e-41
349,310,258,43,6.56090494465881e-36
349,310,259,43,2.35566107935177e-43
349,310,236,43,-2.84752407041891e-51
349,310,237,43,4.73705074325801e-37
349,310,238,43,3.76054277356976e-21
349,310,239,43,1.44483327098145e-16
349,310,216,43,-1.28381268595053e-57
349,310,217,43,-1.5211228981569e-30
349,310,218,43,5.81916614074062e-17
349,310,219,43,0.420690091112579
349,310,196,43,4.45216665088762e-45
349,310,197,43,3.02395757000225e-38
349,310,198,43,5.20233008028294e-12
349,310,199,43,0.579309908882216
349,310,176,43,1.06208687102669e-47
349,310,177,43,2.16313243470026e-31
349,310,178,43,6.60500421130789e-21
349,310,179,43,1.66451763515269e-17
349,310,157,43,4.06922062907831e-41
349,310,158,43,1.06904780664453e-36
349,310,159,43,7.49382590189989e-34
349,310,139,43,1.60912133456159e-53
349,320,279,43,7.76363026921979e-48
349,320,257,43,3.33184733012684e-41
349,320,258,43,7.10799349414373e-36
349,320,259,43,2.70782760316335e-43
349,320,236,43,-5.36128143766908e-51
349,320,237,43,4.7388636661729e-37
349,320,238,43,3.76054239489688e-21
349,320,239,43,1.53251463592299e-16
349,320,216,43,-2.41562838614285e-57
349,320,217,43,-2.86413896160896e-30
349,320,218,43,5.8208354712494e-17
349,320,219,43,0.420690093277204
349,320,196,43,8.38494515553242e-45
349,320,197,43,5.70250806358735e-38
349,320,198,43,9.82934999927668e-12
349,320,199,43,0.579309906712965
349,320,176,43,1.99987081112326e-47
349,320,177,43,4.08208570798165e-31
349,320,178,43,6.54705236516195e-21
349,320,179,43,1.66450812928133e-17
349,320,157,43,3.98843217536589e-41
349,320,158,43,1.06424105605964e-36
349,320,159,43,7.49373765105273e-34
349,320,139,43,1.60908422676361e-53
349,330,279,43,4.61533794771963e-46
349,330,257,43,3.33185640252294e-41
349,330,258,43,4.49389291137327e-36
349,330,259,43,4.50601599978948e-43
349,330,236,43,-1.00715610815681e-50
349,330,237,43,4.74531224962338e-37
349,330,238,43,3.76054038497141e-21
349,330,239,43,1.98022217196187e-16
349,330,216,43,-4.52886351795057e-57
349,330,217,43,-5.38677137362162e-30
349,330,218,43,5.82613479420285e-17
349,330,219,43,0.420690095682212
349,330,196,43,1.58554945272661e-44
349,330,197,43,1.07827876843657e-37
349,330,198,43,1.86048317195932e-11
349,330,199,43,0.579309904299181
349,330,176,43,3.77609056323113e-47
349,330,177,43,7.7205916099415e-31
349,330,178,43,6.43715900446708e-21
349,330,179,43,1.66449010840993e-17
349,330,157,43,3.83530034664016e-41
349,330,158,43,1.0551257093285e-36
349,330,159,43,7.49362427485146e-34
349,330,139,43,1.60934191508626e-53
349,340,279,43,2.76139814804508e-44
349,340,257,43,3.33228674379016e-41
349,340,258,43,-1.84856017195701e-34
349,340,259,43,1.36876996127907e-42
349,340,236,43,-1.85490446687532e-50
349,340,237,43,4.78570715401406e-37
349,340,238,43,3.76053002820016e-21
349,340,239,43,4.26625008895094e-16
349,340,216,43,-8.38860209196808e-57
349,340,217,43,-1.00701166537853e-29
349,340,218,43,5.85546439919828e-17
349,340,219,43,0.420690098327805
349,340,196,43,3.11052187438927e-44
349,340,197,43,2.04182933522723e-37
349,340,198,43,3.52481461072025e-11
349,340,199,43,0.579309901636945
349,340,176,43,6.93618013388673e-47
349,340,177,43,1.45971156606527e-30
349,340,178,43,6.22876970585487e-21
349,340,179,43,1.66445594468907e-17
349,340,157,43,3.54681277096715e-41
349,340,158,43,1.0377919348515e-36
349,340,159,43,7.49746093468587e-34
349,340,139,43,1.63446587210756e-53
349,350,279,43,1.65254142588873e-42
349,350,257,43,3.3470025052813e-41
349,350,258,43,-6.88008917353375e-33
349,350,259,43,6.05700611618952e-42
349,350,236,43,-2.511609766556e-50
349,350,237,43,5.12805865985698e-37
349,350,238,43,3.76047692901266e-21
349,350,239,43,1.59388784818538e-15
349,350,216,43,-1.33156676443934e-56
349,350,217,43,-1.73973026343595e-29
349,350,218,43,6.09320050461555e-17
349,350,219,43,0.420690101214263
349,350,196,43,1.62097466760581e-43
349,350,197,43,3.8693433262741e-37
349,350,198,43,6.68133148724512e-11
349,350,199,43,0.579309898718921
349,350,176,43,-1.14044839462626e-46
349,350,177,43,2.69537420992514e-30
349,350,178,43,5.83360360040613e-21
349,350,179,43,1.66439130900366e-17
349,350,157,43,3.05386852199326e-41
349,350,158,43,9.98596743706671e-37
349,350,159,43,7.80901244215379e-34
349,350,139,43,3.53207457703685e-53
349,360,279,43,9.88966572729277e-41
349,360,257,43,3.83739478621499e-41
349,360,258,43,-2.27510503083514e-31
349,360,259,43,2.99954973247667e-41
349,360,236,43,1.93293258976491e-49
349,360,237,43,8.25799548765197e-37
349,360,238,43,3.76020295330865e-21
349,360,239,43,7.55401864781896e-15
349,360,216,43,3.41678009565935e-56
349,360,217,43,5.57924243886846e-30
349,360,218,43,8.27267544228123e-17
349,360,219,43,0.420690104341999
349,360,196,43,1.00510528726151e-41
349,360,197,43,7.33548450004444e-37
349,360,198,43,1.26678718973273e-10
349,360,199,43,0.579309895531313
349,360,176,43,-3.13421710087718e-44
349,360,177,43,3.08316721739558e-30
349,360,178,43,5.08423295707052e-21
349,360,179,43,1.6642745646946e-17
349,360,157,43,3.66827202459581e-41
349,360,158,43,1.00741185004803e-37
349,360,159,43,3.12509916709798e-33
349,360,139,43,1.46044684302847e-51
349,370,279,43,5.91849524073001e-39
349,370,257,43,2.34579169991657e-40
349,370,258,43,-7.42232139979982e-30
349,370,259,43,1.52227507470528e-40
349,370,236,43,4.99371210990912e-48
349,370,237,43,3.48931172137924e-36
349,370,238,43,3.75864990043916e-21
349,370,239,43,3.79868894482473e-14
349,370,216,43,1.52582646395571e-54
349,370,217,43,9.62809932715382e-28
349,370,218,43,2.88214393911957e-16
349,370,219,43,0.420690107711659
349,370,196,43,9.39486122233422e-40
349,370,197,43,1.39095045583409e-36
349,370,198,43,2.40217242821447e-10
349,370,199,43,0.579309892048084
349,370,176,43,-4.08960222451435e-42
349,370,177,43,-5.20363814736118e-29
349,370,178,43,3.66173801128339e-21
349,370,179,43,1.66429086023282e-17
349,370,157,43,5.09938997445334e-40
349,370,158,43,-1.08764308762825e-34
349,370,159,43,1.79183813795977e-31
349,370,139,43,1.08464041683055e-49
349,380,279,43,3.54193845514495e-37
349,380,257,43,2.3417761199553e-38
349,380,258,43,-2.41665058644721e-28
349,380,259,43,7.76362959459982e-40
349,380,236,43,-6.9610159951615e-46
349,380,237,43,-2.86647253540507e-35
349,380,238,43,3.73859830455764e-21
349,380,239,43,1.93379389493892e-13
349,380,216,43,3.90277402775358e-53
349,380,217,43,2.54949905925606e-26
349,380,218,43,2.23682037715498e-15
349,380,219,43,0.42069011132426
349,380,196,43,8.87371066574603e-38
349,380,197,43,2.63780154206988e-36
349,380,198,43,4.55549998715936e-10
349,380,199,43,0.579309888219993
349,380,176,43,-5.32059146480085e-40
349,380,177,43,-1.75195921456117e-27
349,380,178,43,8.68232191903822e-22
349,380,179,43,1.6740328912474e-17
349,380,157,43,2.45817437289967e-38
349,380,158,43,-1.4258199963279e-32
349,380,159,43,1.34013125213789e-29
349,380,139,43,8.14388815315038e-48
349,390,279,43,2.11968199085251e-35
349,390,257,43,8.52480837869242e-36
349,390,258,43,-7.86600186917535e-27
349,390,259,43,3.96356875893548e-39
349,390,236,43,-5.17468555587185e-43
349,390,237,43,-1.57115494314746e-32
349,390,238,43,2.63244015176085e-21
349,390,239,43,9.86825043611135e-13
349,390,216,43,9.68628577659092e-52
349,390,217,43,6.36985346291071e-25
349,390,218,43,2.07364923491637e-14
349,390,219,43,0.420690115181235
349,390,196,43,8.38373139985761e-36
349,390,197,43,5.0026117223369e-36
349,390,198,43,8.63941305142743e-10
349,390,199,43,0.579309883953815
349,390,176,43,-6.92922060264343e-38
349,390,177,43,-5.05469958050746e-26
349,390,178,43,-1.06888721594239e-20
349,390,179,43,2.08930205447887e-17
349,390,157,43,5.94639471353005e-36
349,390,158,43,-1.85518068144893e-30
349,390,159,43,1.00639202368395e-27
349,390,139,43,6.24477855079542e-46
349,400,279,43,1.26852900921147e-33
349,400,257,43,3.85819413736195e-33
349,400,258,43,-2.56019631354043e-25
349,400,259,43,2.02486529648212e-38
349,400,236,43,-3.16762231655872e-40
349,400,237,43,-4.43195034015172e-30
349,400,238,43,-8.66389906564367e-20
349,400,239,43,5.03821752438898e-12
349,400,216,43,2.40468216576763e-50
349,400,217,43,1.58474492130587e-23
349,400,218,43,1.96408785967347e-13
349,400,219,43,0.420690119283357
349,400,196,43,7.92110908220257e-34
349,400,197,43,9.48796153197418e-36
349,400,198,43,1.63847874722773e-09
349,400,199,43,0.579309879072929
349,400,176,43,-9.02664538184451e-36
349,400,177,43,-1.44482331332857e-24
349,400,178,43,-4.40580806075965e-19
349,400,179,43,1.90897947521393e-16
349,400,157,43,2.90652799963165e-33
349,400,158,43,-2.41372208291043e-28
349,400,159,43,7.55806997181689e-26
349,400,139,43,1.13602977417989e-43
349,410,279,43,7.59154364476149e-32
349,410,257,43,1.77706618836481e-30
349,410,258,43,-8.3327663346804e-24
349,410,259,43,1.03784679812958e-37
349,410,236,43,-1.92516940404172e-37
349,410,237,43,-1.23443013202276e-27
349,410,238,43,-7.51384308260269e-18
349,410,239,43,2.57249286482467e-11
349,410,216,43,6.02801914946197e-49
349,410,217,43,3.94135410684592e-22
349,410,218,43,1.86466043418282e-12
349,410,219,43,0.42069012362236
349,410,196,43,7.4841491610002e-32
349,410,197,43,1.80042151844248e-35
349,410,198,43,3.10743170288762e-09
349,410,199,43,0.579309873242611
349,410,176,43,-1.17597772762202e-33
349,410,177,43,-4.12735235330981e-23
349,410,178,43,-2.78451967479845e-17
349,410,179,43,7.13790113284441e-15
349,410,157,43,1.51140425497829e-30
349,410,158,43,-3.1404215265245e-26
349,410,159,43,5.67616592985345e-24
349,410,139,43,3.43749886190696e-40
349,420,279,43,4.54317829977269e-30
349,420,257,43,8.1953307699882e-28
349,420,258,43,-2.71209328475573e-22
349,420,259,43,5.44344258997377e-37
349,420,236,43,-1.1696913620297e-34
349,420,237,43,-3.43779070565869e-25
349,420,238,43,-6.26662636801762e-16
349,420,239,43,1.31352813213362e-10
349,420,216,43,1.56828134315839e-47
349,420,217,43,9.80202307469843e-21
349,420,218,43,1.77071328113559e-11
349,420,219,43,0.420690128128855
349,420,196,43,7.07135711807351e-30
349,420,197,43,3.44528798604935e-35
349,420,198,43,5.89337904387921e-09
349,420,199,43,0.579309865828417
349,420,176,43,-1.53207812192257e-31
349,420,177,43,-1.17899873802648e-21
349,420,178,43,-1.81274970412574e-15
349,420,179,43,2.90992928434291e-13
349,420,157,43,7.88705710033889e-28
349,420,158,43,-4.08590860605862e-24
349,420,159,43,4.26284297406164e-22
349,420,139,43,1.70910246616093e-36
349,430,279,43,2.71887642173206e-28
349,430,257,43,3.77979054926544e-25
349,430,258,43,-8.82713891063362e-21
349,430,259,43,3.34277753187334e-36
349,430,236,43,-7.10660352996883e-32
349,430,237,43,-9.57417843190227e-23
349,430,238,43,-5.22470189344394e-14
349,430,239,43,6.70696642910735e-10
349,430,216,43,4.71906542246726e-46
349,430,217,43,2.43769743470558e-19
349,430,218,43,1.68154395256196e-10
349,430,219,43,0.420690132351851
349,430,196,43,6.68136051924367e-28
349,430,197,43,7.48352821896897e-35
349,430,198,43,1.11770707245169e-08
349,430,199,43,0.579309855620507
349,430,176,43,-1.99602416713643e-29
349,430,177,43,-3.36786940801305e-20
349,430,178,43,-1.18139859304961e-13
349,430,179,43,1.18892830025309e-11
349,430,157,43,4.11655170606143e-25
349,430,158,43,-5.31605424449701e-22
349,430,159,43,3.20142717387695e-20
349,430,139,43,8.58074653403547e-33
349,440,279,43,1.62711839632321e-26
349,440,257,43,1.74329826873443e-22
349,440,258,43,-2.87299772346063e-19
349,440,259,43,4.11506134704475e-28
349,440,236,43,-4.31764005124718e-29
349,440,237,43,-2.66639538072281e-20
349,440,238,43,-4.35603501951658e-12
349,440,239,43,3.42462632111384e-09
349,440,216,43,2.67478520254064e-37
349,440,217,43,6.06231375594872e-18
349,440,218,43,1.59686713958813e-09
349,440,219,43,0.420690133371755
349,440,196,43,6.31288275871946e-26
349,440,197,43,3.6728537050756e-27
349,440,198,43,2.11978519019844e-08
349,440,199,43,0.579309839935161
349,440,176,43,-2.60046941678953e-27
349,440,177,43,-9.62049826077932e-19
349,440,178,43,-7.69963622997827e-12
349,440,179,43,4.85794244701864e-10
349,440,157,43,2.14860655720228e-22
349,440,158,43,-6.91656074408068e-20
349,440,159,43,2.4042960173901e-18
349,440,139,43,4.3086917878824e-29
