76,0,10,380,380,01_0,01_0,0.503487753430362
76,0,10,381,380,01_0,01_0,8.1943264324197e-09
76,0,10,360,380,01_0,01_0,1.47239048419462e-11
76,0,10,361,380,01_0,01_0,2.07984392922561e-13
76,0,10,380,381,01_0,01_0,8.08079904903213e-09
76,0,10,381,381,01_0,01_0,0.496512230202418
76,0,10,382,381,01_0,01_0,1.46881246404937e-11
76,0,10,360,381,01_0,01_0,2.0510289630308e-13
76,0,10,361,381,01_0,01_0,1.4519914141339e-11
76,0,10,381,382,01_0,01_0,1.41726077930421e-16
76,0,10,382,382,01_0,01_0,1.58284159573143e-11
76,0,10,361,382,01_0,01_0,3.59722211737054e-21
76,0,10,382,383,01_0,01_0,3.0204011172057e-28
76,0,10,380,360,01_0,01_0,1.45609497324182e-16
76,0,10,381,360,01_0,01_0,2.05682549770719e-18
76,0,10,360,360,01_0,01_0,1.60758922832024e-11
76,0,10,361,360,01_0,01_0,2.61637170591921e-19
76,0,10,380,361,01_0,01_0,2.02732044777457e-18
76,0,10,381,361,01_0,01_0,1.43520737002024e-16
76,0,10,382,361,01_0,01_0,3.68497412724314e-21
76,0,10,360,361,01_0,01_0,2.57883999605297e-19
76,0,10,361,361,01_0,01_0,1.58452842172952e-11
76,0,10,381,362,01_0,01_0,2.62418363792534e-20
76,0,10,382,362,01_0,01_0,3.37674698405144e-21
76,0,10,361,362,01_0,01_0,3.3380759957797e-21
76,0,10,382,363,01_0,01_0,6.02670747245423e-32
76,0,10,360,340,01_0,01_0,3.0796738659111e-28
76,0,10,361,340,01_0,01_0,4.35023253869611e-30
76,0,10,360,341,01_0,01_0,4.24141908199252e-30
76,0,10,361,341,01_0,01_0,3.00264121170499e-28
76,0,10,361,342,01_0,01_0,5.90564726567029e-32
76,10,20,380,380,01_0,01_0,0.503487753684717
76,10,20,381,380,01_0,01_0,8.19172863394072e-09
76,10,20,360,380,01_0,01_0,5.44651419438974e-13
76,10,20,361,380,01_0,01_0,7.59916039107416e-15
76,10,20,380,381,01_0,01_0,8.0833616704005e-09
76,10,20,381,381,01_0,01_0,0.496512230036787
76,10,20,382,381,01_0,01_0,5.48851349250531e-13
76,10,20,360,381,01_0,01_0,7.58935965827191e-15
76,10,20,361,381,01_0,01_0,5.30684760020712e-13
76,10,20,381,382,01_0,01_0,1.41726077883969e-16
76,10,20,382,382,01_0,01_0,5.91460630090976e-13
76,10,20,361,382,01_0,01_0,1.31473983766482e-22
76,10,20,382,383,01_0,01_0,1.12863368813487e-29
76,10,20,380,360,01_0,01_0,1.45610131807089e-16
76,10,20,381,360,01_0,01_0,2.05618239316527e-18
76,10,20,360,360,01_0,01_0,5.94665327774358e-13
76,10,20,361,360,01_0,01_0,9.55952251123269e-21
76,10,20,380,361,01_0,01_0,2.02795428240113e-18
76,10,20,381,361,01_0,01_0,1.43520094435221e-16
76,10,20,382,361,01_0,01_0,1.37695860892873e-22
76,10,20,360,361,01_0,01_0,9.54235993954732e-21
76,10,20,361,361,01_0,01_0,5.79122791320194e-13
76,10,20,381,362,01_0,01_0,2.62418363706264e-20
76,10,20,382,362,01_0,01_0,1.26178949569492e-22
76,10,20,361,362,01_0,01_0,1.22002516097279e-22
76,10,20,382,363,01_0,01_0,2.25200058469015e-33
76,10,20,360,340,01_0,01_0,1.13921075336303e-29
76,10,20,361,340,01_0,01_0,1.58946528459605e-31
76,10,20,360,341,01_0,01_0,1.56942537684293e-31
76,10,20,361,341,01_0,01_0,1.09741818411851e-29
76,10,20,361,342,01_0,01_0,2.15843079037264e-33
76,20,30,380,380,01_0,01_0,0.503487753899992
76,20,30,381,380,01_0,01_0,8.1891316580931e-09
76,20,30,360,380,01_0,01_0,2.01568160294029e-14
76,20,30,361,380,01_0,01_0,2.77786246918233e-16
76,20,30,380,381,01_0,01_0,8.08592510397882e-09
76,20,30,381,381,01_0,01_0,0.496512229824825
76,20,30,382,381,01_0,01_0,2.05183969667963e-14
76,20,30,360,381,01_0,01_0,2.80961058345254e-16
76,20,30,361,381,01_0,01_0,1.94052592232165e-14
76,20,30,381,382,01_0,01_0,1.41726077824291e-16
76,20,30,382,382,01_0,01_0,2.21113130451088e-14
76,20,30,361,382,01_0,01_0,4.80753722042596e-24
76,20,30,382,383,01_0,01_0,4.21931258348647e-31
76,20,30,380,360,01_0,01_0,1.45610766479922e-16
76,20,30,381,360,01_0,01_0,2.05553949226929e-18
76,20,30,360,360,01_0,01_0,2.20078593831853e-14
76,20,30,361,360,01_0,01_0,3.4944853345769e-22
76,20,30,380,361,01_0,01_0,2.02858831791615e-18
76,20,30,381,361,01_0,01_0,1.43519452058677e-16
76,20,30,382,361,01_0,01_0,5.14763367876457e-24
76,20,30,360,361,01_0,01_0,3.53260310441889e-22
76,20,30,361,361,01_0,01_0,2.11763714339681e-14
76,20,30,381,362,01_0,01_0,2.62418363595505e-20
76,20,30,382,362,01_0,01_0,4.71710560549417e-24
76,20,30,361,362,01_0,01_0,4.4611992450497e-24
76,20,30,382,363,01_0,01_0,8.41893566078505e-35
76,20,30,360,340,01_0,01_0,4.21610171133687e-31
76,20,30,361,340,01_0,01_0,5.81031780668835e-33
76,20,30,360,341,01_0,01_0,5.8100224569913e-33
76,20,30,361,341,01_0,01_0,4.01283339885774e-31
76,20,30,361,342,01_0,01_0,7.8925804472589e-35
76,30,40,380,380,01_0,01_0,0.503487754103881
76,30,40,381,380,01_0,01_0,8.18653550551619e-09
76,30,40,360,380,01_0,01_0,7.55611939246241e-16
76,30,40,361,380,01_0,01_0,1.02888513968835e-17
76,30,40,380,381,01_0,01_0,8.08848935046929e-09
76,30,40,381,381,01_0,01_0,0.496512229621088
76,30,40,382,381,01_0,01_0,7.7652602906441e-16
76,30,40,360,381,01_0,01_0,1.05356349207908e-17
76,30,40,361,381,01_0,01_0,7.18974200585638e-16
76,30,40,381,382,01_0,01_0,1.41726077766961e-16
76,30,40,382,382,01_0,01_0,8.36810504456248e-16
76,30,40,361,382,01_0,01_0,1.78121569524113e-25
76,30,40,382,383,01_0,01_0,1.59681385011821e-32
76,30,40,380,360,01_0,01_0,1.45611401350754e-16
76,30,40,381,360,01_0,01_0,2.05489679518063e-18
76,30,40,360,360,01_0,01_0,8.25004989939204e-16
76,30,40,361,360,01_0,01_0,1.29431883193663e-23
76,30,40,380,361,01_0,01_0,2.02922255449491e-18
76,30,40,381,361,01_0,01_0,1.435188098881e-16
76,30,40,382,361,01_0,01_0,1.94813155343827e-25
76,30,40,360,361,01_0,01_0,1.32466934498468e-23
76,30,40,361,361,01_0,01_0,7.84591250726075e-16
76,30,40,381,362,01_0,01_0,2.62418363489094e-20
76,30,40,382,362,01_0,01_0,1.78520538931823e-25
76,30,40,361,362,01_0,01_0,1.65289580725668e-25
76,30,40,382,363,01_0,01_0,3.1861761366083e-36
76,30,40,360,340,01_0,01_0,1.58048970598934e-32
76,30,40,361,340,01_0,01_0,2.1520866564721e-34
76,30,40,360,341,01_0,01_0,2.17865538455592e-34
76,30,40,361,341,01_0,01_0,1.48676090737692e-32
76,30,40,361,342,01_0,01_0,2.92422599039957e-36
76,40,50,380,380,01_0,01_0,0.50348775429741
76,40,50,381,380,01_0,01_0,8.18394017598224e-09
76,40,50,360,380,01_0,01_0,3.79558568979307e-17
76,40,50,361,380,01_0,01_0,5.15390449467254e-19
76,40,50,380,381,01_0,01_0,8.09105441014616e-09
76,40,50,381,381,01_0,01_0,0.496512229427595
76,40,50,382,381,01_0,01_0,3.88444848040046e-17
76,40,50,360,381,01_0,01_0,5.29393257495456e-19
76,40,50,361,381,01_0,01_0,3.60263680833671e-17
76,40,50,381,382,01_0,01_0,1.41726077712554e-16
76,40,50,382,382,01_0,01_0,4.18601202119847e-17
76,40,50,361,382,01_0,01_0,8.92531779592799e-27
76,40,50,382,383,01_0,01_0,7.98780839469214e-34
76,40,50,380,360,01_0,01_0,1.45612036419946e-16
76,40,50,381,360,01_0,01_0,2.05425430184302e-18
76,40,50,360,360,01_0,01_0,4.14417854874209e-17
76,40,50,361,360,01_0,01_0,6.4835465880137e-25
76,40,50,380,361,01_0,01_0,2.02985699220527e-18
76,40,50,381,361,01_0,01_0,1.43518167924006e-16
76,40,50,382,361,01_0,01_0,9.74517597967751e-27
76,40,50,360,361,01_0,01_0,6.6561520818094e-25
76,40,50,361,361,01_0,01_0,3.93141321998238e-17
76,40,50,381,362,01_0,01_0,2.62418363388095e-20
76,40,50,382,362,01_0,01_0,8.93020723352752e-27
76,40,50,361,362,01_0,01_0,8.28233234342298e-27
76,40,50,382,363,01_0,01_0,1.59383415224533e-37
76,40,50,360,340,01_0,01_0,7.93917498875979e-34
76,40,50,361,340,01_0,01_0,1.07803519674434e-35
76,40,50,360,341,01_0,01_0,1.09471830345087e-35
76,40,50,361,341,01_0,01_0,7.4497972895053e-34
76,40,50,361,342,01_0,01_0,1.46526496717836e-37
76,50,60,380,380,01_0,01_0,0.503487754480616
76,50,60,381,380,01_0,01_0,8.18134566923157e-09
76,50,60,360,380,01_0,01_0,1.14095108791423e-17
76,50,60,361,380,01_0,01_0,1.58258839855486e-19
76,50,60,380,381,01_0,01_0,8.09362028326792e-09
76,50,60,381,381,01_0,01_0,0.496512229244418
76,50,60,382,381,01_0,01_0,1.12800223207153e-17
76,50,60,360,381,01_0,01_0,1.59185804061237e-19
76,50,60,361,381,01_0,01_0,1.10659778514238e-17
76,50,60,381,382,01_0,01_0,1.41726077661092e-16
76,50,60,382,382,01_0,01_0,1.21557305425527e-17
76,50,60,361,382,01_0,01_0,2.74153000432014e-27
76,50,60,382,383,01_0,01_0,2.31957399979853e-34
76,50,60,380,360,01_0,01_0,1.45612671687573e-16
76,50,60,381,360,01_0,01_0,2.05361201219218e-18
76,50,60,360,360,01_0,01_0,1.24574335472489e-17
76,50,60,361,360,01_0,01_0,1.99088484928368e-25
76,50,60,380,361,01_0,01_0,2.03049163111119e-18
76,50,60,381,361,01_0,01_0,1.43517526166354e-16
76,50,60,382,361,01_0,01_0,2.82988206999404e-27
76,50,60,360,361,01_0,01_0,2.0014614249839e-25
76,50,60,361,361,01_0,01_0,1.20758043095811e-17
76,50,60,381,362,01_0,01_0,2.62418363292549e-20
76,50,60,382,362,01_0,01_0,2.59323652846866e-27
76,50,60,361,362,01_0,01_0,2.54402847544342e-27
76,50,60,382,363,01_0,01_0,4.62832366133848e-38
76,50,60,360,340,01_0,01_0,2.38653229419951e-34
76,50,60,361,340,01_0,01_0,3.31030695494685e-36
76,50,60,360,341,01_0,01_0,3.29173190897656e-36
76,50,60,361,341,01_0,01_0,2.2882839718262e-34
76,50,60,361,342,01_0,01_0,4.50073600489026e-38
76,60,70,380,380,01_0,01_0,0.503487754653499
76,60,70,381,380,01_0,01_0,8.17875198500337e-09
76,60,70,360,380,01_0,01_0,1.04275098930461e-17
76,60,70,361,380,01_0,01_0,1.45166916792173e-19
76,60,70,380,381,01_0,01_0,8.09618697009256e-09
76,60,70,381,381,01_0,01_0,0.496512229071561
76,60,70,382,381,01_0,01_0,1.02500391248761e-17
76,60,70,360,381,01_0,01_0,1.4553103657417e-19
76,60,70,361,381,01_0,01_0,1.01537665788724e-17
76,60,70,381,382,01_0,01_0,1.41726077612576e-16
76,60,70,382,382,01_0,01_0,1.10457860907353e-17
76,60,70,361,382,01_0,01_0,2.51553510288494e-27
76,60,70,382,383,01_0,01_0,2.10777280179996e-34
76,60,70,380,360,01_0,01_0,1.45613307153698e-16
76,60,70,381,360,01_0,01_0,2.05296992616355e-18
76,60,70,360,360,01_0,01_0,1.1385288973562e-17
76,60,70,361,360,01_0,01_0,1.82619736559691e-25
76,60,70,380,361,01_0,01_0,2.03112647127647e-18
76,60,70,381,361,01_0,01_0,1.43516884615078e-16
76,60,70,382,361,01_0,01_0,2.57147295079295e-27
76,60,70,360,361,01_0,01_0,1.82977028388553e-25
76,60,70,361,361,01_0,01_0,1.10802996163669e-17
76,60,70,381,362,01_0,01_0,2.62418363202457e-20
76,60,70,382,362,01_0,01_0,2.35644709923802e-27
76,60,70,361,362,01_0,01_0,2.33431438745003e-27
76,60,70,382,363,01_0,01_0,4.20570963984929e-38
76,60,70,360,340,01_0,01_0,2.18114538890945e-34
76,60,70,361,340,01_0,01_0,3.03648861934528e-36
76,60,70,360,341,01_0,01_0,3.00934440906623e-36
76,60,70,361,341,01_0,01_0,2.09963327441293e-34
76,60,70,361,342,01_0,01_0,4.12970450806782e-38
76,70,80,380,380,01_0,01_0,0.503487754816061
76,70,80,381,380,01_0,01_0,8.17615912303689e-09
76,70,80,360,380,01_0,01_0,1.03911412884859e-17
76,70,80,361,380,01_0,01_0,1.44645011947262e-19
76,70,80,380,381,01_0,01_0,8.09875447087812e-09
76,70,80,381,381,01_0,01_0,0.496512228909024
76,70,80,382,381,01_0,01_0,1.02115524149888e-17
76,70,80,360,381,01_0,01_0,1.45069450379779e-19
76,70,80,361,381,01_0,01_0,1.01204701353299e-17
76,70,80,381,382,01_0,01_0,1.41726077567005e-16
76,70,80,382,382,01_0,01_0,1.10043115208419e-17
76,70,80,361,382,01_0,01_0,2.50728610762453e-27
76,70,80,382,383,01_0,01_0,2.09985856468797e-34
76,70,80,380,360,01_0,01_0,1.45613942818386e-16
76,70,80,381,360,01_0,01_0,2.05232804369257e-18
76,70,80,360,360,01_0,01_0,1.13456293944552e-17
76,70,80,361,360,01_0,01_0,1.81963975433537e-25
76,70,80,380,361,01_0,01_0,2.03176151276494e-18
76,70,80,381,361,01_0,01_0,1.43516243270116e-16
76,70,80,382,361,01_0,01_0,2.56180617117865e-27
76,70,80,360,361,01_0,01_0,1.82395858320646e-25
76,70,80,361,361,01_0,01_0,1.10439155169251e-17
76,70,80,381,362,01_0,01_0,2.62418363117819e-20
76,70,80,382,362,01_0,01_0,2.34759914318128e-27
76,70,80,361,362,01_0,01_0,2.32665965494319e-27
76,70,80,382,363,01_0,01_0,4.18991809757039e-38
76,70,80,360,340,01_0,01_0,2.17355669099659e-34
76,70,80,361,340,01_0,01_0,3.02559771644739e-36
76,70,80,360,341,01_0,01_0,2.9997729707593e-36
76,70,80,361,341,01_0,01_0,2.09272956393382e-34
76,70,80,361,342,01_0,01_0,4.11614390745178e-38
76,80,90,380,380,01_0,01_0,0.503487754968302
76,80,90,381,380,01_0,01_0,8.17356708307146e-09
76,80,90,360,380,01_0,01_0,1.03897519074819e-17
76,80,90,361,380,01_0,01_0,1.44582385327785e-19
76,80,90,380,381,01_0,01_0,8.10132278588272e-09
76,80,90,381,381,01_0,01_0,0.496512228756807
76,80,90,382,381,01_0,01_0,1.02101143042553e-17
76,80,90,360,381,01_0,01_0,1.45096052311224e-19
76,80,90,361,381,01_0,01_0,1.01192963568694e-17
76,80,90,381,382,01_0,01_0,1.4172607752438e-16
76,80,90,382,382,01_0,01_0,1.10027617645251e-17
76,80,90,361,382,01_0,01_0,2.50699531102708e-27
76,80,90,382,383,01_0,01_0,2.09956283797282e-34
76,80,90,380,360,01_0,01_0,1.45614578681701e-16
76,80,90,381,360,01_0,01_0,2.05168636471471e-18
76,80,90,360,360,01_0,01_0,1.1344161924301e-17
76,80,90,361,360,01_0,01_0,1.81885985104623e-25
76,80,90,380,361,01_0,01_0,2.03239675564045e-18
76,80,90,381,361,01_0,01_0,1.43515602131402e-16
76,80,90,382,361,01_0,01_0,2.56143394543507e-27
76,80,90,360,361,01_0,01_0,1.82428490014648e-25
76,80,90,361,361,01_0,01_0,1.10425853086531e-17
76,80,90,381,362,01_0,01_0,2.62418363038635e-20
76,80,90,382,362,01_0,01_0,2.34726852671152e-27
76,80,90,361,362,01_0,01_0,2.32638980751142e-27
76,80,90,382,363,01_0,01_0,4.1893280241547e-38
76,80,90,360,340,01_0,01_0,2.17328467583897e-34
76,80,90,361,340,01_0,01_0,3.0243136239167e-36
76,80,90,360,341,01_0,01_0,3.00029646511559e-36
76,80,90,361,341,01_0,01_0,2.09246830670828e-34
76,80,90,361,342,01_0,01_0,4.11564813516782e-38
76,90,100,380,380,01_0,01_0,0.503487755110221
76,90,100,381,380,01_0,01_0,8.17097586484647e-09
76,90,100,360,380,01_0,01_0,1.03896564316477e-17
76,90,100,361,380,01_0,01_0,1.44536552933994e-19
76,90,100,380,381,01_0,01_0,8.1038919153646e-09
76,90,100,381,381,01_0,01_0,0.49651222861491
76,90,100,382,381,01_0,01_0,1.02100605644335e-17
76,90,100,360,381,01_0,01_0,1.45140732039043e-19
76,90,100,361,381,01_0,01_0,1.01192966140879e-17
76,90,100,381,382,01_0,01_0,1.417260774847e-16
76,90,100,382,382,01_0,01_0,1.10027038527539e-17
76,90,100,361,382,01_0,01_0,2.50699537476599e-27
76,90,100,382,383,01_0,01_0,2.09955178718131e-34
76,90,100,380,360,01_0,01_0,1.45615214743706e-16
76,90,100,381,360,01_0,01_0,2.05104488916547e-18
76,90,100,360,360,01_0,01_0,1.13441072270002e-17
76,90,100,361,360,01_0,01_0,1.81829121723838e-25
76,90,100,380,361,01_0,01_0,2.03303219996685e-18
76,90,100,381,361,01_0,01_0,1.43514961198872e-16
76,90,100,382,361,01_0,01_0,2.56140902518086e-27
76,90,100,360,361,01_0,01_0,1.82483850683304e-25
76,90,100,361,361,01_0,01_0,1.10425362769359e-17
76,90,100,381,362,01_0,01_0,2.62418362964905e-20
76,90,100,382,362,01_0,01_0,2.34725617213126e-27
76,90,100,361,362,01_0,01_0,2.32638986665624e-27
76,90,100,382,363,01_0,01_0,4.18930597414042e-38
76,90,100,360,340,01_0,01_0,2.17328331757416e-34
76,90,100,361,340,01_0,01_0,3.02338081473314e-36
76,90,100,360,341,01_0,01_0,3.00119376755051e-36
76,90,100,361,341,01_0,01_0,2.09244982463131e-34
76,90,100,361,342,01_0,01_0,4.11562986626955e-38
76,100,110,380,380,01_0,01_0,0.503487755241819
76,100,110,381,380,01_0,01_0,8.16838546810141e-09
76,100,110,360,380,01_0,01_0,1.0389608831506e-17
76,100,110,361,380,01_0,01_0,1.44491347946907e-19
76,100,110,380,381,01_0,01_0,8.10646185958201e-09
76,100,110,381,381,01_0,01_0,0.496512228483333
76,100,110,382,381,01_0,01_0,1.0210058553696e-17
76,100,110,360,381,01_0,01_0,1.45186094538685e-19
76,100,110,361,381,01_0,01_0,1.01193397939453e-17
76,100,110,381,382,01_0,01_0,1.41726077447965e-16
76,100,110,382,382,01_0,01_0,1.10027016859795e-17
76,100,110,361,382,01_0,01_0,2.50700607233267e-27
76,100,110,382,383,01_0,01_0,2.09955137373034e-34
76,100,110,380,360,01_0,01_0,1.45615851004465e-16
76,100,110,381,360,01_0,01_0,2.05040361698033e-18
76,100,110,360,360,01_0,01_0,1.13441048185497e-17
76,100,110,361,360,01_0,01_0,1.81773047381571e-25
76,100,110,380,361,01_0,01_0,2.03366784580803e-18
76,100,110,381,361,01_0,01_0,1.43514320472461e-16
76,100,110,382,361,01_0,01_0,2.56139708594636e-27
76,100,110,360,361,01_0,01_0,1.82540069546306e-25
76,100,110,361,361,01_0,01_0,1.10425340993469e-17
76,100,110,381,362,01_0,01_0,2.62418362896628e-20
76,100,110,382,362,01_0,01_0,2.34725570988124e-27
76,100,110,361,362,01_0,01_0,2.32639979356125e-27
76,100,110,382,363,01_0,01_0,4.18930514916786e-38
76,100,110,360,340,01_0,01_0,2.17329197947896e-34
76,100,110,361,340,01_0,01_0,3.02246112139331e-36
76,100,110,360,341,01_0,01_0,3.00210518015373e-36
76,100,110,361,341,01_0,01_0,2.09244022381526e-34
76,100,110,361,342,01_0,01_0,4.11562906022815e-38
76,110,120,380,380,01_0,01_0,0.503487755363095
76,110,120,381,380,01_0,01_0,8.16579589257587e-09
76,110,120,360,380,01_0,01_0,1.03895630160692e-17
76,110,120,361,380,01_0,01_0,1.4444617968324e-19
76,110,120,380,381,01_0,01_0,8.10903261879336e-09
76,110,120,381,381,01_0,01_0,0.496512228362075
76,110,120,382,381,01_0,01_0,1.02100584760894e-17
76,110,120,360,381,01_0,01_0,1.45231496163605e-19
76,110,120,361,381,01_0,01_0,1.01193845564339e-17
76,110,120,381,382,01_0,01_0,1.41726077414176e-16
76,110,120,382,382,01_0,01_0,1.1002701602412e-17
76,110,120,361,382,01_0,01_0,2.50701716198678e-27
76,110,120,382,383,01_0,01_0,2.09955135779989e-34
76,110,120,380,360,01_0,01_0,1.45616487464043e-16
76,110,120,381,360,01_0,01_0,2.04976254809485e-18
76,110,120,360,360,01_0,01_0,1.13441043740408e-17
76,110,120,361,360,01_0,01_0,1.81717018993205e-25
76,110,120,380,361,01_0,01_0,2.0343036932279e-18
76,110,120,381,361,01_0,01_0,1.43513679952106e-16
76,110,120,382,361,01_0,01_0,2.56138563530309e-27
76,110,120,360,361,01_0,01_0,1.82596337349799e-25
76,110,120,361,361,01_0,01_0,1.10425336639704e-17
76,110,120,381,362,01_0,01_0,2.62418362833806e-20
76,110,120,382,362,01_0,01_0,2.34725569205109e-27
76,110,120,361,362,01_0,01_0,2.32641008430748e-27
76,110,120,382,363,01_0,01_0,4.1893051173813e-38
76,110,120,360,340,01_0,01_0,2.17330102044545e-34
76,110,120,361,340,01_0,01_0,3.02154218824695e-36
76,110,120,360,341,01_0,01_0,3.0030173935844e-36
76,110,120,361,341,01_0,01_0,2.092430955962e-34
76,110,120,361,342,01_0,01_0,4.1156289035197e-38
76,120,130,380,380,01_0,01_0,0.50348775547405
76,120,130,381,380,01_0,01_0,8.16320713800948e-09
76,120,130,360,380,01_0,01_0,1.0389517280414e-17
76,120,130,361,380,01_0,01_0,1.44401026557121e-19
76,120,130,380,381,01_0,01_0,8.11160419325708e-09
76,120,130,381,381,01_0,01_0,0.496512228251138
76,120,130,382,381,01_0,01_0,1.02100584709212e-17
76,120,130,360,381,01_0,01_0,1.45276913101981e-19
76,120,130,361,381,01_0,01_0,1.01194293906601e-17
76,120,130,381,382,01_0,01_0,1.41726077383333e-16
76,120,130,382,382,01_0,01_0,1.10027015969064e-17
76,120,130,361,382,01_0,01_0,2.50702826941343e-27
76,120,130,382,383,01_0,01_0,2.09955135676532e-34
76,120,130,380,360,01_0,01_0,1.45617124122503e-16
76,120,130,381,360,01_0,01_0,2.04912168244456e-18
76,120,130,360,360,01_0,01_0,1.13441040319328e-17
76,120,130,361,360,01_0,01_0,1.81661009403489e-25
76,120,130,380,361,01_0,01_0,2.03493974229038e-18
76,120,130,381,361,01_0,01_0,1.43513039637741e-16
76,120,130,382,361,01_0,01_0,2.56137420645563e-27
76,120,130,360,361,01_0,01_0,1.82652624155342e-25
76,120,130,361,361,01_0,01_0,1.10425333220597e-17
76,120,130,381,362,01_0,01_0,2.62418362776437e-20
76,120,130,382,362,01_0,01_0,2.34725569087424e-27
76,120,130,361,362,01_0,01_0,2.3264203915459e-27
76,120,130,382,363,01_0,01_0,4.189305115317e-38
76,120,130,360,340,01_0,01_0,2.17331008384416e-34
76,120,130,361,340,01_0,01_0,3.02062356376903e-36
76,120,130,360,341,01_0,01_0,3.00392991546278e-36
76,120,130,361,341,01_0,01_0,2.09242170864949e-34
76,120,130,361,342,01_0,01_0,4.11562878164489e-38
76,130,140,380,380,01_0,01_0,0.503487755574683
76,130,140,381,380,01_0,01_0,8.16061920414198e-09
76,130,140,360,380,01_0,01_0,1.03894715614704e-17
76,130,140,361,380,01_0,01_0,1.44355887775505e-19
76,130,140,380,381,01_0,01_0,8.11417658323172e-09
76,130,140,381,381,01_0,01_0,0.49651222815052
76,130,140,382,381,01_0,01_0,1.02100584686639e-17
76,130,140,360,381,01_0,01_0,1.45322344477125e-19
76,130,140,361,381,01_0,01_0,1.01194742414078e-17
76,130,140,381,382,01_0,01_0,1.41726077355435e-16
76,130,140,382,382,01_0,01_0,1.10027015945378e-17
76,130,140,361,382,01_0,01_0,2.50703938093321e-27
76,130,140,382,383,01_0,01_0,2.09955135632936e-34
76,130,140,380,360,01_0,01_0,1.4561776097991e-16
76,130,140,381,360,01_0,01_0,2.04848101996504e-18
76,130,140,360,360,01_0,01_0,1.13441037233664e-17
76,130,140,361,360,01_0,01_0,1.81605017614836e-25
76,130,140,380,361,01_0,01_0,2.03557599305943e-18
76,130,140,381,361,01_0,01_0,1.43512399529303e-16
76,130,140,382,361,01_0,01_0,2.56136278196053e-27
76,130,140,360,361,01_0,01_0,1.82708928860605e-25
76,130,140,361,361,01_0,01_0,1.10425330133566e-17
76,130,140,381,362,01_0,01_0,2.62418362724522e-20
76,130,140,382,362,01_0,01_0,2.34725569036662e-27
76,130,140,361,362,01_0,01_0,2.32643070258257e-27
76,130,140,382,363,01_0,01_0,4.18930511444709e-38
76,130,140,360,340,01_0,01_0,2.17331915648401e-34
76,130,140,361,340,01_0,01_0,3.01970523137329e-36
76,130,140,360,341,01_0,01_0,3.00484272765835e-36
76,130,140,361,341,01_0,01_0,2.09241247045851e-34
76,130,140,361,342,01_0,01_0,4.11562867214505e-38
76,140,150,380,380,01_0,01_0,0.503487755664995
76,140,150,381,380,01_0,01_0,8.1580320907132e-09
76,140,150,360,380,01_0,01_0,1.03894258569011e-17
76,140,150,361,380,01_0,01_0,1.44310763305045e-19
76,140,150,380,381,01_0,01_0,8.11674978897589e-09
76,140,150,381,381,01_0,01_0,0.496512228060222
76,140,150,382,381,01_0,01_0,1.02100584667197e-17
76,140,150,360,381,01_0,01_0,1.45367790260995e-19
76,140,150,361,381,01_0,01_0,1.01195191066635e-17
76,140,150,381,382,01_0,01_0,1.41726077330482e-16
76,140,150,382,382,01_0,01_0,1.10027015925065e-17
76,140,150,361,382,01_0,01_0,2.50705049604723e-27
76,140,150,382,383,01_0,01_0,2.09955135595775e-34
76,140,150,380,360,01_0,01_0,1.45618398036327e-16
76,140,150,381,360,01_0,01_0,2.04784056059187e-18
76,140,150,360,360,01_0,01_0,1.13441034457945e-17
76,140,150,361,360,01_0,01_0,1.81549043585372e-25
76,140,150,380,361,01_0,01_0,2.036212445599e-18
76,140,150,381,361,01_0,01_0,1.43511759626726e-16
76,140,150,382,361,01_0,01_0,2.56135136116487e-27
76,140,150,360,361,01_0,01_0,1.82765251430253e-25
76,140,150,361,361,01_0,01_0,1.10425327356586e-17
76,140,150,381,362,01_0,01_0,2.62418362678061e-20
76,140,150,382,362,01_0,01_0,2.34725568993095e-27
76,140,150,361,362,01_0,01_0,2.32644101695456e-27
76,140,150,382,363,01_0,01_0,4.18930511370562e-38
76,140,150,360,340,01_0,01_0,2.17332823787794e-34
76,140,150,361,340,01_0,01_0,3.01878719036477e-36
76,140,150,360,341,01_0,01_0,3.00575582958863e-36
76,140,150,361,341,01_0,01_0,2.09240324097083e-34
76,140,150,361,342,01_0,01_0,4.11562857419933e-38
76,150,160,380,380,01_0,01_0,0.503487755744985
76,150,160,381,380,01_0,01_0,8.15544579746303e-09
76,150,160,360,380,01_0,01_0,1.0389380166615e-17
76,150,160,361,380,01_0,01_0,1.44265653140151e-19
76,150,160,380,381,01_0,01_0,8.1193238107483e-09
76,150,160,381,381,01_0,01_0,0.496512227980244
76,150,160,382,381,01_0,01_0,1.02100584649915e-17
76,150,160,360,381,01_0,01_0,1.45413250456954e-19
76,150,160,361,381,01_0,01_0,1.01195639863579e-17
76,150,160,381,382,01_0,01_0,1.41726077308475e-16
76,150,160,382,382,01_0,01_0,1.10027015907079e-17
76,150,160,361,382,01_0,01_0,2.50706161473834e-27
76,150,160,382,383,01_0,01_0,2.09955135563054e-34
76,150,160,380,360,01_0,01_0,1.45619035291819e-16
76,150,160,381,360,01_0,01_0,2.04720030426067e-18
76,150,160,360,360,01_0,01_0,1.13441031991228e-17
76,150,160,361,360,01_0,01_0,1.81493087308147e-25
76,150,160,380,361,01_0,01_0,2.03684909997308e-18
76,150,160,381,361,01_0,01_0,1.43511119929947e-16
76,150,160,382,361,01_0,01_0,2.56133994404317e-27
76,150,160,360,361,01_0,01_0,1.82821591868432e-25
76,150,160,361,361,01_0,01_0,1.10425324888852e-17
76,150,160,381,362,01_0,01_0,2.62418362637054e-20
76,150,160,382,362,01_0,01_0,2.34725568954493e-27
76,150,160,361,362,01_0,01_0,2.32645133464594e-27
76,150,160,382,363,01_0,01_0,4.18930511305273e-38
76,150,160,360,340,01_0,01_0,2.17333732800882e-34
76,150,160,361,340,01_0,01_0,3.01786944062916e-36
76,150,160,360,341,01_0,01_0,3.00666922132045e-36
76,150,160,361,341,01_0,01_0,2.09239402017026e-34
76,150,160,361,342,01_0,01_0,4.11562848777773e-38
76,160,170,380,380,01_0,01_0,0.503487755814654
76,160,170,381,380,01_0,01_0,8.15286032413146e-09
76,160,170,360,380,01_0,01_0,1.03893344906046e-17
76,160,170,361,380,01_0,01_0,1.44220557276249e-19
76,160,170,380,381,01_0,01_0,8.12189864880773e-09
76,160,170,381,381,01_0,01_0,0.496512227910586
76,160,170,382,381,01_0,01_0,1.02100584634755e-17
76,160,170,360,381,01_0,01_0,1.45458725069528e-19
76,160,170,361,381,01_0,01_0,1.01196088804927e-17
76,160,170,381,382,01_0,01_0,1.41726077289414e-16
76,160,170,382,382,01_0,01_0,1.10027015891381e-17
76,160,170,361,382,01_0,01_0,2.50707273700698e-27
76,160,170,382,383,01_0,01_0,2.09955135534699e-34
76,160,170,380,360,01_0,01_0,1.45619672746449e-16
76,160,170,381,360,01_0,01_0,2.04656025090706e-18
76,160,170,360,360,01_0,01_0,1.13441029833479e-17
76,160,170,361,360,01_0,01_0,1.81437148777487e-25
76,160,170,380,361,01_0,01_0,2.03748595624568e-18
76,160,170,381,361,01_0,01_0,1.43510480438901e-16
76,160,170,382,361,01_0,01_0,2.56132853059335e-27
76,160,170,360,361,01_0,01_0,1.82877950180748e-25
76,160,170,361,361,01_0,01_0,1.10425322730335e-17
76,160,170,381,362,01_0,01_0,2.62418362601501e-20
76,160,170,382,362,01_0,01_0,2.34725568920772e-27
76,160,170,361,362,01_0,01_0,2.32646165565713e-27
76,160,170,382,363,01_0,01_0,4.18930511248694e-38
76,160,170,360,340,01_0,01_0,2.17334642687689e-34
76,160,170,361,340,01_0,01_0,3.01695198207338e-36
76,160,170,360,341,01_0,01_0,3.00758290294474e-36
76,160,170,361,341,01_0,01_0,2.09238480805532e-34
76,160,170,361,342,01_0,01_0,4.11562841287915e-38
76,170,180,380,380,01_0,01_0,0.503487755874002
76,170,180,381,380,01_0,01_0,8.15027567045855e-09
76,170,180,360,380,01_0,01_0,1.0389288828865e-17
76,170,180,361,380,01_0,01_0,1.44175475708804e-19
76,170,180,380,381,01_0,01_0,8.12447430341305e-09
76,170,180,381,381,01_0,01_0,0.496512227851248
76,170,180,382,381,01_0,01_0,1.02100584621718e-17
76,170,180,360,381,01_0,01_0,1.45504214103287e-19
76,170,180,361,381,01_0,01_0,1.01196537890724e-17
76,170,180,381,382,01_0,01_0,1.41726077273297e-16
76,170,180,382,382,01_0,01_0,1.10027015877969e-17
76,170,180,361,382,01_0,01_0,2.50708386285426e-27
76,170,180,382,383,01_0,01_0,2.09955135510706e-34
76,170,180,380,360,01_0,01_0,1.45620310400281e-16
76,170,180,381,360,01_0,01_0,2.0459204004667e-18
76,170,180,360,360,01_0,01_0,1.13441027984695e-17
76,170,180,361,360,01_0,01_0,1.81381227987766e-25
76,170,180,380,361,01_0,01_0,2.03812301448083e-18
76,170,180,381,361,01_0,01_0,1.43509841153524e-16
76,170,180,382,361,01_0,01_0,2.56131712081424e-27
76,170,180,360,361,01_0,01_0,1.82934326372867e-25
76,170,180,361,361,01_0,01_0,1.10425320881034e-17
76,170,180,381,362,01_0,01_0,2.62418362571402e-20
76,170,180,382,362,01_0,01_0,2.34725568891929e-27
76,170,180,361,362,01_0,01_0,2.32647197998915e-27
76,170,180,382,363,01_0,01_0,4.18930511200821e-38
76,170,180,360,340,01_0,01_0,2.17335553448303e-34
76,170,180,361,340,01_0,01_0,3.01603481460516e-36
76,170,180,360,341,01_0,01_0,3.00849687455331e-36
76,170,180,361,341,01_0,01_0,2.09237560462506e-34
76,170,180,361,342,01_0,01_0,4.11562834950354e-38
76,180,190,380,380,01_0,01_0,0.503487755923028
76,180,190,381,380,01_0,01_0,8.14769183618445e-09
76,180,190,360,380,01_0,01_0,1.03892431813917e-17
76,180,190,361,380,01_0,01_0,1.44130408433284e-19
76,180,190,380,381,01_0,01_0,8.12705077482319e-09
76,180,190,381,381,01_0,01_0,0.496512227802229
76,180,190,382,381,01_0,01_0,1.02100584610803e-17
76,180,190,360,381,01_0,01_0,1.45549717562804e-19
76,180,190,361,381,01_0,01_0,1.01196987121015e-17
76,180,190,381,382,01_0,01_0,1.41726077260127e-16
76,180,190,382,382,01_0,01_0,1.10027015866844e-17
76,180,190,361,382,01_0,01_0,2.50709499228129e-27
76,180,190,382,383,01_0,01_0,2.09955135491076e-34
76,180,190,380,360,01_0,01_0,1.45620948253381e-16
76,180,190,381,360,01_0,01_0,2.04528075287526e-18
76,180,190,360,360,01_0,01_0,1.13441026444876e-17
76,180,190,361,360,01_0,01_0,1.81325324933361e-25
76,180,190,380,361,01_0,01_0,2.03876027474258e-18
76,180,190,381,361,01_0,01_0,1.43509202073752e-16
76,180,190,382,361,01_0,01_0,2.56130571470469e-27
76,180,190,360,361,01_0,01_0,1.82990720450456e-25
76,180,190,361,361,01_0,01_0,1.10425319340949e-17
76,180,190,381,362,01_0,01_0,2.62418362546756e-20
76,180,190,382,362,01_0,01_0,2.34725568867964e-27
76,180,190,361,362,01_0,01_0,2.32648230764303e-27
76,180,190,382,363,01_0,01_0,4.18930511161651e-38
76,180,190,360,340,01_0,01_0,2.17336465082817e-34
76,180,190,361,340,01_0,01_0,3.01511793813229e-36
76,180,190,360,341,01_0,01_0,3.00941113623806e-36
76,180,190,361,341,01_0,01_0,2.09236640987856e-34
76,180,190,361,342,01_0,01_0,4.11562829765089e-38
76,190,200,380,380,01_0,01_0,0.503487755961732
76,190,200,381,380,01_0,01_0,8.14510882104939e-09
76,190,200,360,380,01_0,01_0,1.038919754818e-17
76,190,200,361,380,01_0,01_0,1.44085355445158e-19
76,190,200,380,381,01_0,01_0,8.1296280632972e-09
76,190,200,381,381,01_0,01_0,0.49651222776353
76,190,200,382,381,01_0,01_0,1.02100584602009e-17
76,190,200,360,381,01_0,01_0,1.45595235452654e-19
76,190,200,361,381,01_0,01_0,1.01197436495846e-17
76,190,200,381,382,01_0,01_0,1.41726077249901e-16
76,190,200,382,382,01_0,01_0,1.10027015858005e-17
76,190,200,361,382,01_0,01_0,2.50710612528919e-27
76,190,200,382,383,01_0,01_0,2.09955135475808e-34
76,190,200,380,360,01_0,01_0,1.45621586305811e-16
76,190,200,381,360,01_0,01_0,2.04464130806844e-18
76,190,200,360,360,01_0,01_0,1.13441025214023e-17
76,190,200,361,360,01_0,01_0,1.81269439608653e-25
76,190,200,380,361,01_0,01_0,2.03939773709499e-18
76,190,200,381,361,01_0,01_0,1.43508563199521e-16
76,190,200,382,361,01_0,01_0,2.56129431226356e-27
76,190,200,360,361,01_0,01_0,1.83047132419184e-25
76,190,200,361,361,01_0,01_0,1.10425318110078e-17
76,190,200,381,362,01_0,01_0,2.62418362527565e-20
76,190,200,382,362,01_0,01_0,2.34725568848876e-27
76,190,200,361,362,01_0,01_0,2.32649263861981e-27
76,190,200,382,363,01_0,01_0,4.18930511131186e-38
76,190,200,360,340,01_0,01_0,2.17337377591323e-34
76,190,200,361,340,01_0,01_0,3.01420135256261e-36
76,190,200,360,341,01_0,01_0,3.01032568809088e-36
76,190,200,361,341,01_0,01_0,2.09235722381488e-34
76,190,200,361,342,01_0,01_0,4.11562825732119e-38
76,200,210,380,380,01_0,01_0,0.503487755990116
76,200,210,381,380,01_0,01_0,8.14252662479368e-09
76,200,210,360,380,01_0,01_0,1.03891519292254e-17
76,200,210,361,380,01_0,01_0,1.44040316739896e-19
76,200,210,380,381,01_0,01_0,8.13220616909418e-09
76,200,210,381,381,01_0,01_0,0.496512227735151
76,200,210,382,381,01_0,01_0,1.02100584595337e-17
76,200,210,360,381,01_0,01_0,1.45640767777414e-19
76,200,210,361,381,01_0,01_0,1.0119788601526e-17
76,200,210,381,382,01_0,01_0,1.41726077242622e-16
76,200,210,382,382,01_0,01_0,1.10027015851452e-17
76,200,210,361,382,01_0,01_0,2.50711726187908e-27
76,200,210,382,383,01_0,01_0,2.09955135464902e-34
76,200,210,380,360,01_0,01_0,1.45622224557637e-16
76,200,210,381,360,01_0,01_0,2.04400206598193e-18
76,200,210,360,360,01_0,01_0,1.13441024292135e-17
76,200,210,361,360,01_0,01_0,1.81213572008023e-25
76,200,210,380,361,01_0,01_0,2.04003540160215e-18
76,200,210,381,361,01_0,01_0,1.43507924530766e-16
76,200,210,382,361,01_0,01_0,2.56128291348969e-27
76,200,210,360,361,01_0,01_0,1.83103562284724e-25
76,200,210,361,361,01_0,01_0,1.10425317188422e-17
76,200,210,381,362,01_0,01_0,2.62418362513827e-20
76,200,210,382,362,01_0,01_0,2.34725568834666e-27
76,200,210,361,362,01_0,01_0,2.32650297292053e-27
76,200,210,382,363,01_0,01_0,4.18930511109426e-38
76,200,210,360,340,01_0,01_0,2.17338290973911e-34
76,200,210,361,340,01_0,01_0,3.01328505780395e-36
76,200,210,360,341,01_0,01_0,3.01124053020375e-36
76,200,210,361,341,01_0,01_0,2.09234804643312e-34
76,200,210,361,342,01_0,01_0,4.11562822851444e-38
76,210,220,380,380,01_0,01_0,0.503487756008177
76,210,220,381,380,01_0,01_0,8.13994524715772e-09
76,210,220,360,380,01_0,01_0,1.03891063245232e-17
76,210,220,361,380,01_0,01_0,1.43995292312971e-19
76,210,220,380,381,01_0,01_0,8.13478509247332e-09
76,210,220,381,381,01_0,01_0,0.496512227717092
76,210,220,382,381,01_0,01_0,1.02100584590787e-17
76,210,220,360,381,01_0,01_0,1.4568631454166e-19
76,210,220,361,381,01_0,01_0,1.01198335679305e-17
76,210,220,381,382,01_0,01_0,1.41726077238287e-16
76,210,220,382,382,01_0,01_0,1.10027015847186e-17
76,210,220,361,382,01_0,01_0,2.50712840205207e-27
76,210,220,382,383,01_0,01_0,2.09955135458358e-34
76,210,220,380,360,01_0,01_0,1.45622863008921e-16
76,210,220,381,360,01_0,01_0,2.04336302655149e-18
76,210,220,360,360,01_0,01_0,1.13441023679212e-17
76,210,220,361,360,01_0,01_0,1.81157722125854e-25
76,210,220,380,361,01_0,01_0,2.04067326832817e-18
76,210,220,381,361,01_0,01_0,1.43507286067422e-16
76,210,220,382,361,01_0,01_0,2.56127151838194e-27
76,210,220,360,361,01_0,01_0,1.83160010052747e-25
76,210,220,361,361,01_0,01_0,1.10425316575982e-17
76,210,220,381,362,01_0,01_0,2.62418362505543e-20
76,210,220,382,362,01_0,01_0,2.34725568825333e-27
76,210,220,361,362,01_0,01_0,2.32651331054624e-27
76,210,220,382,363,01_0,01_0,4.1893051109637e-38
76,210,220,360,340,01_0,01_0,2.17339205230673e-34
76,210,220,361,340,01_0,01_0,3.01236905376419e-36
76,210,220,360,341,01_0,01_0,3.01215566266862e-36
76,210,220,361,341,01_0,01_0,2.09233887773234e-34
76,210,220,361,342,01_0,01_0,4.11562821123065e-38
76,220,230,380,380,01_0,01_0,0.503487756015918
76,220,230,381,380,01_0,01_0,8.137364687882e-09
76,220,230,360,380,01_0,01_0,1.0389060734069e-17
76,220,230,361,380,01_0,01_0,1.43950282159856e-19
76,220,230,380,381,01_0,01_0,8.13736483369391e-09
76,220,230,381,381,01_0,01_0,0.496512227709352
76,220,230,382,381,01_0,01_0,1.02100584588359e-17
76,220,230,360,381,01_0,01_0,1.45731875749972e-19
76,220,230,361,381,01_0,01_0,1.01198785488024e-17
76,220,230,381,382,01_0,01_0,1.41726077236898e-16
76,220,230,382,382,01_0,01_0,1.10027015845206e-17
76,220,230,361,382,01_0,01_0,2.50713954580929e-27
76,220,230,382,383,01_0,01_0,2.09955135456178e-34
76,220,230,380,360,01_0,01_0,1.45623501659729e-16
76,220,230,381,360,01_0,01_0,2.04272418971285e-18
76,220,230,360,360,01_0,01_0,1.13441023375254e-17
76,220,230,361,360,01_0,01_0,1.81101889956531e-25
76,220,230,380,361,01_0,01_0,2.04131133733718e-18
76,220,230,381,361,01_0,01_0,1.43506647809427e-16
76,220,230,382,361,01_0,01_0,2.56126012693917e-27
76,220,230,360,361,01_0,01_0,1.8321647572893e-25
76,220,230,361,361,01_0,01_0,1.10425316272756e-17
76,220,230,381,362,01_0,01_0,2.62418362502713e-20
76,220,230,382,362,01_0,01_0,2.34725568820879e-27
76,220,230,361,362,01_0,01_0,2.32652365149795e-27
76,220,230,382,363,01_0,01_0,4.18930511092018e-38
76,220,230,360,340,01_0,01_0,2.17340120361702e-34
76,220,230,361,340,01_0,01_0,3.01145334035124e-36
76,220,230,360,341,01_0,01_0,3.0130710855775e-36
76,220,230,361,341,01_0,01_0,2.09232971771162e-34
76,220,230,361,342,01_0,01_0,4.11562820546979e-38
76,230,240,380,380,01_0,01_0,0.503487756013336
76,230,240,381,380,01_0,01_0,8.13478494670705e-09
76,230,240,360,380,01_0,01_0,1.03890151578581e-17
76,230,240,361,380,01_0,01_0,1.43905286276025e-19
76,230,240,380,381,01_0,01_0,8.13994539301529e-09
76,230,240,381,381,01_0,01_0,0.496512227711933
76,230,240,382,381,01_0,01_0,1.02100584588053e-17
76,230,240,360,381,01_0,01_0,1.45777451406931e-19
76,230,240,361,381,01_0,01_0,1.01199235441463e-17
76,230,240,381,382,01_0,01_0,1.41726077238455e-16
76,230,240,382,382,01_0,01_0,1.10027015845513e-17
76,230,240,361,382,01_0,01_0,2.50715069315186e-27
76,230,240,382,383,01_0,01_0,2.09955135458359e-34
76,230,240,380,360,01_0,01_0,1.45624140510124e-16
76,230,240,381,360,01_0,01_0,2.0420855554018e-18
76,230,240,360,360,01_0,01_0,1.1344102338026e-17
76,230,240,361,360,01_0,01_0,1.81046075494441e-25
76,230,240,380,361,01_0,01_0,2.04194960869333e-18
76,230,240,381,361,01_0,01_0,1.43506009756715e-16
76,230,240,382,361,01_0,01_0,2.56124873916022e-27
76,230,240,360,361,01_0,01_0,1.8327295931895e-25
76,230,240,361,361,01_0,01_0,1.10425316278745e-17
76,230,240,381,362,01_0,01_0,2.62418362505337e-20
76,230,240,382,362,01_0,01_0,2.34725568821302e-27
76,230,240,361,362,01_0,01_0,2.32653399577673e-27
76,230,240,382,363,01_0,01_0,4.18930511096371e-38
76,230,240,360,340,01_0,01_0,2.1734103636709e-34
76,230,240,361,340,01_0,01_0,3.01053791747305e-36
76,230,240,360,341,01_0,01_0,3.01398679902243e-36
76,230,240,361,341,01_0,01_0,2.09232056637005e-34
76,230,240,361,342,01_0,01_0,4.11562821123189e-38
76,240,250,380,380,01_0,01_0,0.503487756000434
76,240,250,381,380,01_0,01_0,8.13220602337353e-09
76,240,250,360,380,01_0,01_0,1.03889695958859e-17
76,240,250,361,380,01_0,01_0,1.43860304656955e-19
76,240,250,380,381,01_0,01_0,8.14252677069692e-09
76,240,250,381,381,01_0,01_0,0.496512227724833
76,240,250,382,381,01_0,01_0,1.02100584589869e-17
76,240,250,360,381,01_0,01_0,1.45823041517119e-19
76,240,250,361,381,01_0,01_0,1.01199685539668e-17
76,240,250,381,382,01_0,01_0,1.41726077242957e-16
76,240,250,382,382,01_0,01_0,1.10027015848106e-17
76,240,250,361,382,01_0,01_0,2.5071618440809e-27
76,240,250,382,383,01_0,01_0,2.09955135464903e-34
76,240,250,380,360,01_0,01_0,1.45624779560171e-16
76,240,250,381,360,01_0,01_0,2.04144712355412e-18
76,240,250,360,360,01_0,01_0,1.13441023694232e-17
76,240,250,361,360,01_0,01_0,1.80990278733974e-25
76,240,250,380,361,01_0,01_0,2.04258808246078e-18
76,240,250,381,361,01_0,01_0,1.43505371909223e-16
76,240,250,382,361,01_0,01_0,2.56123735504397e-27
76,240,250,360,361,01_0,01_0,1.83329460828484e-25
76,240,250,361,361,01_0,01_0,1.10425316593949e-17
76,240,250,381,362,01_0,01_0,2.62418362513415e-20
76,240,250,382,362,01_0,01_0,2.34725568826603e-27
76,240,250,361,362,01_0,01_0,2.32654434338361e-27
76,240,250,382,363,01_0,01_0,4.18930511109428e-38
76,240,250,360,340,01_0,01_0,2.17341953246928e-34
76,240,250,361,340,01_0,01_0,3.00962278503757e-36
76,240,250,360,341,01_0,01_0,3.01490280309546e-36
76,240,250,361,341,01_0,01_0,2.0923114237067e-34
76,240,250,361,342,01_0,01_0,4.11562822851693e-38
76,250,260,380,380,01_0,01_0,0.50348775597721
76,250,260,381,380,01_0,01_0,8.12962791762216e-09
76,250,260,360,380,01_0,01_0,1.03889240481479e-17
76,250,260,361,380,01_0,01_0,1.43815337298124e-19
76,250,260,380,381,01_0,01_0,8.14510896699831e-09
76,250,260,381,381,01_0,01_0,0.496512227748053
76,250,260,382,381,01_0,01_0,1.02100584593806e-17
76,250,260,360,381,01_0,01_0,1.45868646085118e-19
76,250,260,361,381,01_0,01_0,1.01200135782683e-17
76,250,260,381,382,01_0,01_0,1.41726077250404e-16
76,250,260,382,382,01_0,01_0,1.10027015852985e-17
76,250,260,361,382,01_0,01_0,2.50717299859752e-27
76,250,260,382,383,01_0,01_0,2.09955135475809e-34
76,250,260,380,360,01_0,01_0,1.45625418809934e-16
76,250,260,381,360,01_0,01_0,2.04080889410564e-18
76,250,260,360,360,01_0,01_0,1.13441024317169e-17
76,250,260,361,360,01_0,01_0,1.80934499669518e-25
76,250,260,380,361,01_0,01_0,2.04322675870374e-18
76,250,260,381,361,01_0,01_0,1.43504734266886e-16
76,250,260,382,361,01_0,01_0,2.56122597458925e-27
76,250,260,360,361,01_0,01_0,1.83385980263214e-25
76,250,260,361,361,01_0,01_0,1.10425317218368e-17
76,250,260,381,362,01_0,01_0,2.62418362526946e-20
76,250,260,382,362,01_0,01_0,2.34725568836781e-27
76,250,260,361,362,01_0,01_0,2.32655469431962e-27
76,250,260,382,363,01_0,01_0,4.18930511131189e-38
76,250,260,360,340,01_0,01_0,2.17342871001309e-34
76,250,260,361,340,01_0,01_0,3.0087079429528e-36
76,250,260,360,341,01_0,01_0,3.0158190978887e-36
76,250,260,361,341,01_0,01_0,2.09230228972065e-34
76,250,260,361,342,01_0,01_0,4.11562825732492e-38
76,260,270,380,380,01_0,01_0,0.503487755943665
76,260,270,381,380,01_0,01_0,8.12705062919375e-09
76,260,270,360,380,01_0,01_0,1.03888785146395e-17
76,260,270,361,380,01_0,01_0,1.43770384195011e-19
76,260,270,380,381,01_0,01_0,8.14769198217907e-09
76,260,270,381,381,01_0,01_0,0.496512227781592
76,260,270,382,381,01_0,01_0,1.02100584599865e-17
76,260,270,360,381,01_0,01_0,1.45914265115515e-19
76,260,270,361,381,01_0,01_0,1.01200586170554e-17
76,260,270,381,382,01_0,01_0,1.41726077260797e-16
76,260,270,382,382,01_0,01_0,1.10027015860151e-17
76,260,270,361,382,01_0,01_0,2.50718415670286e-27
76,260,270,382,383,01_0,01_0,2.09955135491078e-34
76,260,270,380,360,01_0,01_0,1.45626058259478e-16
76,260,270,381,360,01_0,01_0,2.04017086699218e-18
76,260,270,360,360,01_0,01_0,1.1344102524907e-17
76,260,270,361,360,01_0,01_0,1.80878738295466e-25
76,260,270,380,361,01_0,01_0,2.0438656374864e-18
76,260,270,381,361,01_0,01_0,1.43504096829641e-16
76,260,270,382,361,01_0,01_0,2.56121459779493e-27
76,260,270,360,361,01_0,01_0,1.83442517628821e-25
76,260,270,361,361,01_0,01_0,1.10425318152002e-17
76,260,270,381,362,01_0,01_0,2.62418362545931e-20
76,260,270,382,362,01_0,01_0,2.34725568851837e-27
76,260,270,361,362,01_0,01_0,2.32656504858582e-27
76,260,270,382,363,01_0,01_0,4.18930511161655e-38
76,260,270,360,340,01_0,01_0,2.17343789630326e-34
76,260,270,361,340,01_0,01_0,3.00779339112677e-36
76,260,270,360,341,01_0,01_0,3.01673568349426e-36
76,260,270,361,341,01_0,01_0,2.09229316441099e-34
76,260,270,361,342,01_0,01_0,4.11562829765586e-38
76,270,280,380,380,01_0,01_0,0.503487755899798
76,270,280,381,380,01_0,01_0,8.12447415782919e-09
76,270,280,360,380,01_0,01_0,1.0388832995356e-17
76,270,280,361,380,01_0,01_0,1.43725445343096e-19
76,270,280,380,381,01_0,01_0,8.15027581649888e-09
76,270,280,381,381,01_0,01_0,0.496512227825452
76,270,280,382,381,01_0,01_0,1.02100584608046e-17
76,270,280,360,381,01_0,01_0,1.45959898612895e-19
76,270,280,361,381,01_0,01_0,1.01201036703326e-17
76,270,280,381,382,01_0,01_0,1.41726077274136e-16
76,270,280,382,382,01_0,01_0,1.10027015869603e-17
76,270,280,361,382,01_0,01_0,2.50719531839803e-27
76,270,280,382,383,01_0,01_0,2.09955135510709e-34
76,270,280,380,360,01_0,01_0,1.45626697908866e-16
76,270,280,381,360,01_0,01_0,2.03953304214961e-18
76,270,280,360,360,01_0,01_0,1.13441026489937e-17
76,270,280,361,360,01_0,01_0,1.80822994606213e-25
76,270,280,380,361,01_0,01_0,2.04450471887299e-18
76,270,280,381,361,01_0,01_0,1.43503459597423e-16
76,270,280,382,361,01_0,01_0,2.56120322465986e-27
76,270,280,360,361,01_0,01_0,1.8349907293099e-25
76,270,280,361,361,01_0,01_0,1.10425319394851e-17
76,270,280,381,362,01_0,01_0,2.62418362570371e-20
76,270,280,382,362,01_0,01_0,2.34725568871771e-27
76,270,280,361,362,01_0,01_0,2.32657540618323e-27
76,270,280,382,363,01_0,01_0,4.18930511200826e-38
76,270,280,360,340,01_0,01_0,2.17344709134069e-34
76,270,280,361,340,01_0,01_0,3.00687912946753e-36
76,270,280,360,341,01_0,01_0,3.01765256000429e-36
76,270,280,361,341,01_0,01_0,2.0922840477768e-34
76,270,280,361,342,01_0,01_0,4.11562834950975e-38
76,280,290,380,380,01_0,01_0,0.503487755845609
76,280,290,381,380,01_0,01_0,8.12189850326944e-09
76,280,290,360,380,01_0,01_0,1.0388787490293e-17
76,280,290,361,380,01_0,01_0,1.43680520737861e-19
76,280,290,380,381,01_0,01_0,8.15286047021752e-09
76,280,290,381,381,01_0,01_0,0.496512227879631
76,280,290,382,381,01_0,01_0,1.0210058461835e-17
76,280,290,360,381,01_0,01_0,1.46005546581846e-19
76,280,290,361,381,01_0,01_0,1.01201487381044e-17
76,280,290,381,382,01_0,01_0,1.4172607729042e-16
76,280,290,382,382,01_0,01_0,1.10027015881342e-17
76,280,290,361,382,01_0,01_0,2.50720648368416e-27
76,280,290,382,383,01_0,01_0,2.09955135534704e-34
76,280,290,380,360,01_0,01_0,1.45627337758163e-16
76,280,290,381,360,01_0,01_0,2.03889541951379e-18
76,280,290,360,360,01_0,01_0,1.13441028039769e-17
76,280,290,361,360,01_0,01_0,1.80767268596154e-25
76,280,290,380,361,01_0,01_0,2.04514400292778e-18
76,280,290,381,361,01_0,01_0,1.43502822570167e-16
76,280,290,382,361,01_0,01_0,2.56119185518291e-27
76,280,290,360,361,01_0,01_0,1.83555646175407e-25
76,280,290,361,361,01_0,01_0,1.10425320946915e-17
76,280,290,381,362,01_0,01_0,2.62418362600264e-20
76,280,290,382,362,01_0,01_0,2.34725568896583e-27
76,280,290,361,362,01_0,01_0,2.3265857671129e-27
76,280,290,382,363,01_0,01_0,4.18930511248705e-38
76,280,290,360,340,01_0,01_0,2.17345629512635e-34
76,280,290,361,340,01_0,01_0,3.00596515788319e-36
76,280,290,360,341,01_0,01_0,3.01856972751099e-36
76,280,290,361,341,01_0,01_0,2.09227493981717e-34
76,280,290,361,342,01_0,01_0,4.11562841288664e-38
76,290,300,380,380,01_0,01_0,0.5034877557811
76,290,300,381,380,01_0,01_0,8.11932366525557e-09
76,290,300,360,380,01_0,01_0,1.03887419994458e-17
76,290,300,361,380,01_0,01_0,1.4363561037479e-19
76,290,300,380,381,01_0,01_0,8.15544594359484e-09
76,290,300,381,381,01_0,01_0,0.49651222794413
76,290,300,382,381,01_0,01_0,1.02100584630774e-17
76,290,300,360,381,01_0,01_0,1.46051209026957e-19
76,290,300,361,381,01_0,01_0,1.01201938203754e-17
76,290,300,381,382,01_0,01_0,1.41726077309652e-16
76,290,300,382,382,01_0,01_0,1.10027015895369e-17
76,290,300,361,382,01_0,01_0,2.50721765256242e-27
76,290,300,382,383,01_0,01_0,2.09955135563122e-34
76,290,300,380,360,01_0,01_0,1.45627977807436e-16
76,290,300,381,360,01_0,01_0,2.03825799902066e-18
76,290,300,360,360,01_0,01_0,1.13441029898569e-17
76,290,300,361,360,01_0,01_0,1.80711560259689e-25
76,290,300,380,361,01_0,01_0,2.04578348971506e-18
76,290,300,381,361,01_0,01_0,1.43502185747814e-16
76,290,300,382,361,01_0,01_0,2.56118048936295e-27
76,290,300,360,361,01_0,01_0,1.83612237367762e-25
76,290,300,361,361,01_0,01_0,1.10425322808196e-17
76,290,300,381,362,01_0,01_0,2.62418362635611e-20
76,290,300,382,362,01_0,01_0,2.34725568926272e-27
76,290,300,361,362,01_0,01_0,2.32659613137588e-27
76,290,300,382,363,01_0,01_0,4.18930511305408e-38
76,290,300,360,340,01_0,01_0,2.17346550766166e-34
76,290,300,361,340,01_0,01_0,3.00505147628257e-36
76,290,300,360,341,01_0,01_0,3.01948718610717e-36
76,290,300,361,341,01_0,01_0,2.09226584053161e-34
76,290,300,361,342,01_0,01_0,4.11562848778734e-38
76,300,310,380,380,01_0,01_0,0.503487755706269
76,300,310,381,380,01_0,01_0,8.11674964352869e-09
76,300,310,360,380,01_0,01_0,1.038869652281e-17
76,300,310,361,380,01_0,01_0,1.43590714249368e-19
76,300,310,380,381,01_0,01_0,8.15803223689076e-09
76,300,310,381,381,01_0,01_0,0.496512228018949
76,300,310,382,381,01_0,01_0,1.02100584645321e-17
76,300,310,360,381,01_0,01_0,1.4609688595282e-19
76,300,310,361,381,01_0,01_0,1.01202389171501e-17
76,300,310,381,382,01_0,01_0,1.41726077331907e-16
76,300,310,382,382,01_0,01_0,1.10027015911743e-17
76,300,310,361,382,01_0,01_0,2.50722882503524e-27
76,300,310,382,383,01_0,01_0,2.09955135597495e-34
76,300,310,380,360,01_0,01_0,1.45628618056815e-16
76,300,310,381,360,01_0,01_0,2.03762078060706e-18
76,300,310,360,360,01_0,01_0,1.13441032066387e-17
76,300,310,361,360,01_0,01_0,1.806558695913e-25
76,300,310,380,361,01_0,01_0,2.0464231792999e-18
76,300,310,381,361,01_0,01_0,1.43501549130352e-16
76,300,310,382,361,01_0,01_0,2.56116912719984e-27
76,300,310,360,361,01_0,01_0,1.83668846513814e-25
76,300,310,361,361,01_0,01_0,1.10425324978737e-17
76,300,310,381,362,01_0,01_0,2.62418362676411e-20
76,300,310,382,362,01_0,01_0,2.34725568960839e-27
76,300,310,361,362,01_0,01_0,2.3266064989732e-27
76,300,310,382,363,01_0,01_0,4.18930511373993e-38
76,300,310,360,340,01_0,01_0,2.17347472896126e-34
76,300,310,361,340,01_0,01_0,3.00413808459277e-36
76,300,310,360,341,01_0,01_0,3.02040493590148e-36
76,300,310,361,341,01_0,01_0,2.09225674993056e-34
76,300,310,361,342,01_0,01_0,4.11562857423416e-38
76,310,320,380,380,01_0,01_0,0.503487755621116
76,310,320,381,380,01_0,01_0,8.11417643783005e-09
76,310,320,360,380,01_0,01_0,1.03886510603808e-17
76,310,320,361,380,01_0,01_0,1.43545832357081e-19
76,310,320,380,381,01_0,01_0,8.16061935036531e-09
76,310,320,381,381,01_0,01_0,0.496512228104087
76,310,320,382,381,01_0,01_0,1.0210058466199e-17
76,310,320,360,381,01_0,01_0,1.46142577364026e-19
76,310,320,361,381,01_0,01_0,1.0120284028433e-17
76,310,320,381,382,01_0,01_0,1.41726077359181e-16
76,310,320,382,382,01_0,01_0,1.10027015932012e-17
76,310,320,361,382,01_0,01_0,2.50724000113907e-27
76,310,320,382,383,01_0,01_0,2.09955135678861e-34
76,310,320,380,360,01_0,01_0,1.4562925850814e-16
76,310,320,381,360,01_0,01_0,2.03698376423376e-18
76,310,320,360,360,01_0,01_0,1.13441034544608e-17
76,310,320,361,360,01_0,01_0,1.8060019658759e-25
76,310,320,380,361,01_0,01_0,2.04706307176802e-18
76,310,320,381,361,01_0,01_0,1.43500912719218e-16
76,310,320,382,361,01_0,01_0,2.5611577687192e-27
76,310,320,360,361,01_0,01_0,1.83725473621176e-25
76,310,320,361,361,01_0,01_0,1.10425327459691e-17
76,310,320,381,362,01_0,01_0,2.62418362722666e-20
76,310,320,382,362,01_0,01_0,2.34725569000283e-27
76,310,320,361,362,01_0,01_0,2.32661686990591e-27
76,310,320,382,363,01_0,01_0,4.18930511536345e-38
76,310,320,360,340,01_0,01_0,2.17348395939704e-34
76,310,320,361,340,01_0,01_0,3.00322498323451e-36
76,310,320,360,341,01_0,01_0,3.02132297743512e-36
76,310,320,361,341,01_0,01_0,2.09224766832399e-34
76,310,320,361,342,01_0,01_0,4.1156286728373e-38
76,320,330,380,380,01_0,01_0,0.503487755525642
76,320,330,381,380,01_0,01_0,8.11160404790092e-09
76,320,330,360,380,01_0,01_0,1.03886056121537e-17
76,320,330,361,380,01_0,01_0,1.43500964693416e-19
76,320,330,380,381,01_0,01_0,8.16320728427859e-09
76,320,330,381,381,01_0,01_0,0.496512228199546
76,320,330,382,381,01_0,01_0,1.0210058468078e-17
76,320,330,360,381,01_0,01_0,1.46188283265169e-19
76,320,330,361,381,01_0,01_0,1.01203291542287e-17
76,320,330,381,382,01_0,01_0,1.41726077444881e-16
76,320,330,382,382,01_0,01_0,1.1002701599764e-17
76,320,330,361,382,01_0,01_0,2.50725118181985e-27
76,320,330,382,383,01_0,01_0,2.09955136905475e-34
76,320,330,380,360,01_0,01_0,1.456298992095e-16
76,320,330,381,360,01_0,01_0,2.03634695050822e-18
76,320,330,360,360,01_0,01_0,1.13441037370641e-17
76,320,330,361,360,01_0,01_0,1.80544541302498e-25
76,320,330,380,361,01_0,01_0,2.04770316776956e-18
76,320,330,381,361,01_0,01_0,1.435002765554e-16
76,320,330,382,361,01_0,01_0,2.56114641465255e-27
76,320,330,360,361,01_0,01_0,1.83782118748117e-25
76,320,330,361,361,01_0,01_0,1.10425330282649e-17
76,320,330,381,362,01_0,01_0,2.62418362774375e-20
76,320,330,382,362,01_0,01_0,2.34725569044606e-27
76,320,330,361,362,01_0,01_0,2.32662724417504e-27
76,320,330,382,363,01_0,01_0,4.18930513983849e-38
76,320,330,360,340,01_0,01_0,2.17349320899969e-34
76,320,330,361,340,01_0,01_0,3.00231218596991e-36
76,320,330,360,341,01_0,01_0,3.02224132308506e-36
76,320,330,361,341,01_0,01_0,2.09223860421513e-34
76,320,330,361,342,01_0,01_0,4.11562880029228e-38
76,330,340,380,380,01_0,01_0,0.503487755419846
76,330,340,381,380,01_0,01_0,8.10903247348269e-09
76,330,340,360,380,01_0,01_0,1.03885601781242e-17
76,330,340,361,380,01_0,01_0,1.43456111253863e-19
76,330,340,380,381,01_0,01_0,8.16579603889078e-09
76,330,340,381,381,01_0,01_0,0.496512228305324
76,330,340,382,381,01_0,01_0,1.02100584701692e-17
76,330,340,360,381,01_0,01_0,1.46234003660844e-19
76,330,340,361,381,01_0,01_0,1.01203742945417e-17
76,330,340,381,382,01_0,01_0,1.4172607901831e-16
76,330,340,382,382,01_0,01_0,1.10027017218244e-17
76,330,340,361,382,01_0,01_0,2.50726239236436e-27
76,330,340,382,383,01_0,01_0,2.09955168668881e-34
76,330,340,380,360,01_0,01_0,1.45630541459243e-16
76,330,340,381,360,01_0,01_0,2.03571035751393e-18
76,330,340,360,360,01_0,01_0,1.13441041555803e-17
76,330,340,361,360,01_0,01_0,1.80488905339412e-25
76,330,340,380,361,01_0,01_0,2.04834348340214e-18
76,330,340,381,361,01_0,01_0,1.43499641762026e-16
76,330,340,382,361,01_0,01_0,2.56113508504516e-27
76,330,340,360,361,01_0,01_0,1.83838783339318e-25
76,330,340,361,361,01_0,01_0,1.10425334311927e-17
76,330,340,381,362,01_0,01_0,2.62418362831543e-20
76,330,340,382,362,01_0,01_0,2.34725569093812e-27
76,330,340,361,362,01_0,01_0,2.32663762178171e-27
76,330,340,382,363,01_0,01_0,4.18930577362436e-38
76,330,340,360,340,01_0,01_0,2.1735027489555e-34
76,330,340,361,340,01_0,01_0,3.00140006717503e-36
76,330,340,360,341,01_0,01_0,3.02316030910644e-36
76,330,340,361,341,01_0,01_0,2.09222979024212e-34
76,330,340,361,342,01_0,01_0,4.11562941341087e-38
76,340,350,380,380,01_0,01_0,0.503487755303729
76,340,350,381,380,01_0,01_0,8.10646171431682e-09
76,340,350,360,380,01_0,01_0,1.03885147582877e-17
76,340,350,361,380,01_0,01_0,1.43411272033913e-19
76,340,350,380,381,01_0,01_0,8.16838561446215e-09
76,340,350,381,381,01_0,01_0,0.496512228421423
76,340,350,382,381,01_0,01_0,1.02100584724727e-17
76,340,350,360,381,01_0,01_0,1.46279738555649e-19
76,340,350,361,381,01_0,01_0,1.01204194493765e-17
76,340,350,381,382,01_0,01_0,1.41726120330532e-16
76,340,350,382,382,01_0,01_0,1.10027049289493e-17
76,340,350,361,382,01_0,01_0,2.507274309473e-27
76,340,350,382,383,01_0,01_0,2.09956017547089e-34
76,340,350,380,360,01_0,01_0,1.4563122035539e-16
76,340,350,381,360,01_0,01_0,2.03507447563355e-18
76,340,350,360,360,01_0,01_0,1.13441074440028e-17
76,340,350,361,360,01_0,01_0,1.80433332176639e-25
76,340,350,380,361,01_0,01_0,2.04898445755951e-18
76,340,350,381,361,01_0,01_0,1.43499039071e-16
76,340,350,382,361,01_0,01_0,2.56112432839004e-27
76,340,350,360,361,01_0,01_0,1.83895506785209e-25
76,340,350,361,361,01_0,01_0,1.10425363196397e-17
76,340,350,381,362,01_0,01_0,2.62418362894331e-20
76,340,350,382,362,01_0,01_0,2.34725569148043e-27
76,340,350,361,362,01_0,01_0,2.32664800272836e-27
76,340,350,382,363,01_0,01_0,4.18932271157545e-38
76,340,350,360,340,01_0,01_0,2.17351991160362e-34
76,340,350,361,340,01_0,01_0,3.00049874853806e-36
76,340,350,360,341,01_0,01_0,3.02408913449658e-36
76,340,350,361,341,01_0,01_0,2.09222759047825e-34
76,340,350,361,342,01_0,01_0,4.11564301117411e-38
76,350,360,380,380,01_0,01_0,0.503487755177291
76,350,360,381,380,01_0,01_0,8.10389177014487e-09
76,350,360,360,380,01_0,01_0,1.03884693526396e-17
76,350,360,361,380,01_0,01_0,1.43366447029057e-19
76,350,360,380,381,01_0,01_0,8.17097601125303e-09
76,350,360,381,381,01_0,01_0,0.496512228547841
76,350,360,382,381,01_0,01_0,1.02100584749883e-17
76,350,360,360,381,01_0,01_0,1.46325487954179e-19
76,350,360,361,381,01_0,01_0,1.01204646187377e-17
76,350,360,381,382,01_0,01_0,1.41727225058464e-16
76,350,360,382,382,01_0,01_0,1.10027906928339e-17
76,350,360,361,382,01_0,01_0,2.50730504308751e-27
76,350,360,382,383,01_0,01_0,2.09978733980723e-34
76,350,360,380,360,01_0,01_0,1.45632884740634e-16
76,350,360,381,360,01_0,01_0,2.03445255939719e-18
76,350,360,360,360,01_0,01_0,1.13441875131334e-17
76,350,360,361,360,01_0,01_0,1.80378996990383e-25
76,350,360,380,361,01_0,01_0,2.04963810101904e-18
76,350,360,381,361,01_0,01_0,1.43499309346229e-16
76,350,360,382,361,01_0,01_0,2.56112915215365e-27
76,350,360,360,361,01_0,01_0,1.83953367042759e-25
76,350,360,361,361,01_0,01_0,1.10426064000817e-17
76,350,360,381,362,01_0,01_0,2.62418362967023e-20
76,350,360,382,362,01_0,01_0,2.34725569211133e-27
76,350,360,361,362,01_0,01_0,2.32665838705402e-27
76,350,360,382,363,01_0,01_0,4.18977598018124e-38
76,350,360,360,340,01_0,01_0,2.17374294983927e-34
76,350,360,361,340,01_0,01_0,2.99988181987305e-36
76,350,360,360,341,01_0,01_0,3.02527952278295e-36
76,350,360,361,341,01_0,01_0,2.09240610095926e-34
76,350,360,361,342,01_0,01_0,4.11601158243987e-38
76,360,370,380,380,01_0,01_0,0.503487755040531
76,360,370,381,380,01_0,01_0,8.10132264070846e-09
76,360,370,360,380,01_0,01_0,1.03884239611754e-17
76,360,370,361,380,01_0,01_0,1.4332163623479e-19
76,360,370,380,381,01_0,01_0,8.17356722952386e-09
76,360,370,381,381,01_0,01_0,0.496512228684578
76,360,370,382,381,01_0,01_0,1.0210058477716e-17
76,360,370,360,381,01_0,01_0,1.46371251861036e-19
76,360,370,361,381,01_0,01_0,1.01205098026299e-17
76,360,370,381,382,01_0,01_0,1.41756788895745e-16
76,360,370,382,382,01_0,01_0,1.10050858390255e-17
76,360,370,361,382,01_0,01_0,2.5078392545234e-27
76,360,370,382,383,01_0,01_0,2.10586670930431e-34
76,360,370,380,360,01_0,01_0,1.45661185746674e-16
76,360,370,381,360,01_0,01_0,2.03420282151585e-18
76,360,370,360,360,01_0,01_0,1.13463424682065e-17
76,360,370,361,360,01_0,01_0,1.80357659858361e-25
76,360,370,380,361,01_0,01_0,2.05063314578427e-18
76,360,370,381,361,01_0,01_0,1.43523459649217e-16
76,360,370,382,361,01_0,01_0,2.561560178911e-27
76,360,370,360,361,01_0,01_0,1.84041867400596e-25
76,360,370,361,361,01_0,01_0,1.1044514128347e-17
76,360,370,381,362,01_0,01_0,2.62418363165495e-20
76,360,370,382,362,01_0,01_0,2.34725569386728e-27
76,360,370,361,362,01_0,01_0,2.32666877578713e-27
76,360,370,382,363,01_0,01_0,4.20190634967658e-38
76,360,370,360,340,01_0,01_0,2.17953226616019e-34
76,360,370,361,340,01_0,01_0,3.00694438136171e-36
76,360,370,360,341,01_0,01_0,3.03361977602911e-36
76,360,370,361,341,01_0,01_0,2.09752791551598e-34
76,360,370,361,342,01_0,01_0,4.1260924003091e-38
76,370,380,380,380,01_0,01_0,0.503487754893449
76,370,380,381,380,01_0,01_0,8.09875432574929e-09
76,370,380,360,380,01_0,01_0,1.03883785838905e-17
76,370,380,361,380,01_0,01_0,1.43276839646605e-19
76,370,380,380,381,01_0,01_0,8.17615926953515e-09
76,370,380,381,381,01_0,01_0,0.496512228831636
76,370,380,382,381,01_0,01_0,1.0210058480656e-17
76,370,380,360,381,01_0,01_0,1.46417030280821e-19
76,370,380,361,381,01_0,01_0,1.01205550010575e-17
76,370,380,381,382,01_0,01_0,1.42547976786321e-16
76,370,380,382,382,01_0,01_0,1.10665085807897e-17
76,370,380,361,382,01_0,01_0,2.52184753240703e-27
76,370,380,382,383,01_0,01_0,2.26856308928803e-34
76,370,380,380,360,01_0,01_0,1.4640957931147e-16
76,370,380,381,360,01_0,01_0,2.04400616135488e-18
76,370,380,360,360,01_0,01_0,1.14045891029967e-17
76,370,380,361,360,01_0,01_0,1.81227658519874e-25
76,370,380,380,361,01_0,01_0,2.06096695019584e-18
76,370,380,381,361,01_0,01_0,1.44200991182368e-16
76,370,380,382,361,01_0,01_0,2.57365254204437e-27
76,370,380,360,361,01_0,01_0,1.84968506059245e-25
76,370,380,361,361,01_0,01_0,1.10967015467543e-17
76,370,380,381,362,01_0,01_0,2.62418366622465e-20
76,370,380,382,362,01_0,01_0,2.34725572476955e-27
76,370,380,361,362,01_0,01_0,2.32667919670436e-27
76,370,380,382,363,01_0,01_0,4.52653988374714e-38
76,370,380,360,340,01_0,01_0,2.33582380086804e-34
76,370,380,361,340,01_0,01_0,3.22157543120996e-36
76,370,380,360,341,01_0,01_0,3.23760570623646e-36
76,370,380,361,341,01_0,01_0,2.23787947063668e-34
76,370,380,361,342,01_0,01_0,4.40191298743268e-38
76,380,390,380,380,01_0,01_0,0.503487754736046
76,380,390,381,380,01_0,01_0,8.09618682500915e-09
76,380,390,360,380,01_0,01_0,1.03883332207803e-17
76,380,390,361,380,01_0,01_0,1.43232057259999e-19
76,380,390,380,381,01_0,01_0,8.1787521315475e-09
76,380,390,381,381,01_0,01_0,0.496512228989014
76,380,390,382,381,01_0,01_0,1.02100584838082e-17
76,380,390,360,381,01_0,01_0,1.46462823218135e-19
76,380,390,361,381,01_0,01_0,1.01206002140251e-17
76,380,390,381,382,01_0,01_0,1.63721786180921e-16
76,380,390,382,382,01_0,01_0,1.27103070311155e-17
76,380,390,361,382,01_0,01_0,2.89645097869249e-27
76,380,390,382,383,01_0,01_0,6.62265185376877e-34
76,380,390,380,360,01_0,01_0,1.66625040985854e-16
76,380,390,381,360,01_0,01_0,2.32549426891813e-18
76,380,390,360,360,01_0,01_0,1.29792178777847e-17
76,380,390,361,360,01_0,01_0,2.06186151425072e-25
76,380,390,380,361,01_0,01_0,2.32689625530052e-18
76,380,390,381,361,01_0,01_0,1.62755822913388e-16
76,380,390,382,361,01_0,01_0,2.90481316345717e-27
76,380,390,360,361,01_0,01_0,2.088343264046e-25
76,380,390,361,361,01_0,01_0,1.25246078055134e-17
76,380,390,381,362,01_0,01_0,2.62418458043058e-20
76,380,390,382,362,01_0,01_0,2.34725654248074e-27
76,380,390,361,362,01_0,01_0,2.32669040083128e-27
76,380,390,382,363,01_0,01_0,1.32143989707884e-37
76,380,390,360,340,01_0,01_0,6.561440309382e-34
76,380,390,361,340,01_0,01_0,9.0467698150221e-36
76,380,390,360,341,01_0,01_0,8.79536656980113e-36
76,380,390,361,341,01_0,01_0,6.07760978744654e-34
76,380,390,361,342,01_0,01_0,1.19487292307619e-37
76,390,400,380,380,01_0,01_0,0.503487754568321
76,390,400,381,380,01_0,01_0,8.09362013822991e-09
76,390,400,360,380,01_0,01_0,1.03882878718403e-17
76,390,400,361,380,01_0,01_0,1.4318728907047e-19
76,390,400,380,381,01_0,01_0,8.18134581582157e-09
76,390,400,381,381,01_0,01_0,0.49651222915671
76,390,400,382,381,01_0,01_0,1.02100584871725e-17
76,390,400,360,381,01_0,01_0,1.46508630677582e-19
76,390,400,361,381,01_0,01_0,1.01206454415373e-17
76,390,400,381,382,01_0,01_0,7.3037634696285e-16
76,390,400,382,382,01_0,01_0,5.67017245208123e-17
76,390,400,361,382,01_0,01_0,1.29213636588676e-26
76,390,400,382,383,01_0,01_0,1.23146996395655e-32
76,390,400,380,360,01_0,01_0,7.13115679202993e-16
76,390,400,381,360,01_0,01_0,9.94940904400256e-18
76,390,400,360,360,01_0,01_0,5.55477334994651e-17
76,390,400,361,360,01_0,01_0,8.82152045701028e-25
76,390,400,380,361,01_0,01_0,9.58844192550013e-18
76,390,400,381,361,01_0,01_0,6.70455338572177e-16
76,390,400,382,361,01_0,01_0,1.19660695274476e-26
76,390,400,360,361,01_0,01_0,8.6053989974172e-25
76,390,400,361,361,01_0,01_0,5.15940231164654e-17
76,390,400,381,362,01_0,01_0,2.62420928035351e-20
76,390,400,382,362,01_0,01_0,2.34727863582181e-27
76,390,400,361,362,01_0,01_0,2.32672269757258e-27
76,390,400,382,363,01_0,01_0,2.45719324880466e-36
76,390,400,360,340,01_0,01_0,1.2081492952474e-32
76,390,400,361,340,01_0,01_0,1.66525633976514e-34
76,390,400,360,341,01_0,01_0,1.60857822130051e-34
76,390,400,361,341,01_0,01_0,1.11118708621255e-32
76,390,400,361,342,01_0,01_0,2.18439723857855e-36
76,400,410,380,380,01_0,01_0,0.503487754390259
76,400,410,381,380,01_0,01_0,8.09105426515329e-09
76,400,410,360,380,01_0,01_0,1.03882425370656e-17
76,400,410,361,380,01_0,01_0,1.43142535073512e-19
76,400,410,380,381,01_0,01_0,8.18394032261762e-09
76,400,410,381,381,01_0,01_0,0.496512229334696
76,400,410,382,381,01_0,01_0,1.02100584907484e-17
76,400,410,360,381,01_0,01_0,1.46554452663758e-19
76,400,410,361,381,01_0,01_0,1.01206906835979e-17
76,400,410,381,382,01_0,01_0,1.58952144689497e-14
76,400,410,382,382,01_0,01_0,1.2340022726065e-15
76,400,410,361,382,01_0,01_0,2.81209496322607e-25
76,400,410,382,383,01_0,01_0,3.24157742060781e-31
76,400,410,380,360,01_0,01_0,1.54869960005763e-14
76,400,410,381,360,01_0,01_0,2.16006481823813e-16
76,400,410,360,360,01_0,01_0,1.20634533457712e-15
76,400,410,361,360,01_0,01_0,1.91520331235526e-23
76,400,410,380,361,01_0,01_0,2.08319259747618e-16
76,400,410,381,361,01_0,01_0,1.45617486750201e-14
76,400,410,382,361,01_0,01_0,2.59893369566053e-25
76,400,410,360,361,01_0,01_0,1.86960774260777e-23
76,400,410,361,361,01_0,01_0,1.12058553758297e-15
76,400,410,381,362,01_0,01_0,2.62487727121625e-20
76,400,410,382,362,01_0,01_0,2.34787613413949e-27
76,400,410,361,362,01_0,01_0,2.32732536631e-27
76,400,410,382,363,01_0,01_0,6.46802795563446e-35
76,400,410,360,340,01_0,01_0,3.21004750414984e-31
76,400,410,361,340,01_0,01_0,4.42321533994722e-33
76,400,410,360,341,01_0,01_0,4.32199324191867e-33
76,400,410,361,341,01_0,01_0,2.98466242021429e-31
76,400,410,361,342,01_0,01_0,5.86830988075591e-35
76,410,420,380,380,01_0,01_0,0.503487754201455
76,410,420,381,380,01_0,01_0,8.08848920551482e-09
76,410,420,360,380,01_0,01_0,1.03881972164433e-17
76,410,420,361,380,01_0,01_0,1.43097795264512e-19
76,410,420,380,381,01_0,01_0,8.18653565218348e-09
76,410,420,381,381,01_0,01_0,0.496512229522181
76,410,420,382,381,01_0,01_0,1.02100584945196e-17
76,410,420,360,381,01_0,01_0,1.46600289181038e-19
76,410,420,361,381,01_0,01_0,1.01207359401955e-17
76,410,420,381,382,01_0,01_0,4.21737382168454e-13
76,410,420,382,382,01_0,01_0,3.27409793086664e-14
76,410,420,361,382,01_0,01_0,7.46118193837552e-24
76,410,420,382,383,01_0,01_0,8.66971707470449e-30
76,410,420,380,360,01_0,01_0,4.14885928406163e-13
76,410,420,381,360,01_0,01_0,5.78482997587273e-15
76,410,420,360,360,01_0,01_0,3.23170175015731e-14
76,410,420,361,360,01_0,01_0,5.12909380121212e-22
76,410,420,380,361,01_0,01_0,5.64754373387001e-15
76,410,420,381,361,01_0,01_0,3.94644456523804e-13
76,410,420,382,361,01_0,01_0,7.04348631985632e-24
76,410,420,360,361,01_0,01_0,5.06849219994035e-22
76,410,420,361,361,01_0,01_0,3.0369625084114e-14
76,410,420,381,362,01_0,01_0,2.64294539929509e-20
76,410,420,382,362,01_0,01_0,2.3640375475202e-27
76,410,420,361,362,01_0,01_0,2.34335579801054e-27
76,410,420,382,363,01_0,01_0,1.72989767420441e-33
76,410,420,360,340,01_0,01_0,8.67381545169123e-30
76,410,420,361,340,01_0,01_0,1.19482123972732e-31
76,410,420,360,341,01_0,01_0,1.18190884992466e-31
76,410,420,361,341,01_0,01_0,8.15945687576094e-30
76,410,420,361,342,01_0,01_0,1.60456324400629e-33
76,420,430,380,380,01_0,01_0,0.503487753990979
76,420,430,381,380,01_0,01_0,8.08592495888107e-09
76,420,430,360,380,01_0,01_0,1.03881519097433e-17
76,420,430,361,380,01_0,01_0,1.43053069635865e-19
76,420,430,380,381,01_0,01_0,8.1891318044274e-09
76,420,430,381,381,01_0,01_0,0.496512229697784
76,420,430,382,381,01_0,01_0,1.02100584980464e-17
76,420,430,360,381,01_0,01_0,1.46646140227714e-19
76,420,430,361,381,01_0,01_0,1.01207812108987e-17
76,420,430,381,382,01_0,01_0,1.12829060777246e-11
76,420,430,382,382,01_0,01_0,8.75932298270416e-13
76,420,430,361,382,01_0,01_0,1.9961282809815e-22
76,420,430,382,383,01_0,01_0,2.32013999614998e-28
76,420,430,380,360,01_0,01_0,1.12122871597873e-11
76,420,430,381,360,01_0,01_0,1.56285397713171e-13
76,420,430,360,360,01_0,01_0,8.73363195491298e-13
76,420,430,361,360,01_0,01_0,1.38570373426674e-20
76,420,430,380,361,01_0,01_0,1.54518523557634e-13
76,420,430,381,361,01_0,01_0,1.07941699178479e-11
76,420,430,382,361,01_0,01_0,1.92650845319435e-22
76,420,430,360,361,01_0,01_0,1.3867489176118e-20
76,420,430,361,361,01_0,01_0,8.30662522433447e-13
76,420,430,381,362,01_0,01_0,3.13172102679925e-20
76,420,430,382,362,01_0,01_0,2.80123308549072e-27
76,420,430,361,362,01_0,01_0,2.7767389564327e-27
76,420,430,382,363,01_0,01_0,4.62945301280814e-32
76,420,430,360,340,01_0,01_0,2.34521452681019e-28
76,420,430,361,340,01_0,01_0,3.22954592818532e-30
76,420,430,360,341,01_0,01_0,3.23420466542583e-30
76,420,430,361,341,01_0,01_0,2.23208587414676e-28
76,420,430,361,342,01_0,01_0,4.39019145355465e-32
76,430,440,380,380,01_0,01_0,0.503487753463262
76,430,440,381,380,01_0,01_0,8.08336152024916e-09
76,430,440,360,380,01_0,01_0,1.03881066108628e-17
76,430,440,361,380,01_0,01_0,1.43008358099127e-19
76,430,440,380,381,01_0,01_0,8.19172877006584e-09
76,430,440,381,381,01_0,01_0,0.496512229283017
76,430,440,382,381,01_0,01_0,1.02100584894331e-17
76,430,440,360,381,01_0,01_0,1.46692005637479e-19
76,430,440,361,381,01_0,01_0,1.01208264839203e-17
76,430,440,381,382,01_0,01_0,3.0195005410255e-10
76,430,440,382,382,01_0,01_0,2.34414611828516e-11
76,430,440,361,382,01_0,01_0,5.34200794520658e-21
76,430,440,382,383,01_0,01_0,6.20916502750983e-27
76,430,440,380,360,01_0,01_0,3.03110597393727e-10
76,430,440,381,360,01_0,01_0,4.22364693459351e-12
76,430,440,360,360,01_0,01_0,2.36102128015015e-11
76,430,440,361,360,01_0,01_0,3.74491129744115e-19
76,430,440,380,361,01_0,01_0,4.22910143076092e-12
76,430,440,381,361,01_0,01_0,2.95337842825485e-10
76,430,440,382,361,01_0,01_0,5.27109407279206e-21
76,430,440,360,361,01_0,01_0,3.79545191664123e-19
76,430,440,361,361,01_0,01_0,2.27277481246043e-11
76,430,440,381,362,01_0,01_0,1.63556086057724e-19
76,430,440,382,362,01_0,01_0,1.46296146966431e-26
76,430,440,361,362,01_0,01_0,1.45017574605055e-26
76,430,440,382,363,01_0,01_0,1.23893548627788e-30
76,430,440,360,340,01_0,01_0,6.34111974413975e-27
76,430,440,361,340,01_0,01_0,8.72953231122128e-29
76,430,440,360,341,01_0,01_0,8.85038742303053e-29
76,430,440,361,341,01_0,01_0,6.10621110773584e-27
76,430,440,361,342,01_0,01_0,1.20121410015975e-30
