414,0,209,66_1,0.00108031048166015
414,0,210,66_1,6.39278091406569e-10
414,0,211,66_1,3.07731998584134e-05
414,0,188,66_1,0.00790655476899053
414,0,189,66_1,3.98569669813294e-08
414,0,190,66_1,0.170085421780172
414,0,191,66_1,5.89452122425885e-09
414,0,192,66_1,9.4809421266053e-05
414,0,167,66_1,1.16064493722672e-05
414,0,168,66_1,2.12272576005819e-08
414,0,169,66_1,0.480942716178743
414,0,170,66_1,7.51020184862884e-08
414,0,171,66_1,0.118594082374283
414,0,172,66_1,2.00086886468471e-10
414,0,147,66_1,2.64596505537984e-12
414,0,148,66_1,0.0426800773879366
414,0,149,66_1,1.20205606197296e-07
414,0,150,66_1,0.145721773244392
414,0,151,66_1,1.43021209077351e-08
414,0,152,66_1,0.000355646366202706
414,0,128,66_1,1.24090939416693e-09
414,0,129,66_1,0.0309705178684673
414,0,130,66_1,1.41981736174324e-08
414,0,131,66_1,0.00147226407936824
414,0,132,66_1,3.323446954505e-12
414,0,109,66_1,7.56282066492928e-11
414,0,110,66_1,5.31534503233968e-05
414,0,111,66_1,4.26493031887213e-13
414,10,209,66_1,2.44093174360102e-14
414,10,210,66_1,3.85210045557703e-10
414,10,211,66_1,1.41500327298945e-06
414,10,188,66_1,0.00163540985080554
414,10,189,66_1,5.73070012762408e-08
414,10,190,66_1,0.377785504468226
414,10,191,66_1,6.1661768793158e-10
414,10,192,66_1,4.2953491858885e-05
414,10,167,66_1,1.30301862089082e-06
414,10,168,66_1,6.35625883227134e-09
414,10,169,66_1,0.511805309621813
414,10,170,66_1,1.84950325858292e-08
414,10,171,66_1,0.0254228070311091
414,10,172,66_1,2.70415663003131e-11
414,10,147,66_1,1.42464730993767e-12
414,10,148,66_1,0.0561511819918607
414,10,149,66_1,1.02854757126366e-07
414,10,150,66_1,0.0239768906909788
414,10,151,66_1,5.97720462383851e-09
414,10,152,66_1,4.80899537027422e-05
414,10,128,66_1,6.69815764620215e-11
414,10,129,66_1,0.00281768167853939
414,10,130,66_1,2.50015830128093e-09
414,10,131,66_1,0.000309532803375887
414,10,132,66_1,9.51328218324025e-13
414,10,109,66_1,7.54320111714384e-12
414,10,110,66_1,1.72579944995291e-06
414,10,111,66_1,1.78756129874539e-13
414,20,209,66_1,3.63829441241401e-14
414,20,210,66_1,2.78744607683982e-10
414,20,211,66_1,2.02398593407698e-06
414,20,188,66_1,0.00195385813041613
414,20,189,66_1,4.39504188127552e-08
414,20,190,66_1,0.429478437059629
414,20,191,66_1,2.45165354804759e-10
414,20,192,66_1,3.288565667845e-05
414,20,167,66_1,1.42717729910427e-06
414,20,168,66_1,4.64585899678474e-09
414,20,169,66_1,0.488115854397724
414,20,170,66_1,1.02353061000029e-08
414,20,171,66_1,0.0172295156868766
414,20,172,66_1,8.47253105718058e-12
414,20,147,66_1,9.46759877086303e-13
414,20,148,66_1,0.0474881130743401
414,20,149,66_1,6.61856505873953e-08
414,20,150,66_1,0.0142053647883257
414,20,151,66_1,2.52705013558121e-09
414,20,152,66_1,9.34867243349572e-06
414,20,128,66_1,4.54974602107114e-11
414,20,129,66_1,0.00142945917783046
414,20,130,66_1,1.24886813899478e-09
414,20,131,66_1,5.3344860625243e-05
414,20,132,66_1,3.28949073126794e-13
414,20,109,66_1,4.09853784817713e-12
414,20,110,66_1,2.37955394850889e-07
414,20,111,66_1,4.82300906843687e-14
414,30,209,66_1,3.8769915068152e-14
414,30,210,66_1,2.02981316222954e-10
414,30,211,66_1,2.2465642480813e-06
414,30,188,66_1,0.00194037006801563
414,30,189,66_1,3.10728063821285e-08
414,30,190,66_1,0.448257651133249
414,30,191,66_1,1.49704429692526e-10
414,30,192,66_1,3.42894324645888e-05
414,30,167,66_1,1.31235319183144e-06
414,30,168,66_1,3.16349522142178e-09
414,30,169,66_1,0.475615889631126
414,30,170,66_1,6.45342898915092e-09
414,30,171,66_1,0.016949060954497
414,30,172,66_1,3.8153853437109e-12
414,30,147,66_1,6.19773731581806e-13
414,30,148,66_1,0.0428650208203631
414,30,149,66_1,4.22092262184617e-08
414,30,150,66_1,0.0130789897569995
414,30,151,66_1,1.35389536065884e-09
414,30,152,66_1,5.35966917012346e-06
414,30,128,66_1,2.91847910655637e-11
414,30,129,66_1,0.00122247185098015
414,30,130,66_1,7.35435147699073e-10
414,30,131,66_1,2.71412965898335e-05
414,30,132,66_1,1.42282561113542e-13
414,30,109,66_1,2.55972751789288e-12
414,30,110,66_1,1.11091747835054e-07
414,30,111,66_1,2.18523066819202e-14
414,40,209,66_1,3.95143017385677e-14
414,40,210,66_1,1.41751602367812e-10
414,40,211,66_1,2.34002009996716e-06
414,40,188,66_1,0.00192012163388928
414,40,189,66_1,2.11714118068688e-08
414,40,190,66_1,0.456143478517979
414,40,191,66_1,9.85288031628344e-11
414,40,192,66_1,3.55157586082619e-05
414,40,167,66_1,1.24996169856552e-06
414,40,168,66_1,2.09746383448763e-09
414,40,169,66_1,0.469943882956274
414,40,170,66_1,4.18297154995256e-09
414,40,171,66_1,0.0171574337690206
414,40,172,66_1,2.15459695386607e-12
414,40,147,66_1,3.99044661957247e-13
414,40,148,66_1,0.0407530325358701
414,40,149,66_1,2.71005806356057e-08
414,40,150,66_1,0.0128569766484788
414,40,151,66_1,8.15937558848949e-10
414,40,152,66_1,5.05693215309231e-06
414,40,128,66_1,1.86230840419265e-11
414,40,129,66_1,0.00115621062033315
414,40,130,66_1,4.57131317649653e-10
414,40,131,66_1,2.45485072776851e-05
414,40,132,66_1,7.73678572089637e-14
414,40,109,66_1,1.61946598752342e-12
414,40,110,66_1,9.60496144730128e-08
414,40,111,66_1,1.22152559306649e-14
414,50,209,66_1,3.98134714387805e-14
414,50,210,66_1,9.61667809936275e-11
414,50,211,66_1,2.38078641393825e-06
414,50,188,66_1,0.0019099165958867
414,50,189,66_1,1.4150306222619e-08
414,50,190,66_1,0.459586557381573
414,50,191,66_1,6.53170501286557e-11
414,50,192,66_1,3.6117716305564e-05
414,50,167,66_1,1.22142566821265e-06
414,50,168,66_1,1.37873554334199e-09
414,50,169,66_1,0.467427028473535
414,50,170,66_1,2.7288705682089e-09
414,50,171,66_1,0.0172815300256045
414,50,172,66_1,1.33406579390599e-12
414,50,147,66_1,2.57469442247702e-13
414,50,148,66_1,0.0398127509005999
414,50,149,66_1,1.75155838229416e-08
414,50,150,66_1,0.0127840890185543
414,50,151,66_1,5.15018633379172e-10
414,50,152,66_1,5.06655833076032e-06
414,50,128,66_1,1.1964433352547e-11
414,50,129,66_1,0.00112895977759968
414,50,130,66_1,2.91151599232743e-10
414,50,131,66_1,2.4251599313366e-05
414,50,132,66_1,4.68733323342357e-14
414,50,109,66_1,1.03667667198681e-12
414,50,110,66_1,9.29847770589149e-08
414,50,111,66_1,7.46941344318757e-15
414,60,209,66_1,3.99427764098071e-14
414,60,210,66_1,6.41581906970207e-11
414,60,211,66_1,2.39873466220144e-06
414,60,188,66_1,0.00190529475122866
414,60,189,66_1,9.36082280818997e-09
414,60,190,66_1,0.461103185883734
414,60,191,66_1,4.31294566414469e-11
414,60,192,66_1,3.63892975977474e-05
414,60,167,66_1,1.20873165410112e-06
414,60,168,66_1,9.03386029880968e-10
414,60,169,66_1,0.466314736026538
414,60,170,66_1,1.78277617269396e-09
414,60,171,66_1,0.0173393756829464
414,60,172,66_1,8.53325856848249e-13
414,60,147,66_1,1.66862198231334e-13
414,60,148,66_1,0.0393966633361121
414,60,149,66_1,1.13721509538325e-08
414,60,150,66_1,0.0127542463775529
414,60,151,66_1,3.31134038817368e-10
414,60,152,66_1,5.08444091517403e-06
414,60,128,66_1,7.73694883524048e-12
414,60,129,66_1,0.00111710097039348
414,60,130,66_1,1.87685056364319e-10
414,60,131,66_1,2.41997550619962e-05
414,60,132,66_1,2.96412104467204e-14
414,60,109,66_1,6.69255112300049e-13
414,60,110,66_1,9.19568598180987e-08
414,60,111,66_1,4.73630677225419e-15
414,70,209,66_1,3.99995230003991e-14
414,70,210,66_1,4.24067281846859e-11
414,70,211,66_1,2.40664230351755e-06
414,70,188,66_1,0.00190324633927197
414,70,189,66_1,6.15824512811806e-09
414,70,190,66_1,0.461771510297782
414,70,191,66_1,2.83625138516626e-11
414,70,192,66_1,3.65095746342066e-05
414,70,167,66_1,1.20312559020161e-06
414,70,168,66_1,5.9114858492328e-10
414,70,169,66_1,0.465824270768119
414,70,170,66_1,1.16502671918471e-09
414,70,171,66_1,0.0173651666674837
414,70,172,66_1,5.52407429365878e-13
414,70,147,66_1,1.08516040639474e-13
414,70,148,66_1,0.0392131054151922
414,70,149,66_1,7.40456887015329e-09
414,70,150,66_1,0.0127413081793352
414,70,151,66_1,2.14658110804604e-10
414,70,152,66_1,5.09360766335767e-06
414,70,128,66_1,5.0258748341122e-12
414,70,129,66_1,0.00111188781862206
414,70,130,66_1,1.21766688652298e-10
414,70,131,66_1,2.4184297942878e-05
414,70,132,66_1,1.90768374155719e-14
414,70,109,66_1,4.34403751769401e-13
414,70,110,66_1,9.15336925069377e-08
414,70,111,66_1,3.05069451826707e-15
414,80,209,66_1,4.00243049114879e-14
414,80,210,66_1,2.78873231435753e-11
414,80,211,66_1,2.41009845785274e-06
414,80,188,66_1,0.001902349920411
414,80,189,66_1,4.03945393492268e-09
414,80,190,66_1,0.46206363149669
414,80,191,66_1,1.86014749498822e-11
414,80,192,66_1,3.65622017732293e-05
414,80,167,66_1,1.20067398818266e-06
414,80,168,66_1,3.86639961406492e-10
414,80,169,66_1,0.465609865799629
414,80,170,66_1,7.61427116479014e-10
414,80,171,66_1,0.0173764677356524
414,80,172,66_1,3.59422751047199e-13
414,80,147,66_1,7.07381063138641e-14
414,80,148,66_1,0.0391328514554695
414,80,149,66_1,4.82997606190902e-09
414,80,150,66_1,0.0127356727661452
414,80,151,66_1,1.39735180496365e-10
414,80,152,66_1,5.09773403334236e-06
414,80,128,66_1,3.2744015962458e-12
414,80,129,66_1,0.00110961025238072
414,80,130,66_1,7.92933385717218e-11
414,80,131,66_1,2.41782268388404e-05
414,80,132,66_1,1.23789162809019e-14
414,80,109,66_1,2.82933706570442e-13
414,80,110,66_1,9.13514736954253e-08
414,80,111,66_1,1.98013406250187e-15
414,90,209,66_1,4.0034650568242e-14
414,90,210,66_1,1.82894753657052e-11
414,90,211,66_1,2.41154152621902e-06
414,90,188,66_1,0.00190197553547374
414,90,189,66_1,2.64574758886852e-09
414,90,190,66_1,0.462185605538587
414,90,191,66_1,1.21811460025747e-11
414,90,192,66_1,3.65841806543161e-05
414,90,167,66_1,1.19965021930751e-06
414,90,168,66_1,2.52872225506619e-10
414,90,169,66_1,0.465520340918273
414,90,170,66_1,4.97744953463136e-10
414,90,171,66_1,0.0173811889281053
414,90,172,66_1,2.34465179007067e-13
414,90,147,66_1,4.61894358363139e-14
414,90,148,66_1,0.0390993396280737
414,90,149,66_1,3.15462448045405e-09
414,90,150,66_1,0.0127333215041811
414,90,151,66_1,9.11911935064398e-11
414,90,152,66_1,5.09946756020702e-06
414,90,128,66_1,2.13765282258125e-12
414,90,129,66_1,0.0011086593522131
414,90,130,66_1,5.17601192953039e-11
414,90,131,66_1,2.41757524385514e-05
414,90,132,66_1,8.06939935558692e-15
414,90,109,66_1,1.84713399680304e-13
414,90,110,66_1,9.12756307060339e-08
414,90,111,66_1,1.29097824183128e-15
414,100,209,66_1,4.00378596349718e-14
414,100,210,66_1,1.19785870540659e-11
414,100,211,66_1,2.4119891563314e-06
414,100,188,66_1,0.00190185940070934
414,100,189,66_1,1.73186331394707e-09
414,100,190,66_1,0.462223441584041
414,100,191,66_1,7.97077470368661e-12
414,100,192,66_1,3.65909986802237e-05
414,100,167,66_1,1.19933264832073e-06
414,100,168,66_1,1.65435536024686e-10
414,100,169,66_1,0.465492571390102
414,100,170,66_1,3.25490169198385e-10
414,100,171,66_1,0.0173826535876924
414,100,172,66_1,1.53209466953916e-13
414,100,147,66_1,3.02033310762596e-14
414,100,148,66_1,0.0390889443921685
414,100,149,66_1,2.06269738494162e-09
414,100,150,66_1,0.0127325922823343
414,100,151,66_1,5.96233052157648e-11
414,100,152,66_1,5.10000595080773e-06
414,100,128,66_1,1.39789781718068e-12
414,100,129,66_1,0.00110836439506535
414,100,130,66_1,3.38527878859036e-11
414,100,131,66_1,2.41749886704617e-05
414,100,132,66_1,5.27703365516988e-15
414,100,109,66_1,1.20825487721075e-13
414,100,110,66_1,9.12521197878321e-08
414,100,111,66_1,8.44376275961503e-16
414,110,209,66_1,4.00361951924189e-14
414,110,210,66_1,7.84073934336533e-12
414,110,211,66_1,2.41175697807481e-06
414,110,188,66_1,0.00190191964723012
414,110,189,66_1,1.13361148119129e-09
414,110,190,66_1,0.462203817106832
414,110,191,66_1,5.21422145871087e-12
414,110,192,66_1,3.65874622010385e-05
414,110,167,66_1,1.19949738485601e-06
414,110,168,66_1,1.0830328137841e-10
414,110,169,66_1,0.465506976774428
414,110,170,66_1,2.12966863908207e-10
414,110,171,66_1,0.0173818938752143
414,110,172,66_1,1.00258985234063e-13
414,110,147,66_1,1.97810786383691e-14
414,110,148,66_1,0.0390943367018397
414,110,149,66_1,1.35039882581997e-09
414,110,150,66_1,0.0127329705294517
414,110,151,66_1,3.90551133366167e-11
414,110,152,66_1,5.09972650963129e-06
414,110,128,66_1,9.15784613820986e-13
414,110,129,66_1,0.00110851739309803
414,110,130,66_1,2.2185153285409e-11
414,110,131,66_1,2.41753837856999e-05
414,110,132,66_1,3.46120141328194e-15
414,110,109,66_1,7.91982233606404e-14
414,110,110,66_1,9.12643111192472e-08
414,110,111,66_1,5.53955167051833e-16
414,120,209,66_1,4.00284836985517e-14
414,120,210,66_1,5.13138119578623e-12
414,120,211,66_1,2.41068129333588e-06
414,120,188,66_1,0.00190219875251015
414,120,189,66_1,7.42293803510004e-10
414,120,190,66_1,0.462112895045765
414,120,191,66_1,3.41085822892556e-12
414,120,192,66_1,3.65710777072188e-05
414,120,167,66_1,1.20026058697623e-06
414,120,168,66_1,7.09789096733404e-11
414,120,169,66_1,0.465573713392264
414,120,170,66_1,1.39459644722379e-10
414,120,171,66_1,0.0173783740737881
414,120,172,66_1,6.57112153256759e-14
414,120,147,66_1,1.29827362857656e-14
414,120,148,66_1,0.0391193187459457
414,120,149,66_1,8.85534499975208e-10
414,120,150,66_1,0.0127347228893738
414,120,151,66_1,2.5639761504688e-11
414,120,152,66_1,5.09843200266186e-06
414,120,128,66_1,6.01362516989751e-13
414,120,129,66_1,0.00110922622499244
414,120,130,66_1,1.45759566937717e-11
414,120,131,66_1,2.41772151736752e-05
414,120,132,66_1,2.27813433040264e-15
414,120,109,66_1,5.20517342214914e-14
414,120,110,66_1,9.13207961718832e-08
414,120,111,66_1,3.64751929541097e-16
414,130,209,66_1,4.00092880291644e-14
414,130,210,66_1,3.35790001368087e-12
414,130,211,66_1,2.40800371433873e-06
414,130,188,66_1,0.00190289349583775
414,130,189,66_1,4.86375043947989e-10
414,130,190,66_1,0.461886569347172
414,130,191,66_1,2.2311197145369e-12
414,130,192,66_1,3.65302936931427e-05
414,130,167,66_1,1.20216040046495e-06
414,130,168,66_1,4.65964447403429e-11
414,130,169,66_1,0.46573983316209
414,130,170,66_1,9.14317969538099e-11
414,130,171,66_1,0.0173696125031911
414,130,172,66_1,4.31487305550901e-14
414,130,147,66_1,8.54835791522674e-15
414,130,148,66_1,0.0391815057963569
414,130,149,66_1,5.82100783962894e-10
414,130,150,66_1,0.012739084851601
414,130,151,66_1,1.68845729222906e-11
414,130,152,66_1,5.09520976483856e-06
414,130,128,66_1,3.96280797012832e-13
414,130,129,66_1,0.00111099070146693
414,130,130,66_1,9.61154497450504e-12
414,130,131,66_1,2.41817741937766e-05
414,130,132,66_1,1.5064877149458e-15
414,130,109,66_1,3.43432772615197e-14
414,130,110,66_1,9.14614041420794e-08
414,130,111,66_1,2.41371126574996e-16
414,140,209,66_1,3.99650744806563e-14
414,140,210,66_1,2.19608043619621e-12
414,140,211,66_1,2.40183675935887e-06
414,140,188,66_1,0.00190449364183225
414,140,189,66_1,3.18922305117045e-10
414,140,190,66_1,0.461365273182563
414,140,191,66_1,1.45869614359731e-12
414,140,192,66_1,3.64363608695989e-05
414,140,167,66_1,1.20653655995193e-06
414,140,168,66_1,3.06677104741101e-11
414,140,169,66_1,0.466122445079145
414,140,170,66_1,6.00376010981432e-11
414,140,171,66_1,0.0173494321067126
414,140,172,66_1,2.8395245552294e-14
414,140,147,66_1,5.65793092593454e-15
414,140,148,66_1,0.0393247519292253
414,140,149,66_1,3.84052289946705e-10
414,140,150,66_1,0.0127491315288707
414,140,151,66_1,1.11682716859548e-11
414,140,152,66_1,5.08778848698306e-06
414,140,128,66_1,2.62584428859231e-13
414,140,129,66_1,0.00111505513176225
414,140,130,66_1,6.37257731087366e-12
414,140,131,66_1,2.41922766777644e-05
414,140,132,66_1,1.00273609234964e-15
414,140,109,66_1,2.27935355359417e-14
414,140,110,66_1,9.17852984997807e-08
414,140,111,66_1,1.6086318190819e-16
414,150,209,66_1,3.98646747150715e-14
414,150,210,66_1,1.43303241950914e-12
414,150,211,66_1,2.3878354135416e-06
414,150,188,66_1,0.00190812679504261
414,150,189,66_1,2.09186346606351e-10
414,150,190,66_1,0.460181531677676
414,150,191,66_1,9.51765844846928e-13
414,150,192,66_1,3.62230991357272e-05
414,150,167,66_1,1.21647624801751e-06
414,150,168,66_1,2.02598709147156e-11
414,150,169,66_1,0.466991183026417
414,150,170,66_1,3.94951575416845e-11
414,150,171,66_1,0.0173036081615435
414,150,172,66_1,1.87245147429996e-14
414,150,147,66_1,3.77732083939087e-15
414,150,148,66_1,0.0396501123885695
414,150,149,66_1,2.54832183369739e-10
414,150,150,66_1,0.0127719435222793
414,150,151,66_1,7.43368030953331e-12
414,150,152,66_1,5.07094011980507e-06
414,150,128,66_1,1.75551218442206e-13
414,150,129,66_1,0.00112428688124053
414,150,130,66_1,4.25987341248615e-12
414,150,131,66_1,2.42161371812059e-05
414,150,132,66_1,6.73337949539156e-16
414,150,109,66_1,1.52657013412142e-14
414,150,110,66_1,9.25210267815699e-08
414,150,111,66_1,1.08275463556723e-16
414,160,209,66_1,3.96373419520154e-14
414,160,210,66_1,9.28999397071359e-13
414,160,211,66_1,2.35615149382277e-06
414,160,188,66_1,0.00191634994007627
414,160,189,66_1,1.37025186177082e-10
414,160,190,66_1,0.457501313709545
414,160,191,66_1,6.1728998671739e-13
414,160,192,66_1,3.57405169507285e-05
414,160,167,66_1,1.23900016047754e-06
414,160,168,66_1,1.34568072144118e-11
414,160,169,66_1,0.468957542557535
414,160,170,66_1,2.60222859810439e-11
414,160,171,66_1,0.0171998611892841
414,160,172,66_1,1.23499973301967e-14
414,160,147,66_1,2.55866695354648e-15
414,160,148,66_1,0.0403874104741927
414,160,149,66_1,1.705797260015e-10
414,160,150,66_1,0.0128235815754179
414,160,151,66_1,4.98953263212597e-12
414,160,152,66_1,5.0328177800531e-06
414,160,128,66_1,1.19067952045833e-13
414,160,129,66_1,0.00114520728064326
414,160,130,66_1,2.88207302890569e-12
414,160,131,66_1,2.4270241604303e-05
414,160,132,66_1,4.56933769833394e-16
414,160,109,66_1,1.03648753650948e-14
414,160,110,66_1,9.4188629655609e-08
414,160,111,66_1,7.38060130871615e-17
414,170,209,66_1,3.91231148701225e-14
414,170,210,66_1,5.92104098556115e-13
414,170,211,66_1,2.28462501914115e-06
414,170,188,66_1,0.00193492601425248
414,170,189,66_1,8.9235737728403e-11
414,170,190,66_1,0.451439367759879
414,170,191,66_1,3.9408125041131e-13
414,170,192,66_1,3.46511692146882e-05
414,170,167,66_1,1.29008322318945e-06
414,170,168,66_1,9.00693761236659e-12
414,170,169,66_1,0.473400191159154
414,170,170,66_1,1.71404641533388e-11
414,170,171,66_1,0.0169652633761696
414,170,172,66_1,8.09258273438557e-15
414,170,147,66_1,1.77573492382457e-15
414,170,148,66_1,0.0420596541022454
414,170,149,66_1,1.15704860932954e-10
414,170,150,66_1,0.0129402749010634
414,170,151,66_1,3.38137872369046e-12
414,170,152,66_1,4.94677054728775e-06
414,170,128,66_1,8.26261490548425e-14
414,170,129,66_1,0.00119265871777274
414,170,130,66_1,1.98245009884183e-12
414,170,131,66_1,2.43931106317631e-05
414,170,132,66_1,3.12737698387626e-16
414,170,109,66_1,7.17710901391759e-15
414,170,110,66_1,9.79732487045671e-08
414,170,111,66_1,5.09459964668515e-17
414,180,209,66_1,3.79619125690842e-14
414,180,210,66_1,3.61861820826538e-13
414,180,211,66_1,2.12417740032881e-06
414,180,188,66_1,0.00197669046523274
414,180,189,66_1,5.71550362098267e-11
414,180,190,66_1,0.437755554871489
414,180,191,66_1,2.41746754802336e-13
414,180,192,66_1,3.22080870832226e-05
414,180,167,66_1,1.40645054592467e-06
414,180,168,66_1,6.09335940772629e-12
414,180,169,66_1,0.483393066818552
414,180,170,66_1,1.1219051505496e-11
414,180,171,66_1,0.0164360367241956
414,180,172,66_1,5.16361224971702e-15
414,180,147,66_1,1.28214212736018e-15
414,180,148,66_1,0.0458696730144395
414,180,149,66_1,7.99899539534562e-11
414,180,150,66_1,0.0132029183385522
414,180,151,66_1,2.30654534231112e-12
414,180,152,66_1,4.75367278002866e-06
414,180,128,66_1,5.93638838681438e-14
414,180,129,66_1,0.00130078747467898
414,180,130,66_1,1.39057692506128e-12
414,180,131,66_1,2.46731368813082e-05
414,180,132,66_1,2.12837341765895e-16
414,180,109,66_1,5.09702235335563e-15
414,180,110,66_1,1.06609300732269e-07
414,180,111,66_1,3.52397718845558e-17
414,190,209,66_1,3.5354098690542e-14
414,190,210,66_1,1.98917924707595e-13
414,190,211,66_1,1.77187416365876e-06
414,190,188,66_1,0.00206913382408833
414,190,189,66_1,3.51105514772019e-11
414,190,190,66_1,0.407058221449304
414,190,191,66_1,1.33781243657027e-13
414,190,192,66_1,2.68469274941904e-05
414,190,167,66_1,1.67549142310842e-06
414,190,168,66_1,4.18455316862089e-12
414,190,169,66_1,0.50554185492398
414,190,170,66_1,7.17621002516087e-12
414,190,171,66_1,0.0152509259617118
414,190,172,66_1,3.03031466701288e-15
414,190,147,66_1,9.86123904429097e-16
414,190,148,66_1,0.0546828657085484
414,190,149,66_1,5.66689203585729e-11
414,190,150,66_1,0.0137859479272763
414,190,151,66_1,1.55755242081932e-12
414,190,152,66_1,4.32720606029046e-06
414,190,128,66_1,4.48220078898864e-14
414,190,129,66_1,0.00155099240318457
414,190,130,66_1,9.89463035858024e-13
414,190,131,66_1,2.53095662182674e-05
414,190,132,66_1,1.37270589963714e-16
414,190,109,66_1,3.71027025601851e-15
414,190,110,66_1,1.26630438368787e-07
414,190,111,66_1,2.34556308087903e-17
414,200,209,66_1,2.96083217118545e-14
414,200,210,66_1,8.06639633761631e-14
414,200,211,66_1,1.05611400382956e-06
414,200,188,66_1,0.00226290832824939
414,200,189,66_1,1.94633076825837e-11
414,200,190,66_1,0.339639187037659
414,200,191,66_1,5.47024874352161e-14
414,200,192,66_1,1.59733046949259e-05
414,200,167,66_1,2.32731414262476e-06
414,200,168,66_1,2.93953294642707e-12
414,200,169,66_1,0.552152300098943
414,200,170,66_1,4.28210118994709e-12
414,200,171,66_1,0.0126600751977513
414,200,172,66_1,1.37657084548498e-15
414,200,147,66_1,8.45050749939695e-16
414,200,148,66_1,0.076062139629021
414,200,149,66_1,4.11062734506703e-11
414,200,150,66_1,0.0150157025890052
414,200,151,66_1,9.86753581958813e-13
414,200,152,66_1,3.42347589720833e-06
414,200,128,66_1,3.63985891824926e-14
414,200,129,66_1,0.00215809325628844
414,200,130,66_1,6.91738188046187e-13
414,200,131,66_1,2.66387669775918e-05
414,200,132,66_1,7.27290171564391e-17
414,200,109,66_1,2.70690157554481e-15
414,200,110,66_1,1.7481768970021e-07
414,200,111,66_1,1.31983000505388e-17
414,210,209,66_1,1.78173194909348e-14
414,210,210,66_1,7.67308958723655e-15
414,210,211,66_1,5.02543847761921e-08
414,210,188,66_1,0.00258827780979585
414,210,189,66_1,8.15347236086221e-12
414,210,190,66_1,0.202576992378847
414,210,191,66_1,5.29746782020504e-15
414,210,192,66_1,7.74333531348449e-07
414,210,167,66_1,4.13013759286719e-06
414,210,168,66_1,2.15371334670812e-12
414,210,169,66_1,0.631193662783251
414,210,170,66_1,2.03532620517041e-12
414,210,171,66_1,0.00745108868191439
414,210,172,66_1,2.6543289165959e-16
414,210,147,66_1,9.16309767696576e-16
414,210,148,66_1,0.1352512121613
414,210,149,66_1,2.97647206958613e-11
414,210,150,66_1,0.0170742773383548
414,210,151,66_1,5.02087258510441e-13
414,210,152,66_1,1.70852296666994e-06
414,210,128,66_1,3.44782962334668e-14
414,210,129,66_1,0.00383006922144248
414,210,130,66_1,4.2113654441169e-13
414,210,131,66_1,2.74627853014844e-05
414,210,132,66_1,2.06850917532601e-17
414,210,109,66_1,1.81142181164466e-15
414,210,110,66_1,2.93548218191112e-07
414,210,111,66_1,4.05771086332238e-18
414,220,209,66_1,7.68956260227639e-16
414,220,210,66_1,1.76514785877412e-17
414,220,211,66_1,2.95509750984037e-25
414,220,188,66_1,0.0025403333587964
414,220,189,66_1,1.05734774706878e-12
414,220,190,66_1,0.00957371408033248
414,220,191,66_1,2.04655544412838e-17
414,220,192,66_1,6.54520359700879e-24
414,220,167,66_1,1.085797566189e-05
414,220,168,66_1,1.69206130727815e-12
414,220,169,66_1,0.611289471061646
414,220,170,66_1,3.60823684615318e-13
414,220,171,66_1,0.000426538552568407
414,220,172,66_1,9.59879607455502e-19
414,220,147,66_1,2.45994876399851e-15
414,220,148,66_1,0.350932850133017
414,220,149,66_1,1.88603646978334e-11
414,220,150,66_1,0.0156945620410396
414,220,151,66_1,1.37523943248447e-13
414,220,152,66_1,3.29665784835688e-07
414,220,128,66_1,7.12263908671259e-14
414,220,129,66_1,0.00952523083109228
414,220,130,66_1,1.39152076010077e-13
414,220,131,66_1,5.82082240085587e-06
414,220,132,66_1,2.73166500977218e-18
414,220,109,66_1,1.49811117221795e-15
414,220,110,66_1,2.91455337643205e-07
414,220,111,66_1,3.4595922096928e-18
414,230,167,38_1,0.000544282974112387
414,230,168,38_1,2.50484077419956e-13
414,230,169,38_1,0.0276954970412276
414,230,170,38_1,2.10089692723512e-15
414,230,146,38_1,2.12963119903808e-15
414,230,147,38_1,1.80777288686013e-12
414,230,148,38_1,0.84613518545959
414,230,149,38_1,5.99269121146259e-12
414,230,150,38_1,0.00323201738579037
414,230,151,38_1,1.3649104605917e-16
414,230,126,38_1,1.5931193780871e-16
414,230,127,38_1,0.117588045623169
414,230,128,38_1,9.54480421211868e-15
414,230,129,38_1,0.00200600757754576
414,230,130,38_1,6.87790385364301e-14
414,230,131,38_1,3.76298641801352e-07
414,230,106,38_1,5.58256865676191e-20
414,230,107,38_1,4.99965995815873e-15
414,230,108,38_1,0.00279419805912023
414,230,109,38_1,1.15942645360984e-13
414,230,110,38_1,4.01454166359856e-06
414,230,111,38_1,1.41635725949945e-17
414,230,87,38_1,6.19791393441145e-19
414,230,88,38_1,5.49183590958876e-17
414,230,89,38_1,3.75030885342518e-07
414,230,90,38_1,3.25206336780066e-17
414,240,167,38_1,0.000408601161467504
414,240,168,38_1,5.11456964021247e-14
414,240,169,38_1,0.00476642964656143
414,240,170,38_1,3.25674688666428e-16
414,240,146,38_1,6.57660185783694e-15
414,240,147,38_1,8.61078946870201e-13
414,240,148,38_1,0.629118011209102
414,240,149,38_1,1.60152137877151e-12
414,240,150,38_1,0.000545592921047775
414,240,151,38_1,2.74125465358293e-17
414,240,126,38_1,7.58535145405214e-15
414,240,127,38_1,0.355659209136771
414,240,128,38_1,3.7922961466007e-15
414,240,129,38_1,0.00142471932798641
414,240,130,38_1,2.1578246994281e-14
414,240,131,38_1,4.71416947235154e-08
414,240,106,38_1,1.21000887499881e-05
414,240,107,38_1,9.32666395838245e-14
414,240,108,38_1,0.00800225673125151
414,240,109,38_1,5.29706847120416e-14
414,240,110,38_1,1.01621760774851e-06
414,240,111,38_1,5.59200460863576e-18
414,240,87,38_1,6.170290808258e-05
414,240,88,38_1,1.24163856468383e-15
414,240,89,38_1,3.13506976661427e-07
414,240,90,38_1,5.90456940854073e-17
414,250,167,38_1,0.000351706486598582
414,250,168,38_1,1.49675617147683e-14
414,250,169,38_1,0.00306417702466413
414,250,170,38_1,8.74093750634334e-17
414,250,146,38_1,8.15022231626921e-15
414,250,147,38_1,3.08380793081785e-13
414,250,148,38_1,0.541077521459101
414,250,149,38_1,4.49879249971156e-13
414,250,150,38_1,0.00033744054454245
414,250,151,38_1,7.52759562131841e-18
414,250,126,38_1,4.43740379312167e-15
414,250,127,38_1,0.443576519746476
414,250,128,38_1,1.22880351093925e-15
414,250,129,38_1,0.00122124728622329
414,250,130,38_1,6.28159639685218e-15
414,250,131,38_1,1.03168050374045e-08
414,250,106,38_1,3.65967720849896e-05
414,250,107,38_1,6.60453365028638e-14
414,250,108,38_1,0.0101468896976385
414,250,109,38_1,1.78501017160599e-14
414,250,110,38_1,7.32781961903765e-07
414,250,111,38_1,2.13959845992155e-18
414,250,87,38_1,0.00018647186803068
414,250,88,38_1,7.77365845834346e-16
414,250,89,38_1,6.86014995127068e-07
414,250,90,38_1,2.58346904775458e-17
414,260,167,38_1,0.000331557072648033
414,260,168,38_1,4.53049362682035e-15
414,260,169,38_1,0.00260371074815224
414,260,170,38_1,2.49921810180254e-17
414,260,146,38_1,8.68361740531157e-15
414,260,147,38_1,1.04992464497242e-13
414,260,148,38_1,0.510719949379225
414,260,149,38_1,1.31190141621106e-13
414,260,150,38_1,0.000285628280869582
414,260,151,38_1,2.1656259029273e-18
414,260,126,38_1,1.90325987767699e-15
414,260,127,38_1,0.4737170010918
414,260,128,38_1,3.98586735696443e-16
414,260,129,38_1,0.00115652178338105
414,260,130,38_1,1.85866400838132e-15
414,260,131,38_1,7.08542225219771e-09
414,260,106,38_1,4.57334765687512e-05
414,260,107,38_1,3.16766450753097e-14
414,260,108,38_1,0.0109041261876645
414,260,109,38_1,5.75849937509837e-15
414,260,110,38_1,7.92267064244682e-07
414,260,111,38_1,7.1665036712176e-19
414,260,87,38_1,0.000234114511037447
414,260,88,38_1,3.42370107623825e-16
414,260,89,38_1,8.58115875256594e-07
414,260,90,38_1,9.10067019999236e-18
414,270,167,38_1,0.000324650644496614
414,270,168,38_1,1.44106193902657e-15
414,270,169,38_1,0.00244892692993631
414,270,170,38_1,7.65782097197811e-18
414,270,146,38_1,8.86541657802656e-15
414,270,147,38_1,3.69108212353517e-14
414,270,148,38_1,0.500344678620631
414,270,149,38_1,4.0302287130534e-14
414,270,150,38_1,0.000268388427949186
414,270,151,38_1,6.69372664381671e-19
414,270,126,38_1,7.72868122051673e-16
414,270,127,38_1,0.484013178451339
414,270,128,38_1,1.35182588282798e-16
414,270,129,38_1,0.00113462528622512
414,270,130,38_1,5.87343800197101e-16
414,270,131,38_1,6.29616042774677e-09
414,270,106,38_1,4.88710710348661e-05
414,270,107,38_1,1.36388594010506e-14
414,270,108,38_1,0.0111643897684588
414,270,109,38_1,1.93001543151226e-15
414,270,110,38_1,8.20365375332414e-07
414,270,111,38_1,2.62679936386273e-19
414,270,87,38_1,0.00025054367658171
414,270,88,38_1,1.3869869220869e-16
414,270,89,38_1,9.2046170683079e-07
414,270,90,38_1,3.41660380515596e-18
414,280,167,38_1,0.000322290787910343
414,280,168,38_1,5.22246496439348e-16
414,280,169,38_1,0.00239611040621411
414,280,170,38_1,2.70653096824464e-18
414,280,146,38_1,8.92749010618478e-15
414,280,147,38_1,1.49869346599626e-14
414,280,148,38_1,0.496800660219667
414,280,149,38_1,1.39584704995496e-14
414,280,150,38_1,0.000262510410543702
414,280,151,38_1,2.41510941046405e-19
414,280,126,38_1,3.45816621829799e-16
414,280,127,38_1,0.487530014207329
414,280,128,38_1,5.25730708609167e-17
414,280,129,38_1,0.00112715450743203
414,280,130,38_1,2.1790917948179e-16
414,280,131,38_1,6.03543043041975e-09
414,280,106,38_1,4.99431415477324e-05
414,280,107,38_1,6.23907065712427e-15
414,280,108,38_1,0.0112533773396183
414,280,109,38_1,7.43582481169917e-16
414,280,110,38_1,8.30282461588138e-07
414,280,111,38_1,1.24401466755332e-19
414,280,87,38_1,0.000256160702445919
414,280,88,38_1,6.01510812068874e-17
414,280,89,38_1,9.41959354362311e-07
414,280,90,38_1,1.63312387853051e-18
414,290,167,38_1,0.000321484698303785
414,290,168,38_1,2.57585598505197e-16
414,290,169,38_1,0.00237807098903784
414,290,170,38_1,1.30577081958496e-18
414,290,146,38_1,8.94869135476064e-15
414,290,147,38_1,8.36696295479597e-15
414,290,148,38_1,0.495590124107317
414,290,149,38_1,6.48462866575865e-15
414,290,150,38_1,0.000260502903955204
414,290,151,38_1,1.20215659249446e-19
414,290,126,38_1,2.05523656361826e-16
414,290,127,38_1,0.488731259009936
414,290,128,38_1,2.79575142875946e-17
414,290,129,38_1,0.00112460305442444
414,290,130,38_1,1.12258504758981e-16
414,290,131,38_1,5.94662218239244e-09
414,290,106,38_1,5.03093374536325e-05
414,290,107,38_1,3.71234564639828e-15
414,290,108,38_1,0.0112837774336052
414,290,109,38_1,3.93339727696246e-16
414,290,110,38_1,8.33682908773731e-07
414,290,111,38_1,8.3642903175896e-20
414,290,87,38_1,0.000258079523868187
414,290,88,38_1,3.44288629636224e-17
414,290,89,38_1,9.49312539085061e-07
414,290,90,38_1,1.10546230250158e-18
414,300,167,38_1,0.000321209360433557
414,300,168,38_1,2.15318802821214e-16
414,300,169,38_1,0.0023719092806193
414,300,170,38_1,1.05565306449466e-18
414,300,146,38_1,8.95593301614815e-15
414,300,147,38_1,7.45141978641197e-15
414,300,148,38_1,0.495176640439258
414,300,149,38_1,5.23897543597022e-15
414,300,150,38_1,0.000259817205094859
414,300,151,38_1,9.82590662236372e-20
414,300,126,38_1,1.91771358950264e-16
414,300,127,38_1,0.489141568759519
414,300,128,38_1,2.44902449586048e-17
414,300,129,38_1,0.00112373156804165
414,300,130,38_1,9.36701915387535e-17
414,300,131,38_1,5.9162955234243e-09
414,300,106,38_1,5.04344194089134e-05
414,300,107,38_1,3.52478948940317e-15
414,300,108,38_1,0.0112941614356205
414,300,109,38_1,3.43255629208404e-16
414,300,110,38_1,8.34844959206489e-07
414,300,111,38_1,7.65790500220991e-20
414,300,87,38_1,0.000258734946056453
414,300,88,38_1,3.27708336223466e-17
414,300,89,38_1,9.51824666778082e-07
414,300,90,38_1,1.0279265965642e-18
414,310,167,38_1,0.00032111531348458
414,310,168,38_1,3.24605406120412e-16
414,310,169,38_1,0.00236980463251613
414,310,170,38_1,1.53322332582562e-18
414,310,146,38_1,8.95840654037211e-15
414,310,147,38_1,1.09468119541098e-14
414,310,148,38_1,0.495035407221067
414,310,149,38_1,8.05829899375536e-15
414,310,150,38_1,0.000259582991784809
414,310,151,38_1,1.39057092093175e-19
414,310,126,38_1,2.95645710413763e-16
414,310,127,38_1,0.489281717852779
414,310,128,38_1,3.70481269170252e-17
414,310,129,38_1,0.0011234338959618
414,310,130,38_1,1.31814710657439e-16
414,310,131,38_1,5.90593714001226e-09
414,310,106,38_1,5.04771435360455e-05
414,310,107,38_1,5.68848870419914e-15
414,310,108,38_1,0.011297708299843
414,310,109,38_1,5.16521889130471e-16
414,310,110,38_1,8.35241904489529e-07
414,310,111,38_1,9.29640672490134e-20
414,310,87,38_1,0.000258958818395976
414,310,88,38_1,5.44329510662503e-17
414,310,89,38_1,9.5268275550139e-07
414,310,90,38_1,1.28220084708247e-18
414,320,167,38_1,0.00032108319125957
414,320,168,38_1,7.51146871984743e-16
414,320,169,38_1,0.00236908577908093
414,320,170,38_1,3.4721496031831e-18
414,320,146,38_1,8.95925138522901e-15
414,320,147,38_1,2.42206761382146e-14
414,320,148,38_1,0.494987168284203
414,320,149,38_1,1.9204438040909e-14
414,320,150,38_1,0.000259502995022581
414,320,151,38_1,3.05694143067158e-19
414,320,126,38_1,6.78734883904376e-16
414,320,127,38_1,0.489329586500542
414,320,128,38_1,8.48757446765994e-17
414,320,129,38_1,0.00112333222455347
414,320,130,38_1,2.85727095058526e-16
414,320,131,38_1,5.9023991908698e-09
414,320,106,38_1,5.04917361829767e-05
414,320,107,38_1,1.35771243817771e-14
414,320,108,38_1,0.0112989197501901
414,320,109,38_1,1.17793122681358e-15
414,320,110,38_1,8.35377484346969e-07
414,320,111,38_1,1.58688640185461e-19
414,320,87,38_1,0.000259035283171951
414,320,88,38_1,1.32465562938508e-16
414,320,89,38_1,9.52975841274905e-07
414,320,90,38_1,2.25755328013127e-18
414,330,167,38_1,0.00032107222356235
414,330,168,38_1,2.14589705669073e-15
414,330,169,38_1,0.00236884033634864
414,330,170,38_1,9.83958411908824e-18
414,330,146,38_1,8.95953984601231e-15
414,330,147,38_1,6.75836046223447e-14
414,330,148,38_1,0.494970697754937
414,330,149,38_1,5.56808608805913e-14
414,330,150,38_1,0.000259475681216004
414,330,151,38_1,8.53503440543109e-19
414,330,126,38_1,1.92901931548772e-15
414,330,127,38_1,0.4893459305995
414,330,128,38_1,2.4114583303309e-16
414,330,129,38_1,0.00112329751023481
414,330,130,38_1,7.91321846089753e-16
414,330,131,38_1,5.90119120673031e-09
414,330,106,38_1,5.04967186439006e-05
414,330,107,38_1,3.93091045189444e-14
414,330,108,38_1,0.0112993333834666
414,330,109,38_1,3.33907655124766e-15
414,330,110,38_1,8.35423776305214e-07
414,330,111,38_1,3.74922887890473e-19
414,330,87,38_1,0.000259061391031227
414,330,88,38_1,3.862020533316e-16
414,330,89,38_1,9.53075911484969e-07
414,330,90,38_1,5.44617292548204e-18
414,340,167,38_1,0.00032106848996113
414,340,168,38_1,6.63617361214414e-15
414,340,169,38_1,0.00236875678323602
414,340,170,38_1,3.03381681016518e-17
414,340,146,38_1,8.95963804323877e-15
414,340,147,38_1,2.07382290199862e-13
414,340,148,38_1,0.494965090890879
414,340,149,38_1,1.73074044719864e-13
414,340,150,38_1,0.000259466383106276
414,340,151,38_1,2.61751657874886e-18
414,340,126,38_1,5.96671277723427e-15
414,340,127,38_1,0.489351494424087
414,340,128,38_1,7.44966907949574e-16
414,340,129,38_1,0.00112328569285777
414,340,130,38_1,2.42013093398955e-15
414,340,131,38_1,5.90077998745926e-09
414,340,106,38_1,5.04984147630701e-05
414,340,107,38_1,1.22466648590157e-13
414,340,108,38_1,0.0112994741916632
414,340,109,38_1,1.03068699997889e-14
414,340,110,38_1,8.35439534941986e-07
414,340,111,38_1,1.0726503355018e-18
414,340,87,38_1,0.000259070278615676
414,340,88,38_1,1.20549512548751e-15
414,340,89,38_1,9.5310997719667e-07
414,340,90,38_1,1.57281082905733e-17
414,350,167,38_1,0.000321067251690516
414,350,168,38_1,2.10637579574722e-14
414,350,169,38_1,0.00236872907237318
414,350,170,38_1,9.61291653872153e-17
414,350,146,38_1,8.95967061089231e-15
414,350,147,38_1,6.57515001685349e-13
414,350,148,38_1,0.494963231342035
414,350,149,38_1,5.50043711823502e-13
414,350,150,38_1,0.000259463299336917
414,350,151,38_1,8.27975182046961e-18
414,350,126,38_1,1.90012518310864e-14
414,350,127,38_1,0.489353339697586
414,350,128,38_1,2.36740008913605e-15
414,350,129,38_1,0.00112328177355921
414,350,130,38_1,7.6529098055326e-15
414,350,131,38_1,5.90064360511832e-09
414,350,106,38_1,5.04989772906599e-05
414,350,107,38_1,3.91237866710552e-13
414,350,108,38_1,0.011299520891519
414,350,109,38_1,3.27487636603175e-14
414,350,110,38_1,8.35444761478697e-07
414,350,111,38_1,3.31859280151067e-18
414,350,87,38_1,0.000259073226235136
414,350,88,38_1,3.85295567140534e-15
414,350,89,38_1,9.5312127535483e-07
414,350,90,38_1,4.8851425887748e-17
414,360,167,38_1,0.000321066937109585
414,360,168,38_1,6.7382105842953e-14
414,360,169,38_1,0.00236872203255158
414,360,170,38_1,3.07017001950192e-16
414,360,146,38_1,8.95967888444292e-15
414,360,147,38_1,2.10659892189262e-12
414,360,148,38_1,0.494962758929439
414,360,149,38_1,1.75943100204133e-12
414,360,150,38_1,0.000259462515925241
414,360,151,38_1,2.64314552777831e-17
414,360,126,38_1,6.11084533881822e-14
414,360,127,38_1,0.489353808479765
414,360,128,38_1,7.59214726365226e-15
414,360,129,38_1,0.00112328077789985
414,360,130,38_1,2.44490905365915e-14
414,360,131,38_1,5.90060896528147e-09
414,360,106,38_1,5.0499120198656e-05
414,360,107,38_1,1.2609950172808e-12
414,360,108,38_1,0.0112995327557699
414,360,109,38_1,1.05050785414857e-13
414,360,110,38_1,8.35446090185308e-07
414,360,111,38_1,1.0547311723418e-17
414,360,87,38_1,0.000259073975081803
414,360,88,38_1,1.24210715001988e-14
414,360,89,38_1,9.53124146466209e-07
414,360,90,38_1,1.55617077047396e-16
414,370,167,38_1,0.000321067146913242
414,370,168,38_1,2.1593499840293e-13
414,370,169,38_1,0.00236872672879187
414,370,170,38_1,9.82139110705728e-16
414,370,146,38_1,8.9596733631071e-15
414,370,147,38_1,6.7703964650576e-12
414,370,148,38_1,0.494963074055582
414,370,149,38_1,5.6355439272555e-12
414,370,150,38_1,0.000259463038599149
414,370,151,38_1,8.45517975542233e-17
414,370,126,38_1,1.97254350479253e-13
414,370,127,38_1,0.4893534957525
414,370,128,38_1,2.44205447536983e-14
414,370,129,38_1,0.00112328144253294
414,370,130,38_1,7.83273122910776e-14
414,370,131,38_1,5.90063220444161e-09
414,370,106,38_1,5.04990248700096e-05
414,370,107,38_1,4.08031055612514e-12
414,370,108,38_1,0.0112995248488812
414,370,109,38_1,3.38156298588636e-13
414,370,110,38_1,8.35445220674778e-07
414,370,111,38_1,3.38284274267162e-17
414,370,87,38_1,0.000259073475837931
414,370,88,38_1,4.02076462675547e-14
414,370,89,38_1,9.53122248030613e-07
414,370,90,38_1,5.00180663331977e-16
414,380,167,38_1,0.000321068146722517
414,380,168,38_1,6.91684850381705e-13
414,380,169,38_1,0.00236874912443228
414,380,170,38_1,3.14000253063155e-15
414,380,146,38_1,8.95964700216281e-15
414,380,147,38_1,2.17723607218799e-11
414,380,148,38_1,0.494964576677474
414,380,149,38_1,1.80430957484143e-11
414,380,150,38_1,0.000259465531868516
414,380,151,38_1,2.70387984484013e-16
414,380,126,38_1,6.37891440028562e-13
414,380,127,38_1,0.48935200445566
414,380,128,38_1,7.86381398221917e-14
414,380,129,38_1,0.00112328461876878
414,380,130,38_1,2.51068737034926e-13
414,380,131,38_1,5.90074501718316e-09
414,380,106,38_1,5.04985703313449e-05
414,380,107,38_1,1.32393064276981e-11
414,380,108,38_1,0.0112994872635974
414,380,109,38_1,1.09070426910203e-12
414,380,110,38_1,8.35441327686343e-07
414,380,111,38_1,1.08932759208705e-16
414,380,87,38_1,0.000259071099670735
414,380,88,38_1,1.30583756195911e-13
414,380,89,38_1,9.53113452998538e-07
414,380,90,38_1,1.61488404476294e-15
414,390,167,38_1,0.000321071191440788
414,390,168,38_1,2.21191381420601e-12
414,390,169,38_1,0.00236881771436129
414,390,170,38_1,1.00225004509415e-14
414,390,146,38_1,8.95956556663629e-15
414,390,147,38_1,6.99749118423286e-11
414,390,148,38_1,0.494969173840041
414,390,149,38_1,5.76953968661657e-11
414,390,150,38_1,0.000259473186387785
414,390,151,38_1,8.6356572679044e-16
414,390,126,38_1,2.06538622012728e-12
414,390,127,38_1,0.489347438845834
414,390,128,38_1,2.53389314990631e-13
414,390,129,38_1,0.00112329450240105
414,390,130,38_1,8.04824724262777e-13
414,390,131,38_1,5.90113955305984e-09
414,390,106,38_1,5.04971801422668e-05
414,390,107,38_1,4.30795668993418e-11
414,390,108,38_1,0.0112993749979316
414,390,109,38_1,3.52638963033592e-12
414,390,110,38_1,8.35435395939712e-07
414,390,111,38_1,3.52138320760428e-16
414,390,87,38_1,0.000259063932304459
414,390,88,38_1,4.25809611065579e-13
414,390,89,38_1,9.53092556236592e-07
414,390,90,38_1,5.23881909979413e-15
414,400,167,38_1,0.000321079845175698
414,400,168,38_1,7.05248310696495e-12
414,400,169,38_1,0.00236902152669475
414,400,170,38_1,3.19049964164284e-14
414,400,146,38_1,8.95930941036192e-15
414,400,147,38_1,2.24529632510387e-10
414,400,148,38_1,0.494982696871291
414,400,149,38_1,1.84134896388886e-10
414,400,150,38_1,0.000259496386529696
414,400,151,38_1,2.75268502306614e-15
414,400,126,38_1,6.69300430951241e-12
414,400,127,38_1,0.489333942528114
414,400,128,38_1,8.17027864084833e-13
414,400,129,38_1,0.00112332715737402
414,400,130,38_1,2.58156680474331e-12
414,400,131,38_1,5.90347798583851e-09
414,400,106,38_1,5.04931029185232e-05
414,400,107,38_1,1.406560849243e-10
414,400,108,38_1,0.0112991023687611
414,400,109,38_1,1.14499924409056e-11
414,400,110,38_1,8.35547833217043e-07
414,400,111,38_1,1.14668937356331e-15
414,400,87,38_1,0.00025904502365975
414,400,88,38_1,1.39668906847919e-12
414,400,89,38_1,9.53158797020575e-07
414,400,90,38_1,1.71457600006025e-14
414,410,167,38_1,0.000321098609537736
414,410,168,38_1,2.237412854344e-11
414,410,169,38_1,0.00236968359485134
414,410,170,38_1,1.01071001331327e-13
414,410,146,38_1,8.95821562775596e-15
414,410,147,38_1,7.18365232811942e-10
414,410,148,38_1,0.495022176015101
414,410,149,38_1,5.85932361465527e-10
414,410,150,38_1,0.000259584267158259
414,410,151,38_1,8.74804553625209e-15
414,410,126,38_1,2.16920997300949e-11
414,410,127,38_1,0.489293124681558
414,410,128,38_1,2.63731718282596e-12
414,410,129,38_1,0.00112350074401432
414,410,130,38_1,8.30309957232481e-12
414,410,131,38_1,5.94172659382357e-09
414,410,106,38_1,5.04815920967047e-05
414,410,107,38_1,4.61076043948525e-10
414,410,108,38_1,0.0112995119863913
414,410,109,38_1,3.7509287202388e-11
414,410,110,38_1,8.38776052544952e-07
414,410,111,38_1,3.79988752254016e-15
414,410,87,38_1,0.00025903587094782
414,410,88,38_1,4.62445951454641e-12
414,410,89,38_1,9.56057870062204e-07
414,410,90,38_1,5.7242189126553e-14
414,420,167,38_1,0.000321011214648434
414,420,168,38_1,7.03623842840501e-11
414,420,169,38_1,0.00237403167494677
414,420,170,38_1,3.1657230301108e-13
414,420,146,38_1,8.94812598741127e-15
414,420,147,38_1,2.28934152298422e-09
414,420,148,38_1,0.495132139563855
414,420,149,38_1,1.85425639978776e-09
414,420,150,38_1,0.000260527649142249
414,420,151,38_1,2.76758704339852e-14
414,420,126,38_1,7.02200780190117e-11
414,420,127,38_1,0.489148428355343
414,420,128,38_1,8.53071991271345e-12
414,420,129,38_1,0.00112577002167095
414,420,130,38_1,2.69500509230411e-11
414,420,131,38_1,7.06067131454751e-09
414,420,106,38_1,5.04649422748043e-05
414,420,107,38_1,1.51666970943779e-09
414,420,108,38_1,0.011325665035305
414,420,109,38_1,1.25380362026948e-10
414,420,110,38_1,9.18207833290227e-07
414,420,111,38_1,1.32193054364338e-14
414,420,87,38_1,0.000260007759139001
414,420,88,38_1,1.55610945090454e-11
414,420,89,38_1,1.02253733094096e-06
414,420,90,38_1,2.00910681919378e-13
414,430,167,38_1,0.00031841332133507
414,430,168,38_1,2.19067920564702e-10
414,430,169,38_1,0.00248364500193108
414,430,170,38_1,9.70481474970284e-13
414,430,146,38_1,8.80498450217223e-15
414,430,147,38_1,7.2860544061326e-09
414,430,148,38_1,0.495213014332645
414,430,149,38_1,5.78622111923676e-09
414,430,150,38_1,0.000290167888358049
414,430,151,38_1,9.00873769084988e-14
414,430,126,38_1,2.28154303433784e-10
414,430,127,38_1,0.48828191444028
414,430,128,38_1,2.75175872293623e-11
414,430,129,38_1,0.00117370129240117
414,430,130,38_1,9.09311714566254e-11
414,430,131,38_1,5.18425372193936e-08
414,430,106,38_1,5.12774376614757e-05
414,430,107,38_1,4.97888372198905e-09
414,430,108,38_1,0.0118945707334075
414,430,109,38_1,4.38849027706905e-10
414,430,110,38_1,3.17406646237054e-06
414,430,111,38_1,5.6570921999371e-14
414,430,87,38_1,0.000287488359259592
414,430,88,38_1,5.44659349932492e-11
414,430,89,38_1,2.56217161347091e-06
414,430,90,38_1,8.36221210616525e-13
414,440,167,38_1,0.00063470852783239
414,440,168,38_1,9.77059431857216e-10
414,440,169,38_1,0.00681459579167038
414,440,170,38_1,7.35987821787731e-12
414,440,146,38_1,1.78675491290448e-14
414,440,147,38_1,2.32787880876133e-08
414,440,148,38_1,0.485392087961202
414,440,149,38_1,1.70469170877885e-08
414,440,150,38_1,0.00147118497627364
414,440,151,38_1,1.13368408411368e-12
414,440,126,38_1,1.04928171008996e-09
414,440,127,38_1,0.480626826065185
414,440,128,38_1,6.80238039710117e-11
414,440,129,38_1,0.00214478107511897
414,440,130,38_1,4.09912371443361e-10
414,440,131,38_1,3.22965256106651e-06
414,440,106,38_1,0.000147918423266225
414,440,107,38_1,1.57526301841879e-08
414,440,108,38_1,0.0212032020441573
414,440,109,38_1,1.60558226996149e-09
414,440,110,38_1,8.79189370007793e-05
414,440,111,38_1,9.98384813725632e-13
414,440,87,38_1,0.00141413977807915
414,440,88,38_1,2.75797678062426e-10
414,440,89,38_1,5.93462845803726e-05
414,440,90,38_1,9.56993905556708e-12
